{"type":"FeatureCollection","name":"hawaii ahupuaʻa (State of Hawaiʻi GIS, HistoricCultural/1, SHPD-corrected)","features":[{"type":"Feature","properties":{"ahupuaa":"Kou","moku":"Kohala"},"geometry":{"type":"Polygon","coordinates":[[[-155.8396,20.1986],[-155.8402,20.2009],[-155.869,20.1996],[-155.9042,20.1949],[-155.9029,20.1917],[-155.8723,20.1968],[-155.852,20.1976],[-155.8396,20.1986]]]}},{"type":"Feature","properties":{"ahupuaa":"Honokāne","moku":"Kohala"},"geometry":{"type":"Polygon","coordinates":[[[-155.7161,20.1925],[-155.7166,20.1926],[-155.7164,20.1959],[-155.7168,20.197],[-155.7178,20.1964],[-155.7189,20.1966],[-155.7218,20.198],[-155.7249,20.2009],[-155.7285,20.2014],[-155.7282,20.1987],[-155.7289,20.1954],[-155.7284,20.1928],[-155.7292,20.1908],[-155.7295,20.1868],[-155.7294,20.185],[-155.7284,20.1831],[-155.7292,20.182],[-155.7306,20.1813],[-155.7303,20.1795],[-155.7287,20.1762],[-155.7285,20.1732],[-155.7287,20.1719],[-155.7301,20.1699],[-155.7305,20.1618],[-155.7313,20.16],[-155.7342,20.1564],[-155.7368,20.1496],[-155.7392,20.1475],[-155.7408,20.1452],[-155.7421,20.1417],[-155.7417,20.1405],[-155.7426,20.1393],[-155.7448,20.1314],[-155.7446,20.1278],[-155.7479,20.1239],[-155.749,20.1218],[-155.7481,20.1196],[-155.7358,20.1144],[-155.7321,20.1142],[-155.7305,20.1118],[-155.7297,20.1117],[-155.7293,20.1107],[-155.728,20.1102],[-155.7232,20.1102],[-155.7214,20.1114],[-155.7198,20.1114],[-155.7182,20.1141],[-155.7153,20.1457],[-155.7163,20.1484],[-155.718,20.1497],[-155.7179,20.1512],[-155.7167,20.1527],[-155.7164,20.1542],[-155.7169,20.1545],[-155.7165,20.1552],[-155.7172,20.1564],[-155.7168,20.1568],[-155.7176,20.158],[-155.7173,20.1589],[-155.7181,20.1597],[-155.7174,20.1636],[-155.7178,20.1656],[-155.7184,20.1663],[-155.7178,20.1671],[-155.7182,20.1685],[-155.7176,20.1694],[-155.7179,20.1721],[-155.716,20.1761],[-155.7166,20.1772],[-155.7164,20.1793],[-155.7169,20.1795],[-155.7172,20.1813],[-155.7167,20.1829],[-155.7186,20.1848],[-155.7179,20.1859],[-155.7181,20.187],[-155.7173,20.1886],[-155.7173,20.1902],[-155.7161,20.1925]]]}},{"type":"Feature","properties":{"ahupuaa":"Kapuʻa","moku":"Kohala"},"geometry":{"type":"Polygon","coordinates":[[[-155.8105,20.2568],[-155.8111,20.257],[-155.8122,20.2588],[-155.8134,20.258],[-155.8138,20.2583],[-155.8146,20.2579],[-155.8151,20.2499],[-155.8159,20.25],[-155.8165,20.2424],[-155.8186,20.2343],[-155.8164,20.2338],[-155.8145,20.2388],[-155.8144,20.242],[-155.8135,20.2462],[-155.8108,20.2505],[-155.8105,20.2568]]]}},{"type":"Feature","properties":{"ahupuaa":"Kapaʻanui","moku":"Kohala"},"geometry":{"type":"Polygon","coordinates":[[[-155.8402,20.2009],[-155.8411,20.2042],[-155.855,20.2017],[-155.8715,20.2026],[-155.903,20.202],[-155.9026,20.2011],[-155.9032,20.1997],[-155.9028,20.1991],[-155.9031,20.198],[-155.9042,20.1975],[-155.904,20.1963],[-155.9044,20.1957],[-155.9042,20.1949],[-155.8983,20.1955],[-155.8723,20.1994],[-155.8402,20.2009]]]}},{"type":"Feature","properties":{"ahupuaa":"Hāʻena","moku":"Kohala"},"geometry":{"type":"Polygon","coordinates":[[[-155.8524,20.2077],[-155.8636,20.208],[-155.8715,20.2093],[-155.8881,20.211],[-155.9006,20.2106],[-155.9016,20.2104],[-155.9017,20.2093],[-155.8756,20.2082],[-155.8643,20.2066],[-155.8557,20.206],[-155.8554,20.2043],[-155.8517,20.2044],[-155.8524,20.2077]]]}},{"type":"Feature","properties":{"ahupuaa":"Kauhiula","moku":"Hilo"},"geometry":{"type":"Polygon","coordinates":[[[-155.0907,19.75],[-155.0949,19.7504],[-155.0963,19.7499],[-155.0975,19.7505],[-155.1001,19.75],[-155.103,19.7483],[-155.1079,19.7471],[-155.1048,19.7465],[-155.0955,19.7462],[-155.0905,19.7475],[-155.0912,19.7487],[-155.0907,19.75]]]}},{"type":"Feature","properties":{"ahupuaa":"Puʻuʻeo","moku":"Hilo"},"geometry":{"type":"Polygon","coordinates":[[[-155.0889,19.7329],[-155.0908,19.7328],[-155.0912,19.732],[-155.0925,19.7324],[-155.0931,19.7318],[-155.0982,19.7328],[-155.099,19.7321],[-155.1001,19.7327],[-155.1021,19.7312],[-155.1046,19.7327],[-155.1064,19.731],[-155.1076,19.7311],[-155.1083,19.7317],[-155.11,19.7316],[-155.1111,19.7322],[-155.112,19.7318],[-155.118,19.7347],[-155.121,19.734],[-155.1219,19.7346],[-155.1241,19.7347],[-155.125,19.7355],[-155.1255,19.7351],[-155.1261,19.7363],[-155.1269,19.7362],[-155.1275,19.7371],[-155.1285,19.7365],[-155.13,19.7365],[-155.1319,19.7373],[-155.1325,19.7385],[-155.1335,19.7387],[-155.1341,19.7394],[-155.1357,19.7421],[-155.137,19.7427],[-155.1372,19.7436],[-155.1378,19.7431],[-155.1399,19.7447],[-155.1425,19.7445],[-155.1434,19.7452],[-155.1433,19.7445],[-155.1447,19.7439],[-155.1456,19.7445],[-155.146,19.7437],[-155.1476,19.7434],[-155.1489,19.7449],[-155.1529,19.7467],[-155.1535,19.7475],[-155.1556,19.7466],[-155.1586,19.7471],[-155.1637,19.7494],[-155.166,19.7514],[-155.1681,19.7516],[-155.1718,19.7534],[-155.1757,19.7529],[-155.1804,19.7539],[-155.183,19.7558],[-155.1856,19.7559],[-155.1885,19.7535],[-155.1879,19.7529],[-155.1861,19.7531],[-155.1816,19.7515],[-155.1816,19.7502],[-155.1796,19.7498],[-155.1783,19.7485],[-155.1777,19.7469],[-155.1763,19.7468],[-155.1747,19.7454],[-155.1721,19.7457],[-155.1707,19.7453],[-155.1703,19.7447],[-155.1663,19.7441],[-155.1645,19.7422],[-155.1624,19.7417],[-155.16,19.7418],[-155.1594,19.7408],[-155.1581,19.7407],[-155.1581,19.7399],[-155.1567,19.7387],[-155.1547,19.7386],[-155.1544,19.7373],[-155.1518,19.7344],[-155.1513,19.7323],[-155.1495,19.7316],[-155.1467,19.7295],[-155.1453,19.7268],[-155.1432,19.7261],[-155.1434,19.725],[-155.1419,19.7246],[-155.14,19.7231],[-155.1375,19.7238],[-155.1341,19.7228],[-155.129,19.7234],[-155.1273,19.7225],[-155.1261,19.7231],[-155.1242,19.7223],[-155.1218,19.7227],[-155.1209,19.7223],[-155.1207,19.7215],[-155.1195,19.7214],[-155.1186,19.7203],[-155.1165,19.7195],[-155.1147,19.7201],[-155.1097,19.7196],[-155.1087,19.7198],[-155.1073,19.7212],[-155.1031,19.7201],[-155.0995,19.7222],[-155.0971,19.725],[-155.0939,19.7258],[-155.0916,19.7258],[-155.0873,19.7283],[-155.0882,19.7321],[-155.0889,19.7329]]]}},{"type":"Feature","properties":{"ahupuaa":"Kalalau","moku":"Hilo"},"geometry":{"type":"Polygon","coordinates":[[[-155.1299,19.744],[-155.1344,19.7455],[-155.1369,19.7458],[-155.1397,19.7473],[-155.1472,19.7498],[-155.1626,19.7515],[-155.1819,19.757],[-155.1856,19.7559],[-155.183,19.7558],[-155.1804,19.7539],[-155.1772,19.7531],[-155.1737,19.7529],[-155.1718,19.7534],[-155.1681,19.7516],[-155.166,19.7514],[-155.1637,19.7494],[-155.1586,19.7471],[-155.1556,19.7466],[-155.1535,19.7475],[-155.1529,19.7467],[-155.1489,19.7449],[-155.1476,19.7434],[-155.146,19.7437],[-155.1456,19.7445],[-155.1447,19.7439],[-155.1433,19.7445],[-155.1434,19.7452],[-155.1425,19.7445],[-155.1399,19.7447],[-155.1378,19.7431],[-155.1372,19.7436],[-155.137,19.7427],[-155.1357,19.7421],[-155.1341,19.7394],[-155.1335,19.7387],[-155.1325,19.7385],[-155.1319,19.7373],[-155.13,19.7365],[-155.1285,19.7365],[-155.1275,19.7371],[-155.1269,19.7362],[-155.1261,19.7363],[-155.1255,19.7351],[-155.125,19.7355],[-155.1241,19.7347],[-155.1219,19.7346],[-155.121,19.734],[-155.118,19.7347],[-155.112,19.7318],[-155.1111,19.7322],[-155.11,19.7316],[-155.1083,19.7317],[-155.1076,19.7311],[-155.1064,19.731],[-155.1046,19.7327],[-155.1021,19.7312],[-155.1001,19.7327],[-155.099,19.7321],[-155.0982,19.7328],[-155.0931,19.7318],[-155.0925,19.7324],[-155.0912,19.732],[-155.0908,19.7328],[-155.0889,19.7329],[-155.0904,19.7342],[-155.0926,19.7338],[-155.0939,19.7351],[-155.0947,19.7351],[-155.0949,19.7358],[-155.0959,19.7358],[-155.0963,19.7364],[-155.0989,19.7365],[-155.0994,19.7361],[-155.1008,19.7384],[-155.103,19.7382],[-155.1034,19.7391],[-155.1045,19.7391],[-155.106,19.7402],[-155.107,19.7403],[-155.1088,19.7426],[-155.1098,19.7429],[-155.114,19.7434],[-155.115,19.7431],[-155.1203,19.7451],[-155.1257,19.7451],[-155.1299,19.744]]]}},{"type":"Feature","properties":{"ahupuaa":"ʻAlae","moku":"Hilo"},"geometry":{"type":"Polygon","coordinates":[[[-155.0921,19.7563],[-155.0937,19.7561],[-155.0943,19.7554],[-155.0954,19.7552],[-155.0979,19.7526],[-155.0986,19.753],[-155.1027,19.7509],[-155.104,19.7511],[-155.1051,19.7492],[-155.1072,19.748],[-155.1092,19.7477],[-155.1101,19.748],[-155.1109,19.7473],[-155.1121,19.7483],[-155.1165,19.7503],[-155.1189,19.7497],[-155.119,19.7501],[-155.1199,19.7502],[-155.123,19.7491],[-155.1238,19.7479],[-155.1251,19.7479],[-155.1256,19.7467],[-155.1263,19.7463],[-155.1283,19.746],[-155.1299,19.7463],[-155.1304,19.7469],[-155.1313,19.7465],[-155.1337,19.748],[-155.1379,19.7475],[-155.1391,19.7483],[-155.141,19.7507],[-155.1422,19.7509],[-155.1432,19.7505],[-155.1449,19.751],[-155.1468,19.7523],[-155.1471,19.7532],[-155.15,19.7525],[-155.1513,19.7535],[-155.1522,19.7534],[-155.1531,19.7525],[-155.1546,19.7542],[-155.1556,19.7534],[-155.1556,19.7523],[-155.1579,19.7514],[-155.1594,19.7521],[-155.16,19.7537],[-155.1613,19.7534],[-155.1625,19.7548],[-155.1639,19.7541],[-155.1661,19.7559],[-155.1698,19.757],[-155.1712,19.7567],[-155.1729,19.758],[-155.1736,19.7577],[-155.175,19.7585],[-155.1794,19.7592],[-155.1832,19.7613],[-155.1847,19.7613],[-155.1856,19.7619],[-155.1901,19.7621],[-155.1953,19.7606],[-155.2021,19.7609],[-155.2016,19.758],[-155.2008,19.7574],[-155.1977,19.7569],[-155.1954,19.7555],[-155.1943,19.7554],[-155.1926,19.7544],[-155.1915,19.7531],[-155.1885,19.7535],[-155.1856,19.7559],[-155.1819,19.757],[-155.1626,19.7515],[-155.1472,19.7498],[-155.1397,19.7473],[-155.1369,19.7458],[-155.1344,19.7455],[-155.1299,19.744],[-155.1271,19.7453],[-155.1224,19.7466],[-155.1163,19.7464],[-155.1149,19.7473],[-155.1115,19.7468],[-155.106,19.7474],[-155.103,19.7483],[-155.1001,19.75],[-155.0975,19.7505],[-155.0963,19.7499],[-155.0949,19.7504],[-155.0907,19.75],[-155.0908,19.751],[-155.0899,19.7523],[-155.0908,19.7554],[-155.0921,19.7563]]]}},{"type":"Feature","properties":{"ahupuaa":"Kīkala","moku":"Hilo"},"geometry":{"type":"Polygon","coordinates":[[[-155.0949,19.7575],[-155.096,19.7583],[-155.0963,19.7596],[-155.0997,19.7611],[-155.1013,19.7611],[-155.1025,19.7626],[-155.1053,19.7627],[-155.1058,19.7635],[-155.1071,19.7641],[-155.1094,19.7643],[-155.1109,19.7637],[-155.1143,19.7644],[-155.115,19.7633],[-155.1174,19.7627],[-155.121,19.7633],[-155.1225,19.7631],[-155.1229,19.7624],[-155.1237,19.7633],[-155.1281,19.7644],[-155.1331,19.763],[-155.1348,19.7635],[-155.137,19.7631],[-155.1391,19.761],[-155.1419,19.7609],[-155.1431,19.7598],[-155.1441,19.7604],[-155.1476,19.7604],[-155.1498,19.7615],[-155.1519,19.7639],[-155.1543,19.765],[-155.1551,19.764],[-155.1562,19.7643],[-155.1572,19.7639],[-155.1605,19.7654],[-155.1625,19.7646],[-155.1633,19.7652],[-155.1645,19.7647],[-155.1659,19.7651],[-155.1667,19.7646],[-155.1682,19.7654],[-155.1697,19.7653],[-155.1703,19.7645],[-155.1761,19.7664],[-155.1777,19.7661],[-155.1796,19.767],[-155.1826,19.7672],[-155.1859,19.7662],[-155.1866,19.7669],[-155.1883,19.7677],[-155.1883,19.7673],[-155.1865,19.7666],[-155.1854,19.7656],[-155.1829,19.7653],[-155.1792,19.7657],[-155.1731,19.7638],[-155.1722,19.7629],[-155.1698,19.7621],[-155.1654,19.7633],[-155.1634,19.7631],[-155.1563,19.7618],[-155.154,19.7604],[-155.1429,19.7585],[-155.1383,19.7589],[-155.1339,19.76],[-155.1329,19.759],[-155.1316,19.7591],[-155.1303,19.7583],[-155.1258,19.7574],[-155.1257,19.7582],[-155.1244,19.7589],[-155.1237,19.7585],[-155.1228,19.7587],[-155.1223,19.7581],[-155.1201,19.7595],[-155.1199,19.759],[-155.1186,19.7593],[-155.1182,19.7586],[-155.1151,19.7573],[-155.1136,19.7581],[-155.1116,19.7574],[-155.107,19.7595],[-155.1044,19.7593],[-155.1034,19.7582],[-155.1007,19.7588],[-155.098,19.7578],[-155.0973,19.7581],[-155.0959,19.7571],[-155.0949,19.7575]]]}},{"type":"Feature","properties":{"ahupuaa":"Kaiwiki, Maumau","moku":"Hilo"},"geometry":{"type":"Polygon","coordinates":[[[-155.1883,19.7677],[-155.1908,19.7676],[-155.1917,19.7668],[-155.1929,19.7673],[-155.1951,19.7656],[-155.1977,19.7662],[-155.1997,19.7653],[-155.2013,19.7657],[-155.2018,19.7664],[-155.2031,19.766],[-155.205,19.7671],[-155.2044,19.761],[-155.1953,19.7606],[-155.1901,19.7621],[-155.1861,19.762],[-155.1847,19.7613],[-155.1832,19.7613],[-155.1794,19.7592],[-155.175,19.7585],[-155.1736,19.7577],[-155.1729,19.758],[-155.1712,19.7567],[-155.1698,19.757],[-155.1661,19.7559],[-155.1639,19.7541],[-155.1625,19.7548],[-155.1613,19.7534],[-155.16,19.7537],[-155.1594,19.7521],[-155.1579,19.7514],[-155.1556,19.7523],[-155.1556,19.7534],[-155.1546,19.7542],[-155.1531,19.7525],[-155.1522,19.7534],[-155.1513,19.7535],[-155.15,19.7525],[-155.1471,19.7532],[-155.1468,19.7523],[-155.1449,19.751],[-155.1432,19.7505],[-155.1422,19.7509],[-155.141,19.7507],[-155.1391,19.7483],[-155.1379,19.7475],[-155.1337,19.748],[-155.1313,19.7465],[-155.1304,19.7469],[-155.1299,19.7463],[-155.1283,19.746],[-155.1263,19.7463],[-155.1256,19.7467],[-155.1251,19.7479],[-155.1238,19.7479],[-155.123,19.7491],[-155.1199,19.7502],[-155.119,19.7501],[-155.1189,19.7497],[-155.1165,19.7503],[-155.1121,19.7483],[-155.1109,19.7473],[-155.1101,19.748],[-155.1092,19.7477],[-155.1072,19.748],[-155.1051,19.7492],[-155.104,19.7511],[-155.1027,19.7509],[-155.0986,19.753],[-155.0979,19.7526],[-155.0954,19.7552],[-155.0943,19.7554],[-155.0937,19.7561],[-155.0921,19.7563],[-155.0949,19.7575],[-155.0959,19.7571],[-155.0973,19.7581],[-155.098,19.7578],[-155.1007,19.7588],[-155.1034,19.7582],[-155.1044,19.7593],[-155.107,19.7595],[-155.1116,19.7574],[-155.1136,19.7581],[-155.1151,19.7573],[-155.1182,19.7586],[-155.1186,19.7593],[-155.1199,19.759],[-155.1201,19.7595],[-155.1223,19.7581],[-155.1228,19.7587],[-155.1237,19.7585],[-155.1244,19.7589],[-155.1257,19.7582],[-155.1258,19.7574],[-155.1303,19.7583],[-155.1316,19.7591],[-155.1329,19.759],[-155.1339,19.76],[-155.1383,19.7589],[-155.1429,19.7585],[-155.154,19.7604],[-155.1563,19.7618],[-155.1634,19.7631],[-155.1654,19.7633],[-155.1698,19.7621],[-155.1722,19.7629],[-155.1731,19.7638],[-155.1792,19.7657],[-155.1829,19.7653],[-155.1854,19.7656],[-155.1865,19.7666],[-155.1883,19.7673],[-155.1883,19.7677]]]}},{"type":"Feature","properties":{"ahupuaa":"Piʻihonua","moku":"Hilo"},"geometry":{"type":"Polygon","coordinates":[[[-155.205,19.7671],[-155.3121,19.7751],[-155.3158,19.7763],[-155.3206,19.7767],[-155.3216,19.7778],[-155.3277,19.7809],[-155.3294,19.7805],[-155.3436,19.7811],[-155.3411,19.7742],[-155.3891,19.7274],[-155.3969,19.6906],[-155.3902,19.6847],[-155.3467,19.671],[-155.2552,19.6687],[-155.261,19.6874],[-155.1374,19.7099],[-155.126,19.7138],[-155.117,19.7143],[-155.1094,19.7136],[-155.1003,19.7164],[-155.086,19.7265],[-155.0864,19.728],[-155.0868,19.7278],[-155.0873,19.7283],[-155.0916,19.7258],[-155.0939,19.7258],[-155.0971,19.725],[-155.0995,19.7222],[-155.1009,19.7217],[-155.1025,19.7203],[-155.1036,19.7201],[-155.1073,19.7212],[-155.1087,19.7198],[-155.111,19.7195],[-155.1132,19.7201],[-155.1165,19.7195],[-155.1186,19.7203],[-155.1195,19.7214],[-155.1207,19.7215],[-155.1209,19.7223],[-155.1218,19.7227],[-155.1242,19.7223],[-155.1261,19.7231],[-155.1273,19.7225],[-155.129,19.7234],[-155.1341,19.7228],[-155.1375,19.7238],[-155.1403,19.7232],[-155.1419,19.7246],[-155.1434,19.725],[-155.1432,19.7261],[-155.1453,19.7268],[-155.1467,19.7295],[-155.1495,19.7316],[-155.1513,19.7323],[-155.1518,19.7344],[-155.1544,19.7373],[-155.1547,19.7386],[-155.1567,19.7387],[-155.1581,19.7399],[-155.1581,19.7407],[-155.1594,19.7408],[-155.16,19.7418],[-155.1624,19.7417],[-155.1645,19.7422],[-155.1663,19.7441],[-155.1703,19.7447],[-155.1711,19.7455],[-155.1747,19.7454],[-155.1763,19.7468],[-155.1777,19.7469],[-155.1783,19.7485],[-155.1796,19.7498],[-155.1816,19.7502],[-155.1816,19.7515],[-155.1861,19.7531],[-155.1879,19.7529],[-155.1882,19.7535],[-155.1915,19.7531],[-155.1926,19.7544],[-155.1943,19.7554],[-155.1954,19.7555],[-155.1977,19.7569],[-155.2008,19.7574],[-155.2016,19.758],[-155.2021,19.7609],[-155.2044,19.761],[-155.205,19.7671]]]}},{"type":"Feature","properties":{"ahupuaa":"Kapaʻa","moku":"Kohala"},"geometry":{"type":"Polygon","coordinates":[[[-155.8417,20.2089],[-155.8506,20.2111],[-155.8523,20.211],[-155.8524,20.2077],[-155.8517,20.2044],[-155.8554,20.2043],[-155.8552,20.2033],[-155.8594,20.2031],[-155.8707,20.2044],[-155.8812,20.2039],[-155.9017,20.2059],[-155.902,20.203],[-155.903,20.202],[-155.8715,20.2026],[-155.855,20.2017],[-155.8411,20.2042],[-155.8417,20.2089]]]}},{"type":"Feature","properties":{"ahupuaa":"Kaʻohe 4","moku":"Kona"},"geometry":{"type":"Polygon","coordinates":[[[-155.7925,19.3127],[-155.86,19.3134],[-155.8671,19.3145],[-155.8746,19.3163],[-155.8814,19.3157],[-155.8877,19.3135],[-155.8876,19.3126],[-155.8882,19.3125],[-155.878,19.3136],[-155.8724,19.3137],[-155.8604,19.3105],[-155.7954,19.3076],[-155.7925,19.3127]]]}},{"type":"Feature","properties":{"ahupuaa":"Kaukulau, Ki (b)","moku":"Puna"},"geometry":{"type":"Polygon","coordinates":[[[-154.8489,19.4497],[-154.8551,19.4524],[-154.8567,19.4526],[-154.8576,19.4549],[-154.8592,19.4558],[-154.86,19.4571],[-154.8619,19.4584],[-154.8645,19.4574],[-154.8657,19.4575],[-154.8673,19.4585],[-154.8683,19.4584],[-154.8699,19.4561],[-154.8705,19.457],[-154.8716,19.4571],[-154.8715,19.4566],[-154.8731,19.4589],[-154.8761,19.4584],[-154.8792,19.4604],[-154.8796,19.4587],[-154.877,19.4568],[-154.8698,19.4535],[-154.8554,19.4445],[-154.8548,19.4455],[-154.854,19.4457],[-154.8489,19.4497]]]}},{"type":"Feature","properties":{"ahupuaa":"Halepuaʻa, Kanekiki","moku":"Puna"},"geometry":{"type":"Polygon","coordinates":[[[-154.8273,19.535],[-154.8331,19.5351],[-154.8351,19.5357],[-154.8379,19.5375],[-154.8386,19.5388],[-154.8403,19.5395],[-154.843,19.5366],[-154.8493,19.5333],[-154.8876,19.5202],[-154.9024,19.5163],[-154.8887,19.5176],[-154.8866,19.5184],[-154.8845,19.5182],[-154.8767,19.5191],[-154.8729,19.5187],[-154.8657,19.5207],[-154.8631,19.5201],[-154.8614,19.5191],[-154.8541,19.5186],[-154.8517,19.5176],[-154.8449,19.5189],[-154.8384,19.5228],[-154.8362,19.525],[-154.8366,19.5257],[-154.8294,19.5312],[-154.8273,19.535]]]}},{"type":"Feature","properties":{"ahupuaa":"Punahoa 1","moku":"Hilo"},"geometry":{"type":"Polygon","coordinates":[[[-155.0964,19.7162],[-155.0971,19.7166],[-155.1065,19.712],[-155.1078,19.7119],[-155.112,19.7099],[-155.1217,19.7104],[-155.1413,19.7018],[-155.1736,19.6915],[-155.1709,19.6907],[-155.1693,19.6908],[-155.1688,19.6899],[-155.1673,19.6899],[-155.1628,19.6916],[-155.1566,19.6927],[-155.1549,19.6935],[-155.151,19.6932],[-155.1489,19.6938],[-155.1478,19.6932],[-155.1463,19.6934],[-155.1452,19.6945],[-155.1428,19.6953],[-155.1411,19.6949],[-155.14,19.6953],[-155.1383,19.6981],[-155.1374,19.6983],[-155.1365,19.7],[-155.1212,19.7029],[-155.11,19.708],[-155.0964,19.7162]]]}},{"type":"Feature","properties":{"ahupuaa":"Puʻuepa","moku":"Kohala"},"geometry":{"type":"Polygon","coordinates":[[[-155.8455,20.2225],[-155.8523,20.2374],[-155.8527,20.2415],[-155.8602,20.2512],[-155.8722,20.2621],[-155.8731,20.2628],[-155.8762,20.262],[-155.8776,20.2612],[-155.8781,20.26],[-155.8798,20.2598],[-155.8801,20.2585],[-155.8835,20.2564],[-155.8727,20.2488],[-155.8631,20.2434],[-155.8593,20.2404],[-155.8569,20.2345],[-155.8552,20.235],[-155.8574,20.2397],[-155.8542,20.24],[-155.8522,20.2316],[-155.8472,20.2225],[-155.8455,20.2225]]]}},{"type":"Feature","properties":{"ahupuaa":"Kūkūau 1","moku":"Hilo"},"geometry":{"type":"Polygon","coordinates":[[[-155.0793,19.7234],[-155.0805,19.7237],[-155.0809,19.7221],[-155.0823,19.7202],[-155.0821,19.7197],[-155.0829,19.7193],[-155.0834,19.7199],[-155.0847,19.7191],[-155.0839,19.7192],[-155.0836,19.7188],[-155.085,19.7186],[-155.0859,19.7175],[-155.0857,19.7171],[-155.0864,19.7169],[-155.0883,19.7144],[-155.0921,19.7113],[-155.0948,19.7082],[-155.0975,19.7072],[-155.0989,19.7056],[-155.1015,19.7043],[-155.1044,19.7017],[-155.1082,19.6997],[-155.1081,19.6981],[-155.1113,19.6936],[-155.1131,19.6923],[-155.1143,19.6899],[-155.1168,19.6866],[-155.1276,19.6783],[-155.1276,19.6773],[-155.1288,19.678],[-155.1328,19.6759],[-155.1953,19.6518],[-155.2695,19.663],[-155.2687,19.6599],[-155.1924,19.6402],[-155.1308,19.6672],[-155.1246,19.6688],[-155.116,19.6741],[-155.1149,19.6772],[-155.1151,19.6785],[-155.1097,19.6857],[-155.1092,19.6884],[-155.1071,19.6902],[-155.1021,19.6982],[-155.0991,19.7044],[-155.0952,19.7055],[-155.093,19.7068],[-155.0891,19.7111],[-155.088,19.7135],[-155.0857,19.7136],[-155.0858,19.7142],[-155.0825,19.718],[-155.0819,19.7194],[-155.0814,19.7191],[-155.0807,19.7198],[-155.0807,19.7208],[-155.0798,19.7218],[-155.0793,19.7234]]]}},{"type":"Feature","properties":{"ahupuaa":"Kaūmana","moku":"Hilo"},"geometry":{"type":"Polygon","coordinates":[[[-155.1404,19.6835],[-155.1382,19.6861],[-155.1373,19.6881],[-155.1356,19.6892],[-155.1319,19.6896],[-155.1315,19.6903],[-155.1278,19.6909],[-155.1225,19.6932],[-155.1227,19.694],[-155.1305,19.6928],[-155.1329,19.6912],[-155.1368,19.6915],[-155.1414,19.6895],[-155.1477,19.6886],[-155.1496,19.6896],[-155.1508,19.6879],[-155.1569,19.6861],[-155.1625,19.6864],[-155.1672,19.6833],[-155.1712,19.6839],[-155.1711,19.6819],[-155.1673,19.6795],[-155.1777,19.6813],[-155.184,19.6774],[-155.1898,19.68],[-155.1994,19.6743],[-155.2125,19.6684],[-155.2194,19.6693],[-155.2174,19.6774],[-155.2451,19.6685],[-155.2544,19.6661],[-155.2552,19.6687],[-155.2633,19.6689],[-155.2634,19.6676],[-155.2544,19.666],[-155.2492,19.6659],[-155.1968,19.6676],[-155.1923,19.664],[-155.1904,19.6634],[-155.1881,19.6649],[-155.1858,19.6651],[-155.1836,19.6681],[-155.1758,19.6702],[-155.1739,19.6702],[-155.1719,19.6694],[-155.1664,19.6722],[-155.1597,19.6733],[-155.157,19.6754],[-155.1549,19.6757],[-155.1534,19.6771],[-155.1459,19.6796],[-155.1404,19.6835]]]}},{"type":"Feature","properties":{"ahupuaa":"Kīʻao","moku":"Kaʻū"},"geometry":{"type":"Polygon","coordinates":[[[-155.7086,19.0157],[-155.6836,19.0233],[-155.6801,19.0259],[-155.6798,19.0282],[-155.6803,19.0356],[-155.6796,19.0379],[-155.6798,19.0452],[-155.6806,19.0465],[-155.6895,19.0447],[-155.7,19.0466],[-155.7064,19.0462],[-155.7087,19.0453],[-155.707,19.0378],[-155.7059,19.0354],[-155.7066,19.0235],[-155.7086,19.0157]]]}},{"type":"Feature","properties":{"ahupuaa":"Kūkūau 2","moku":"Hilo"},"geometry":{"type":"Polygon","coordinates":[[[-155.0805,19.7237],[-155.0828,19.7242],[-155.0835,19.7219],[-155.0844,19.7217],[-155.085,19.7204],[-155.0865,19.7193],[-155.087,19.7171],[-155.0899,19.7155],[-155.0906,19.714],[-155.0918,19.7142],[-155.0925,19.7128],[-155.0961,19.7108],[-155.0999,19.7055],[-155.1022,19.7044],[-155.1029,19.7048],[-155.1066,19.7037],[-155.1102,19.6988],[-155.1107,19.696],[-155.1116,19.6954],[-155.1116,19.6943],[-155.1124,19.6943],[-155.1133,19.6924],[-155.1158,19.6932],[-155.1179,19.6917],[-155.1218,19.6899],[-155.1234,19.6888],[-155.1237,19.6881],[-155.1257,19.6878],[-155.1264,19.6866],[-155.1298,19.6871],[-155.1307,19.6856],[-155.1314,19.6854],[-155.1348,19.682],[-155.1363,19.6818],[-155.1392,19.6839],[-155.1395,19.6846],[-155.1404,19.6835],[-155.1459,19.6796],[-155.1534,19.6771],[-155.1549,19.6757],[-155.157,19.6754],[-155.1597,19.6733],[-155.1611,19.6728],[-155.1664,19.6722],[-155.1719,19.6694],[-155.1739,19.6702],[-155.1758,19.6702],[-155.1836,19.6681],[-155.1858,19.6651],[-155.1881,19.6649],[-155.1904,19.6634],[-155.1923,19.664],[-155.1968,19.6676],[-155.2492,19.6659],[-155.2544,19.666],[-155.2634,19.6676],[-155.2695,19.663],[-155.1953,19.6518],[-155.1328,19.6759],[-155.1288,19.678],[-155.1276,19.6773],[-155.1276,19.6783],[-155.1168,19.6866],[-155.1143,19.6899],[-155.1131,19.6923],[-155.1113,19.6936],[-155.1081,19.6981],[-155.1082,19.6997],[-155.1044,19.7017],[-155.1015,19.7043],[-155.0989,19.7056],[-155.0975,19.7072],[-155.0948,19.7082],[-155.0921,19.7113],[-155.0883,19.7144],[-155.0864,19.7169],[-155.0857,19.7171],[-155.0859,19.7175],[-155.085,19.7186],[-155.0836,19.7188],[-155.0839,19.7192],[-155.0847,19.7191],[-155.0834,19.7199],[-155.0829,19.7193],[-155.0821,19.7197],[-155.0823,19.7202],[-155.0809,19.7221],[-155.0805,19.7237]]]}},{"type":"Feature","properties":{"ahupuaa":"Mokuhonua, Halepuna","moku":"Hilo"},"geometry":{"type":"Polygon","coordinates":[[[-155.0995,19.7454],[-155.1079,19.7471],[-155.1104,19.7469],[-155.1091,19.7462],[-155.1054,19.7458],[-155.1021,19.7434],[-155.1004,19.7431],[-155.0988,19.7419],[-155.0989,19.7407],[-155.0969,19.7397],[-155.0943,19.74],[-155.0934,19.7392],[-155.0903,19.7385],[-155.0906,19.7404],[-155.0897,19.7424],[-155.0901,19.7454],[-155.0926,19.7449],[-155.0995,19.7454]]]}},{"type":"Feature","properties":{"ahupuaa":"Palauhulu 1-2","moku":"Kaʻū"},"geometry":{"type":"Polygon","coordinates":[[[-155.6243,19.0155],[-155.6236,19.0181],[-155.6293,19.0272],[-155.6429,19.0436],[-155.65,19.0513],[-155.648,19.0484],[-155.6469,19.0428],[-155.6447,19.0406],[-155.6402,19.0338],[-155.6243,19.0155]]]}},{"type":"Feature","properties":{"ahupuaa":"Kamāʻoa, Puʻuʻeo, Ke","moku":"Kaʻū"},"geometry":{"type":"Polygon","coordinates":[[[-155.6686,19.0475],[-155.6692,19.0512],[-155.6686,19.0512],[-155.6683,19.0579],[-155.6729,19.0572],[-155.6736,19.0542],[-155.6713,19.0461],[-155.6699,19.0341],[-155.6669,19.0276],[-155.6685,19.027],[-155.6679,19.0208],[-155.6689,19.0131],[-155.6678,19.0099],[-155.6671,19.0038],[-155.6704,18.9999],[-155.675,18.975],[-155.6771,18.9711],[-155.6787,18.9658],[-155.6851,18.9517],[-155.6828,18.9333],[-155.6824,18.9262],[-155.6829,18.9232],[-155.6837,18.9222],[-155.6845,18.9185],[-155.6832,18.9167],[-155.6828,18.9135],[-155.6822,18.9125],[-155.6825,18.9119],[-155.6808,18.9107],[-155.6799,18.9113],[-155.6777,18.9108],[-155.6767,18.9123],[-155.6756,18.9118],[-155.673,18.9123],[-155.6725,18.9137],[-155.6694,18.9158],[-155.6689,18.9169],[-155.6681,18.9156],[-155.6678,18.9169],[-155.6665,18.9164],[-155.6663,18.9169],[-155.6644,18.9167],[-155.6637,18.9173],[-155.6639,18.9194],[-155.6631,18.9202],[-155.6621,18.9204],[-155.6616,18.9197],[-155.6602,18.9201],[-155.6599,18.9209],[-155.6587,18.9211],[-155.6581,18.9207],[-155.6569,18.921],[-155.6564,18.9217],[-155.6555,18.9217],[-155.6555,18.9224],[-155.6547,18.9224],[-155.6544,18.9229],[-155.6543,18.9248],[-155.6512,18.9257],[-155.6505,18.9264],[-155.6505,18.9271],[-155.6495,18.9272],[-155.6498,18.9276],[-155.6492,18.9278],[-155.6492,18.9289],[-155.6478,18.9294],[-155.647,18.9309],[-155.6471,18.932],[-155.6459,18.9329],[-155.6458,18.9342],[-155.6465,18.9351],[-155.6465,18.936],[-155.6459,18.9362],[-155.6453,18.9355],[-155.6453,18.9362],[-155.643,18.9349],[-155.6424,18.9353],[-155.6417,18.9351],[-155.6409,18.9361],[-155.6383,18.9361],[-155.6356,18.9384],[-155.635,18.9396],[-155.6332,18.9409],[-155.6334,18.9418],[-155.6323,18.9426],[-155.6323,18.9445],[-155.6317,18.946],[-155.6309,18.9464],[-155.6307,18.9472],[-155.6298,18.9469],[-155.6296,18.9476],[-155.6272,18.9482],[-155.6276,18.9494],[-155.6267,18.9505],[-155.6271,18.9512],[-155.626,18.9515],[-155.6263,18.9528],[-155.6252,18.9533],[-155.6255,18.9537],[-155.625,18.9551],[-155.624,18.9553],[-155.6223,18.957],[-155.6236,18.9606],[-155.6234,18.9614],[-155.6225,18.9647],[-155.6188,18.9705],[-155.6206,18.9737],[-155.6179,18.9848],[-155.6257,18.9926],[-155.6267,18.9928],[-155.6443,19.0183],[-155.6488,19.0241],[-155.6533,19.0332],[-155.6554,19.0359],[-155.656,19.0378],[-155.6572,19.0371],[-155.6565,19.0355],[-155.6594,19.0345],[-155.6613,19.0468],[-155.6686,19.0475]]]}},{"type":"Feature","properties":{"ahupuaa":"Ponahawai","moku":"Hilo"},"geometry":{"type":"Polygon","coordinates":[[[-155.0828,19.7242],[-155.0848,19.7252],[-155.0887,19.723],[-155.0954,19.7183],[-155.0948,19.7172],[-155.0951,19.7163],[-155.0958,19.7159],[-155.0964,19.7162],[-155.11,19.708],[-155.1145,19.7059],[-155.1219,19.7027],[-155.1365,19.7],[-155.1374,19.6983],[-155.1383,19.6981],[-155.1402,19.6952],[-155.1413,19.6949],[-155.1428,19.6953],[-155.1452,19.6945],[-155.1463,19.6934],[-155.1478,19.6932],[-155.1489,19.6938],[-155.151,19.6932],[-155.1549,19.6935],[-155.1566,19.6927],[-155.1628,19.6916],[-155.1673,19.6899],[-155.1688,19.6899],[-155.1693,19.6908],[-155.1709,19.6907],[-155.1736,19.6915],[-155.2174,19.6774],[-155.2194,19.6693],[-155.2125,19.6684],[-155.1994,19.6743],[-155.1898,19.68],[-155.184,19.6774],[-155.1777,19.6813],[-155.1673,19.6795],[-155.1711,19.6819],[-155.1712,19.6839],[-155.1672,19.6833],[-155.1625,19.6864],[-155.1569,19.6861],[-155.1508,19.6879],[-155.1496,19.6896],[-155.1477,19.6886],[-155.1414,19.6895],[-155.1368,19.6915],[-155.1329,19.6912],[-155.1305,19.6928],[-155.1227,19.694],[-155.1225,19.6932],[-155.1278,19.6909],[-155.1315,19.6903],[-155.1319,19.6896],[-155.1356,19.6892],[-155.1373,19.6881],[-155.1382,19.6861],[-155.1395,19.6846],[-155.1392,19.6839],[-155.1363,19.6818],[-155.1348,19.682],[-155.1314,19.6854],[-155.1307,19.6856],[-155.1298,19.6871],[-155.1264,19.6866],[-155.1257,19.6878],[-155.1237,19.6881],[-155.1234,19.6888],[-155.1218,19.6899],[-155.1179,19.6917],[-155.1158,19.6932],[-155.1133,19.6924],[-155.1128,19.6928],[-155.1124,19.6943],[-155.1116,19.6943],[-155.1116,19.6954],[-155.1107,19.696],[-155.1102,19.6988],[-155.1066,19.7037],[-155.1029,19.7048],[-155.1022,19.7044],[-155.0999,19.7055],[-155.0961,19.7108],[-155.0925,19.7128],[-155.0918,19.7142],[-155.0906,19.714],[-155.0899,19.7155],[-155.087,19.7171],[-155.0865,19.7193],[-155.085,19.7204],[-155.0844,19.7217],[-155.0835,19.7219],[-155.0828,19.7242]]]}},{"type":"Feature","properties":{"ahupuaa":"Punahoa 2","moku":"Hilo"},"geometry":{"type":"Polygon","coordinates":[[[-155.0848,19.7252],[-155.086,19.7265],[-155.1003,19.7164],[-155.1094,19.7136],[-155.117,19.7143],[-155.126,19.7138],[-155.1374,19.7099],[-155.261,19.6874],[-155.2544,19.6661],[-155.2451,19.6685],[-155.1413,19.7018],[-155.1217,19.7104],[-155.112,19.7099],[-155.1078,19.7119],[-155.1065,19.712],[-155.0971,19.7166],[-155.0958,19.7159],[-155.0948,19.7167],[-155.0954,19.7183],[-155.0848,19.7252]]]}},{"type":"Feature","properties":{"ahupuaa":"Waiākea","moku":"Hilo"},"geometry":{"type":"Polygon","coordinates":[[[-154.9905,19.7165],[-154.991,19.7168],[-154.9908,19.7177],[-154.9918,19.7183],[-154.9924,19.7197],[-154.9921,19.7204],[-154.9927,19.7207],[-154.9926,19.7231],[-154.9941,19.7242],[-154.9945,19.7257],[-154.9949,19.7254],[-154.995,19.726],[-154.9961,19.7261],[-154.996,19.7274],[-154.9975,19.728],[-154.9979,19.7293],[-155.0006,19.7315],[-155.0004,19.7325],[-155.0009,19.7341],[-155.0014,19.734],[-155.0013,19.7346],[-155.0021,19.7348],[-155.0028,19.7359],[-155.0034,19.7358],[-155.0035,19.7363],[-155.0058,19.7363],[-155.0061,19.7356],[-155.0095,19.735],[-155.0105,19.7354],[-155.0104,19.736],[-155.0112,19.7365],[-155.011,19.7369],[-155.0115,19.7365],[-155.0112,19.7371],[-155.0128,19.737],[-155.0127,19.7374],[-155.0137,19.7376],[-155.0135,19.7363],[-155.0141,19.7349],[-155.0137,19.7349],[-155.0138,19.7345],[-155.0156,19.7348],[-155.0176,19.734],[-155.0176,19.7333],[-155.0181,19.733],[-155.0188,19.7333],[-155.0205,19.7323],[-155.0223,19.7322],[-155.0213,19.7324],[-155.023,19.7341],[-155.0236,19.7337],[-155.0242,19.7351],[-155.0261,19.7357],[-155.0273,19.7352],[-155.0272,19.7344],[-155.0283,19.7337],[-155.028,19.7332],[-155.0298,19.7341],[-155.03,19.735],[-155.0307,19.7343],[-155.0316,19.7342],[-155.0318,19.7351],[-155.0312,19.7351],[-155.0314,19.7356],[-155.0307,19.7365],[-155.0316,19.7366],[-155.0319,19.7381],[-155.0326,19.7367],[-155.0335,19.7374],[-155.0341,19.7371],[-155.0343,19.7379],[-155.0351,19.7385],[-155.0355,19.7378],[-155.0375,19.7376],[-155.0381,19.7382],[-155.039,19.7381],[-155.039,19.7388],[-155.0396,19.7384],[-155.0402,19.7391],[-155.0404,19.738],[-155.0398,19.7382],[-155.0401,19.7377],[-155.0412,19.7378],[-155.0419,19.7385],[-155.0421,19.7378],[-155.043,19.7375],[-155.0425,19.7367],[-155.0426,19.7344],[-155.0433,19.7348],[-155.0442,19.7345],[-155.0445,19.735],[-155.0443,19.7337],[-155.0461,19.7326],[-155.0456,19.7322],[-155.0454,19.7327],[-155.0452,19.7319],[-155.0457,19.7321],[-155.0467,19.7315],[-155.0479,19.7323],[-155.0503,19.7321],[-155.0543,19.7345],[-155.0604,19.7409],[-155.0633,19.743],[-155.0669,19.7438],[-155.0752,19.7428],[-155.067,19.7437],[-155.0633,19.7429],[-155.0603,19.7407],[-155.0545,19.7345],[-155.0514,19.7322],[-155.0519,19.7313],[-155.0533,19.7313],[-155.0533,19.733],[-155.0543,19.7336],[-155.0543,19.73],[-155.0566,19.7305],[-155.0553,19.7292],[-155.0597,19.7275],[-155.0598,19.7266],[-155.0606,19.7263],[-155.0609,19.7256],[-155.0619,19.7255],[-155.0625,19.7247],[-155.0617,19.7245],[-155.0621,19.7237],[-155.0627,19.7244],[-155.0628,19.7255],[-155.0625,19.7266],[-155.0621,19.7265],[-155.0623,19.7279],[-155.063,19.7282],[-155.0637,19.7298],[-155.0651,19.7304],[-155.0669,19.7291],[-155.0673,19.7281],[-155.068,19.7286],[-155.068,19.7278],[-155.0692,19.7277],[-155.0701,19.7261],[-155.0708,19.7262],[-155.0714,19.7257],[-155.0707,19.7239],[-155.0712,19.7235],[-155.0759,19.723],[-155.0793,19.7234],[-155.0798,19.7218],[-155.0807,19.7208],[-155.0807,19.7198],[-155.0814,19.7191],[-155.0819,19.7194],[-155.0825,19.718],[-155.0858,19.7142],[-155.0857,19.7136],[-155.088,19.7135],[-155.0891,19.7111],[-155.093,19.7068],[-155.0952,19.7055],[-155.0991,19.7044],[-155.1021,19.6982],[-155.1071,19.6902],[-155.1092,19.6884],[-155.1097,19.6857],[-155.1151,19.6785],[-155.1149,19.6772],[-155.116,19.6741],[-155.121,19.6708],[-155.1246,19.6688],[-155.1308,19.6672],[-155.1924,19.6402],[-155.2687,19.6599],[-155.2695,19.663],[-155.2634,19.6676],[-155.2633,19.6689],[-155.3467,19.671],[-155.3902,19.6847],[-155.34,19.557],[-155.299,19.5205],[-155.136,19.5984],[-155.128,19.59],[-155.0495,19.6463],[-154.9905,19.7165]]]}},{"type":"Feature","properties":{"ahupuaa":"Wainaku","moku":"Hilo"},"geometry":{"type":"Polygon","coordinates":[[[-155.1104,19.7469],[-155.1149,19.7473],[-155.1163,19.7464],[-155.1224,19.7466],[-155.1271,19.7453],[-155.1299,19.744],[-155.1257,19.7451],[-155.1203,19.7451],[-155.115,19.7431],[-155.114,19.7434],[-155.1098,19.7429],[-155.1088,19.7426],[-155.107,19.7403],[-155.106,19.7402],[-155.1045,19.7391],[-155.1034,19.7391],[-155.103,19.7382],[-155.1008,19.7384],[-155.0994,19.7361],[-155.0989,19.7365],[-155.0963,19.7364],[-155.0959,19.7358],[-155.0949,19.7358],[-155.0947,19.7351],[-155.0939,19.7351],[-155.0926,19.7338],[-155.0904,19.7342],[-155.0908,19.7362],[-155.0895,19.7382],[-155.0917,19.7391],[-155.0934,19.7392],[-155.0943,19.74],[-155.0969,19.7397],[-155.0989,19.7407],[-155.0988,19.7419],[-155.1004,19.7431],[-155.1021,19.7434],[-155.1054,19.7458],[-155.1091,19.7462],[-155.1104,19.7469]]]}},{"type":"Feature","properties":{"ahupuaa":"Pāpaʻa","moku":"Hilo"},"geometry":{"type":"Polygon","coordinates":[[[-155.0901,19.7454],[-155.0899,19.746],[-155.0905,19.7475],[-155.0955,19.7462],[-155.1048,19.7465],[-155.0995,19.7454],[-155.0926,19.7449],[-155.0901,19.7454]]]}},{"type":"Feature","properties":{"ahupuaa":"Pueopaku","moku":"Hilo"},"geometry":{"type":"Polygon","coordinates":[[[-155.0873,19.7772],[-155.0917,19.7786],[-155.0924,19.7776],[-155.0947,19.7773],[-155.0962,19.7781],[-155.0989,19.7771],[-155.1002,19.7778],[-155.1014,19.7778],[-155.1017,19.7783],[-155.1041,19.7777],[-155.1063,19.7781],[-155.1075,19.7777],[-155.117,19.7785],[-155.137,19.776],[-155.1361,19.775],[-155.1356,19.7754],[-155.1338,19.7747],[-155.1317,19.7759],[-155.1307,19.7753],[-155.1299,19.7754],[-155.1294,19.7761],[-155.1261,19.7754],[-155.1191,19.7764],[-155.1178,19.776],[-155.116,19.7769],[-155.1143,19.7755],[-155.1132,19.7762],[-155.109,19.777],[-155.1087,19.7754],[-155.1066,19.7757],[-155.1065,19.7749],[-155.1056,19.7751],[-155.1041,19.7734],[-155.1018,19.7731],[-155.1016,19.7719],[-155.1009,19.7717],[-155.0983,19.7733],[-155.0966,19.773],[-155.0959,19.7746],[-155.0947,19.7742],[-155.0933,19.7749],[-155.0912,19.7738],[-155.09,19.7747],[-155.0896,19.7732],[-155.0885,19.7734],[-155.0873,19.7752],[-155.0873,19.7772]]]}},{"type":"Feature","properties":{"ahupuaa":"Pāhoehoe","moku":"Hilo"},"geometry":{"type":"Polygon","coordinates":[[[-155.137,19.776],[-155.1789,19.7843],[-155.1736,19.7819],[-155.1645,19.7745],[-155.1571,19.7738],[-155.1505,19.7699],[-155.1457,19.769],[-155.1361,19.7707],[-155.1301,19.7709],[-155.1095,19.7675],[-155.0953,19.7705],[-155.0922,19.7707],[-155.0903,19.769],[-155.0897,19.7694],[-155.0893,19.7708],[-155.09,19.7747],[-155.0912,19.7738],[-155.0933,19.7749],[-155.0947,19.7742],[-155.0959,19.7746],[-155.0966,19.773],[-155.0983,19.7733],[-155.1009,19.7717],[-155.1016,19.7719],[-155.1018,19.7731],[-155.1041,19.7734],[-155.1056,19.7751],[-155.1065,19.7749],[-155.1066,19.7757],[-155.1087,19.7754],[-155.109,19.777],[-155.1132,19.7762],[-155.1143,19.7755],[-155.116,19.7769],[-155.1178,19.776],[-155.1191,19.7764],[-155.1261,19.7754],[-155.1294,19.7761],[-155.1299,19.7754],[-155.1307,19.7753],[-155.1317,19.7759],[-155.1338,19.7747],[-155.1356,19.7754],[-155.1361,19.775],[-155.137,19.776]]]}},{"type":"Feature","properties":{"ahupuaa":"Paukaʻa","moku":"Hilo"},"geometry":{"type":"Polygon","coordinates":[[[-155.1789,19.7843],[-155.2511,19.7855],[-155.3024,19.7856],[-155.3384,19.7864],[-155.3436,19.7811],[-155.3294,19.7805],[-155.3277,19.7809],[-155.3216,19.7778],[-155.3206,19.7767],[-155.3158,19.7763],[-155.3121,19.7751],[-155.205,19.7671],[-155.2031,19.766],[-155.2018,19.7664],[-155.2013,19.7657],[-155.1997,19.7653],[-155.1977,19.7662],[-155.1951,19.7656],[-155.1932,19.7672],[-155.1917,19.7668],[-155.1908,19.7676],[-155.1888,19.7678],[-155.1859,19.7662],[-155.1826,19.7672],[-155.1796,19.767],[-155.1777,19.7661],[-155.1761,19.7664],[-155.1703,19.7645],[-155.1697,19.7653],[-155.1682,19.7654],[-155.1667,19.7646],[-155.1659,19.7651],[-155.1645,19.7647],[-155.1633,19.7652],[-155.1625,19.7646],[-155.1605,19.7654],[-155.1572,19.7639],[-155.1562,19.7643],[-155.1551,19.764],[-155.1543,19.765],[-155.1519,19.7639],[-155.1498,19.7615],[-155.1476,19.7604],[-155.1441,19.7604],[-155.1431,19.7598],[-155.1419,19.7609],[-155.1391,19.761],[-155.1373,19.763],[-155.1356,19.7635],[-155.1331,19.763],[-155.1272,19.7644],[-155.1254,19.7635],[-155.1237,19.7633],[-155.1229,19.7624],[-155.1225,19.7631],[-155.121,19.7633],[-155.1174,19.7627],[-155.115,19.7633],[-155.1143,19.7644],[-155.1109,19.7637],[-155.1092,19.7643],[-155.1068,19.764],[-155.1043,19.7624],[-155.1025,19.7626],[-155.1013,19.7611],[-155.0997,19.7611],[-155.0963,19.7596],[-155.096,19.7583],[-155.0949,19.7575],[-155.0906,19.7567],[-155.0901,19.757],[-155.0905,19.7583],[-155.0901,19.7587],[-155.0901,19.7603],[-155.0894,19.7608],[-155.0897,19.7612],[-155.0892,19.7627],[-155.0885,19.7627],[-155.0885,19.7633],[-155.0894,19.7638],[-155.0886,19.7655],[-155.0907,19.7679],[-155.0904,19.7691],[-155.0922,19.7707],[-155.0953,19.7705],[-155.1095,19.7675],[-155.1301,19.7709],[-155.1361,19.7707],[-155.1457,19.769],[-155.1501,19.7698],[-155.1571,19.7738],[-155.1645,19.7745],[-155.1736,19.7819],[-155.1789,19.7843]]]}},{"type":"Feature","properties":{"ahupuaa":"Kaʻapoko","moku":"Hilo"},"geometry":{"type":"Polygon","coordinates":[[[-155.0902,19.7905],[-155.0912,19.7913],[-155.0922,19.7914],[-155.0927,19.7905],[-155.094,19.79],[-155.0958,19.7905],[-155.1,19.7901],[-155.1026,19.791],[-155.1033,19.7907],[-155.1036,19.7911],[-155.1057,19.79],[-155.109,19.7897],[-155.1114,19.7876],[-155.1126,19.7878],[-155.1141,19.787],[-155.1163,19.7868],[-155.1102,19.7859],[-155.1078,19.7874],[-155.1022,19.7878],[-155.0979,19.7893],[-155.0943,19.788],[-155.091,19.7904],[-155.0903,19.7901],[-155.0902,19.7905]]]}},{"type":"Feature","properties":{"ahupuaa":"Paihaʻaloa","moku":"Hilo"},"geometry":{"type":"Polygon","coordinates":[[[-155.1028,19.7936],[-155.1053,19.7933],[-155.1055,19.7925],[-155.1069,19.7924],[-155.1078,19.7916],[-155.1118,19.7909],[-155.1145,19.7911],[-155.1151,19.7908],[-155.1165,19.7884],[-155.1209,19.7877],[-155.1163,19.7868],[-155.1141,19.787],[-155.1126,19.7878],[-155.1114,19.7876],[-155.109,19.7897],[-155.1057,19.79],[-155.1036,19.7911],[-155.1033,19.7907],[-155.1026,19.791],[-155.1,19.7901],[-155.0958,19.7905],[-155.094,19.79],[-155.0927,19.7905],[-155.0922,19.7914],[-155.0912,19.7913],[-155.0902,19.7905],[-155.0895,19.7916],[-155.0898,19.7926],[-155.0907,19.7926],[-155.0912,19.7932],[-155.0928,19.7925],[-155.0942,19.7935],[-155.0957,19.7928],[-155.0967,19.793],[-155.0971,19.7922],[-155.1028,19.7936]]]}},{"type":"Feature","properties":{"ahupuaa":"Waiakahiula, Kaʻohe","moku":"Puna"},"geometry":{"type":"Polygon","coordinates":[[[-154.8841,19.5573],[-154.8874,19.56],[-154.8877,19.561],[-154.8883,19.5609],[-154.8891,19.5622],[-154.89,19.5623],[-154.8923,19.5638],[-154.896,19.5608],[-154.8991,19.5575],[-154.8997,19.555],[-154.914,19.5438],[-154.9219,19.5342],[-154.923,19.5293],[-154.9301,19.5173],[-154.9166,19.5282],[-154.9038,19.537],[-154.8979,19.5424],[-154.8963,19.5457],[-154.896,19.5474],[-154.8947,19.5489],[-154.8937,19.5499],[-154.8904,19.5515],[-154.8841,19.5573]]]}},{"type":"Feature","properties":{"ahupuaa":"Kaʻieʻie","moku":"Hilo"},"geometry":{"type":"Polygon","coordinates":[[[-155.0901,19.7948],[-155.093,19.7961],[-155.0938,19.7957],[-155.094,19.795],[-155.0976,19.7945],[-155.0984,19.7935],[-155.0997,19.7947],[-155.1087,19.7943],[-155.1122,19.7946],[-155.114,19.7943],[-155.1161,19.7927],[-155.117,19.7933],[-155.1174,19.7927],[-155.119,19.7929],[-155.1209,19.7938],[-155.1248,19.7928],[-155.1257,19.794],[-155.1266,19.7943],[-155.1294,19.7938],[-155.132,19.7947],[-155.1335,19.7946],[-155.1341,19.7959],[-155.1354,19.7962],[-155.136,19.7958],[-155.1385,19.7959],[-155.1405,19.7952],[-155.1414,19.7956],[-155.1426,19.7941],[-155.1297,19.7881],[-155.1194,19.7877],[-155.1165,19.7884],[-155.1151,19.7908],[-155.1145,19.7911],[-155.1118,19.7909],[-155.1078,19.7916],[-155.1069,19.7924],[-155.1055,19.7925],[-155.1055,19.7932],[-155.1039,19.7936],[-155.1019,19.7936],[-155.0971,19.7922],[-155.0967,19.793],[-155.0957,19.7928],[-155.0942,19.7935],[-155.0928,19.7925],[-155.0912,19.7932],[-155.0907,19.7926],[-155.0898,19.7926],[-155.0901,19.7948]]]}},{"type":"Feature","properties":{"ahupuaa":"Aleamai","moku":"Hilo"},"geometry":{"type":"Polygon","coordinates":[[[-155.0869,19.7986],[-155.0883,19.7992],[-155.089,19.7986],[-155.0907,19.7987],[-155.0922,19.7974],[-155.0934,19.7974],[-155.0942,19.7981],[-155.0959,19.7981],[-155.0989,19.7994],[-155.1008,19.7994],[-155.102,19.7987],[-155.1053,19.7998],[-155.1087,19.7976],[-155.113,19.7989],[-155.118,19.7996],[-155.1173,19.7982],[-155.12,19.7987],[-155.1217,19.7978],[-155.1231,19.7985],[-155.1269,19.7989],[-155.1288,19.8002],[-155.1295,19.8002],[-155.1315,19.7996],[-155.1358,19.7994],[-155.1431,19.7977],[-155.1497,19.7974],[-155.1426,19.7941],[-155.1414,19.7956],[-155.1405,19.7952],[-155.1385,19.7959],[-155.136,19.7958],[-155.1349,19.7962],[-155.134,19.7958],[-155.1335,19.7946],[-155.132,19.7947],[-155.1294,19.7938],[-155.1266,19.7943],[-155.1257,19.794],[-155.1248,19.7928],[-155.1209,19.7938],[-155.119,19.7929],[-155.1174,19.7927],[-155.117,19.7933],[-155.1161,19.7927],[-155.114,19.7943],[-155.1122,19.7946],[-155.1087,19.7943],[-155.0997,19.7947],[-155.0984,19.7935],[-155.0976,19.7945],[-155.094,19.795],[-155.0938,19.7957],[-155.093,19.7961],[-155.0901,19.7948],[-155.0891,19.7965],[-155.0876,19.7967],[-155.0877,19.7974],[-155.0867,19.7979],[-155.0869,19.7986]]]}},{"type":"Feature","properties":{"ahupuaa":"Kalaoa","moku":"Hilo"},"geometry":{"type":"Polygon","coordinates":[[[-155.0869,19.7986],[-155.0858,19.8003],[-155.0858,19.8007],[-155.087,19.8009],[-155.0861,19.8019],[-155.0865,19.8035],[-155.087,19.804],[-155.089,19.8038],[-155.0903,19.8042],[-155.0922,19.8037],[-155.0934,19.8018],[-155.0956,19.802],[-155.0963,19.8014],[-155.098,19.8016],[-155.0996,19.801],[-155.1004,19.8017],[-155.1032,19.8025],[-155.1058,19.8016],[-155.1067,19.8025],[-155.1067,19.8032],[-155.111,19.8026],[-155.1123,19.8034],[-155.1144,19.8035],[-155.1172,19.8022],[-155.1197,19.8028],[-155.1212,19.8022],[-155.1249,19.8025],[-155.1284,19.8021],[-155.1307,19.8006],[-155.1395,19.8006],[-155.1475,19.7984],[-155.1515,19.799],[-155.1526,19.7976],[-155.1431,19.7977],[-155.1358,19.7994],[-155.1315,19.7996],[-155.1295,19.8002],[-155.1288,19.8002],[-155.1269,19.7989],[-155.1231,19.7985],[-155.1217,19.7978],[-155.12,19.7987],[-155.1173,19.7982],[-155.118,19.7996],[-155.113,19.7989],[-155.1087,19.7976],[-155.1053,19.7998],[-155.102,19.7987],[-155.1008,19.7994],[-155.0989,19.7994],[-155.0959,19.7981],[-155.0942,19.7981],[-155.0934,19.7974],[-155.0922,19.7974],[-155.0907,19.7987],[-155.089,19.7986],[-155.0883,19.7992],[-155.0869,19.7986]]]}},{"type":"Feature","properties":{"ahupuaa":"Puumoi","moku":"Hilo"},"geometry":{"type":"Polygon","coordinates":[[[-155.0936,19.8045],[-155.0965,19.8034],[-155.098,19.8042],[-155.1003,19.804],[-155.1026,19.805],[-155.1035,19.8047],[-155.1043,19.806],[-155.1053,19.8062],[-155.1065,19.8059],[-155.1083,19.8066],[-155.1172,19.807],[-155.1232,19.8056],[-155.1265,19.806],[-155.1279,19.8053],[-155.1285,19.8056],[-155.1291,19.805],[-155.1304,19.8052],[-155.1308,19.8047],[-155.1329,19.8052],[-155.1348,19.8044],[-155.1364,19.8048],[-155.138,19.8042],[-155.1391,19.8048],[-155.1424,19.8039],[-155.1428,19.8046],[-155.1445,19.8053],[-155.1467,19.8055],[-155.1593,19.8019],[-155.152,19.7985],[-155.1515,19.799],[-155.1475,19.7984],[-155.1395,19.8006],[-155.1307,19.8006],[-155.1284,19.8021],[-155.1249,19.8025],[-155.1212,19.8022],[-155.1197,19.8028],[-155.1172,19.8022],[-155.1144,19.8035],[-155.1123,19.8034],[-155.111,19.8026],[-155.1067,19.8032],[-155.1067,19.8025],[-155.1058,19.8016],[-155.1032,19.8025],[-155.1004,19.8017],[-155.0996,19.801],[-155.098,19.8016],[-155.0963,19.8014],[-155.0956,19.802],[-155.0934,19.8018],[-155.0922,19.8037],[-155.0903,19.8042],[-155.0917,19.8052],[-155.0931,19.8042],[-155.0936,19.8045]]]}},{"type":"Feature","properties":{"ahupuaa":"Mokuoniki","moku":"Hilo"},"geometry":{"type":"Polygon","coordinates":[[[-155.0965,19.8034],[-155.0936,19.8046],[-155.0936,19.8047],[-155.0937,19.805],[-155.0942,19.8053],[-155.0957,19.8049],[-155.0961,19.8059],[-155.0972,19.8058],[-155.0983,19.8066],[-155.0996,19.8061],[-155.1,19.8073],[-155.1006,19.8075],[-155.1018,19.807],[-155.1026,19.8084],[-155.1038,19.8077],[-155.1062,19.8077],[-155.1068,19.8086],[-155.1084,19.8094],[-155.109,19.8093],[-155.1095,19.8077],[-155.1101,19.8081],[-155.1117,19.8077],[-155.1133,19.8084],[-155.1163,19.8082],[-155.1176,19.8092],[-155.1289,19.8098],[-155.1403,19.8085],[-155.14,19.8069],[-155.1403,19.8044],[-155.1387,19.8048],[-155.138,19.8042],[-155.1364,19.8048],[-155.1348,19.8044],[-155.1329,19.8052],[-155.1308,19.8047],[-155.1304,19.8052],[-155.1291,19.805],[-155.1285,19.8056],[-155.1279,19.8053],[-155.1265,19.806],[-155.1232,19.8056],[-155.1172,19.807],[-155.1083,19.8066],[-155.1065,19.8059],[-155.1053,19.8062],[-155.1043,19.806],[-155.1035,19.8047],[-155.1026,19.805],[-155.1003,19.804],[-155.098,19.8042],[-155.0965,19.8034]]]}},{"type":"Feature","properties":{"ahupuaa":"Kapulena, Haukoʻi, K","moku":"Hāmākua"},"geometry":{"type":"Polygon","coordinates":[[[-155.515,20.1126],[-155.5158,20.1131],[-155.5162,20.1142],[-155.5168,20.1142],[-155.5174,20.1149],[-155.5186,20.1147],[-155.5216,20.1173],[-155.5242,20.1174],[-155.5256,20.1135],[-155.5252,20.1133],[-155.5253,20.1126],[-155.527,20.1116],[-155.5277,20.1097],[-155.5277,20.1043],[-155.5284,20.1016],[-155.537,20.0815],[-155.5305,20.0802],[-155.5256,20.0874],[-155.5243,20.092],[-155.5222,20.0959],[-155.5219,20.0989],[-155.5206,20.1013],[-155.52,20.1052],[-155.5168,20.1084],[-155.515,20.1126]]]}},{"type":"Feature","properties":{"ahupuaa":"Alakahi","moku":"Hilo"},"geometry":{"type":"Polygon","coordinates":[[[-155.1221,19.8124],[-155.1322,19.8113],[-155.1375,19.8115],[-155.1401,19.8106],[-155.1494,19.8124],[-155.1537,19.8127],[-155.156,19.8138],[-155.1588,19.8139],[-155.1707,19.8072],[-155.1593,19.8019],[-155.1467,19.8055],[-155.1445,19.8053],[-155.1428,19.8046],[-155.1424,19.8039],[-155.1405,19.8043],[-155.14,19.8069],[-155.1403,19.8085],[-155.1292,19.8098],[-155.1176,19.8092],[-155.1163,19.8082],[-155.1133,19.8084],[-155.1117,19.8077],[-155.1104,19.8081],[-155.1093,19.8078],[-155.109,19.8093],[-155.1084,19.8094],[-155.1068,19.8086],[-155.1062,19.8077],[-155.1038,19.8077],[-155.1026,19.8084],[-155.1018,19.807],[-155.1006,19.8075],[-155.1,19.8073],[-155.0996,19.8061],[-155.0983,19.8066],[-155.0972,19.8058],[-155.0961,19.8059],[-155.0957,19.8049],[-155.0942,19.8053],[-155.0933,19.8042],[-155.0919,19.8052],[-155.0909,19.8049],[-155.0905,19.8057],[-155.0906,19.8063],[-155.0917,19.8062],[-155.093,19.8068],[-155.0923,19.8081],[-155.0927,19.8087],[-155.0933,19.809],[-155.0959,19.8085],[-155.0963,19.81],[-155.0974,19.8109],[-155.1015,19.8097],[-155.1028,19.8107],[-155.109,19.8115],[-155.109,19.8119],[-155.1121,19.811],[-155.1137,19.8116],[-155.1183,19.8117],[-155.1191,19.8112],[-155.1195,19.812],[-155.1201,19.8116],[-155.1205,19.8123],[-155.1208,19.8118],[-155.1221,19.8124]]]}},{"type":"Feature","properties":{"ahupuaa":"Kaʻauhuhu","moku":"Hāmākua"},"geometry":{"type":"Polygon","coordinates":[[[-155.5242,20.1174],[-155.5274,20.1178],[-155.5284,20.1187],[-155.5296,20.1172],[-155.5295,20.115],[-155.5303,20.1128],[-155.5304,20.1066],[-155.5324,20.1035],[-155.5322,20.1026],[-155.5338,20.0986],[-155.5337,20.0977],[-155.5362,20.0937],[-155.5374,20.0897],[-155.5337,20.0899],[-155.5329,20.0915],[-155.5284,20.1016],[-155.5277,20.1043],[-155.5277,20.1097],[-155.527,20.1116],[-155.5253,20.1126],[-155.5252,20.1133],[-155.5256,20.1135],[-155.5242,20.1174]]]}},{"type":"Feature","properties":{"ahupuaa":"Kahaliʻi","moku":"Hilo"},"geometry":{"type":"Polygon","coordinates":[[[-155.0933,19.809],[-155.0946,19.8096],[-155.0952,19.8105],[-155.0963,19.8107],[-155.0972,19.8121],[-155.0988,19.8124],[-155.0995,19.8131],[-155.1006,19.8129],[-155.1016,19.8134],[-155.1134,19.813],[-155.1159,19.8125],[-155.1188,19.8126],[-155.1194,19.813],[-155.1241,19.8122],[-155.1221,19.8124],[-155.1208,19.8118],[-155.1205,19.8123],[-155.1201,19.8116],[-155.1195,19.812],[-155.1191,19.8112],[-155.1183,19.8117],[-155.1137,19.8116],[-155.1121,19.811],[-155.109,19.8119],[-155.109,19.8115],[-155.1028,19.8107],[-155.1015,19.8097],[-155.0974,19.8109],[-155.0963,19.81],[-155.0959,19.8085],[-155.0933,19.809]]]}},{"type":"Feature","properties":{"ahupuaa":"Kukuikea","moku":"Hilo"},"geometry":{"type":"Polygon","coordinates":[[[-155.0867,19.8253],[-155.0878,19.8248],[-155.088,19.8255],[-155.0932,19.8254],[-155.0935,19.8265],[-155.0945,19.8267],[-155.0948,19.8274],[-155.0958,19.8272],[-155.0964,19.8278],[-155.0964,19.8272],[-155.1002,19.8276],[-155.1032,19.8268],[-155.109,19.8267],[-155.1095,19.826],[-155.1105,19.8262],[-155.1115,19.8252],[-155.1017,19.8251],[-155.0997,19.8248],[-155.0971,19.8236],[-155.0949,19.824],[-155.0945,19.8251],[-155.0924,19.8244],[-155.0911,19.8248],[-155.0894,19.8246],[-155.0886,19.8237],[-155.0882,19.8242],[-155.0864,19.8244],[-155.0867,19.8253]]]}},{"type":"Feature","properties":{"ahupuaa":"Maʻulili","moku":"Hilo"},"geometry":{"type":"Polygon","coordinates":[[[-155.0964,19.8272],[-155.0968,19.8285],[-155.0984,19.829],[-155.1002,19.8289],[-155.1007,19.8284],[-155.1022,19.8287],[-155.1044,19.8274],[-155.106,19.8273],[-155.1044,19.8267],[-155.1002,19.8276],[-155.0964,19.8272]]]}},{"type":"Feature","properties":{"ahupuaa":"Kawainui","moku":"Hilo"},"geometry":{"type":"Polygon","coordinates":[[[-155.1166,19.8261],[-155.1187,19.8265],[-155.1193,19.8282],[-155.12,19.8278],[-155.121,19.8285],[-155.1216,19.828],[-155.1221,19.8294],[-155.1233,19.8296],[-155.1274,19.8318],[-155.1288,19.8318],[-155.132,19.8293],[-155.1332,19.8293],[-155.1377,19.827],[-155.142,19.8273],[-155.1434,19.828],[-155.1445,19.8277],[-155.1454,19.8281],[-155.1611,19.823],[-155.1558,19.8197],[-155.1459,19.8239],[-155.1422,19.8245],[-155.1405,19.8254],[-155.1393,19.8252],[-155.1387,19.8245],[-155.1368,19.8246],[-155.1365,19.8239],[-155.1352,19.8248],[-155.1341,19.8244],[-155.1307,19.8252],[-155.1278,19.8248],[-155.1257,19.8239],[-155.1237,19.8249],[-155.1218,19.8244],[-155.1197,19.8248],[-155.1164,19.823],[-155.1142,19.8226],[-155.1129,19.821],[-155.1113,19.8209],[-155.1069,19.8191],[-155.1045,19.819],[-155.1036,19.8195],[-155.1034,19.8208],[-155.1017,19.8206],[-155.098,19.8216],[-155.0961,19.8203],[-155.0913,19.8207],[-155.089,19.8202],[-155.0862,19.8238],[-155.0864,19.8244],[-155.0882,19.8242],[-155.0887,19.8237],[-155.0894,19.8246],[-155.0911,19.8248],[-155.0924,19.8244],[-155.0939,19.8251],[-155.0945,19.8251],[-155.0951,19.8239],[-155.0976,19.8236],[-155.0997,19.8248],[-155.1017,19.8251],[-155.1114,19.8252],[-155.1118,19.8243],[-155.1151,19.8238],[-155.1154,19.825],[-155.1166,19.8256],[-155.1166,19.8261]]]}},{"type":"Feature","properties":{"ahupuaa":"Pāpaʻikou","moku":"Hilo"},"geometry":{"type":"Polygon","coordinates":[[[-155.152,19.7985],[-155.1931,19.818],[-155.3355,19.796],[-155.3384,19.7864],[-155.3024,19.7856],[-155.2511,19.7855],[-155.182,19.7845],[-155.1789,19.7843],[-155.137,19.776],[-155.117,19.7785],[-155.1075,19.7777],[-155.107,19.7781],[-155.1041,19.7777],[-155.1017,19.7783],[-155.1014,19.7778],[-155.1002,19.7778],[-155.0989,19.7771],[-155.0962,19.7781],[-155.0947,19.7773],[-155.0924,19.7776],[-155.0917,19.7786],[-155.0888,19.7777],[-155.0882,19.7778],[-155.0881,19.7787],[-155.0872,19.7794],[-155.0872,19.7802],[-155.0866,19.7804],[-155.0867,19.781],[-155.0878,19.7817],[-155.0864,19.7821],[-155.086,19.7834],[-155.0873,19.7843],[-155.0877,19.785],[-155.0874,19.7852],[-155.0886,19.7858],[-155.0893,19.7868],[-155.0898,19.7882],[-155.0894,19.7886],[-155.0898,19.7893],[-155.0895,19.7898],[-155.0906,19.7903],[-155.0943,19.788],[-155.0979,19.7893],[-155.1022,19.7878],[-155.1078,19.7874],[-155.1102,19.7859],[-155.1126,19.786],[-155.1214,19.7878],[-155.1297,19.7881],[-155.1497,19.7974],[-155.1526,19.7976],[-155.152,19.7985]]]}},{"type":"Feature","properties":{"ahupuaa":"Lepoloa, Kaluakailio","moku":"Hilo"},"geometry":{"type":"Polygon","coordinates":[[[-155.1365,19.9119],[-155.1381,19.914],[-155.138,19.9149],[-155.1392,19.9152],[-155.1404,19.9164],[-155.1452,19.9124],[-155.1517,19.9096],[-155.1641,19.9016],[-155.1688,19.8974],[-155.1587,19.9029],[-155.1365,19.9119]]]}},{"type":"Feature","properties":{"ahupuaa":"Onomea","moku":"Hilo"},"geometry":{"type":"Polygon","coordinates":[[[-155.1387,19.8245],[-155.1393,19.8252],[-155.1405,19.8254],[-155.1422,19.8245],[-155.1445,19.8243],[-155.1558,19.8197],[-155.1611,19.823],[-155.1931,19.818],[-155.1707,19.8072],[-155.1588,19.8139],[-155.156,19.8138],[-155.1537,19.8127],[-155.1494,19.8124],[-155.1401,19.8106],[-155.1375,19.8115],[-155.1322,19.8113],[-155.1194,19.813],[-155.1188,19.8126],[-155.1159,19.8125],[-155.1134,19.813],[-155.1068,19.813],[-155.1029,19.8135],[-155.1006,19.8129],[-155.0995,19.8131],[-155.0988,19.8124],[-155.0974,19.8122],[-155.0963,19.8107],[-155.0952,19.8105],[-155.0946,19.8096],[-155.0934,19.809],[-155.0925,19.8089],[-155.0936,19.8098],[-155.0931,19.8108],[-155.0895,19.8101],[-155.0891,19.8104],[-155.0914,19.8112],[-155.0916,19.8119],[-155.0901,19.8134],[-155.0901,19.8148],[-155.0878,19.8179],[-155.0882,19.82],[-155.0932,19.8207],[-155.0961,19.8203],[-155.098,19.8216],[-155.1017,19.8206],[-155.1028,19.821],[-155.1036,19.8205],[-155.1039,19.8192],[-155.1062,19.819],[-155.1113,19.8209],[-155.1129,19.821],[-155.1142,19.8226],[-155.1164,19.823],[-155.1197,19.8248],[-155.1218,19.8244],[-155.1237,19.8249],[-155.1251,19.8239],[-155.1303,19.8252],[-155.1328,19.825],[-155.1341,19.8244],[-155.1352,19.8248],[-155.1361,19.8239],[-155.1368,19.8246],[-155.1387,19.8245]]]}},{"type":"Feature","properties":{"ahupuaa":"Kulaʻimano","moku":"Hilo"},"geometry":{"type":"Polygon","coordinates":[[[-155.0841,19.8309],[-155.0859,19.8304],[-155.0908,19.8331],[-155.0972,19.8309],[-155.1004,19.8304],[-155.1078,19.8305],[-155.1166,19.8261],[-155.1166,19.8256],[-155.1156,19.8253],[-155.1151,19.8238],[-155.1121,19.8242],[-155.1105,19.8262],[-155.1095,19.826],[-155.109,19.8267],[-155.1059,19.827],[-155.1058,19.8276],[-155.1044,19.8274],[-155.1022,19.8287],[-155.1007,19.8284],[-155.1002,19.8289],[-155.0983,19.829],[-155.0968,19.8285],[-155.0958,19.8272],[-155.0948,19.8274],[-155.0945,19.8267],[-155.0935,19.8265],[-155.0932,19.8254],[-155.088,19.8255],[-155.0875,19.8248],[-155.0852,19.8261],[-155.0857,19.8267],[-155.0855,19.8278],[-155.0846,19.8306],[-155.0841,19.8309]]]}},{"type":"Feature","properties":{"ahupuaa":"Makahanaloa, Pepeʻekeo","moku":"Hilo"},"geometry":{"type":"Polygon","coordinates":[[[-155.0839,19.8517],[-155.0849,19.8519],[-155.0886,19.8503],[-155.0898,19.8503],[-155.0938,19.8472],[-155.0934,19.8467],[-155.0956,19.8452],[-155.0954,19.8445],[-155.0983,19.8429],[-155.1013,19.8425],[-155.1042,19.8403],[-155.1054,19.8408],[-155.1104,19.839],[-155.1124,19.8388],[-155.1162,19.8364],[-155.1179,19.836],[-155.1192,19.8349],[-155.1204,19.8351],[-155.1211,19.8346],[-155.1217,19.8356],[-155.1223,19.8351],[-155.1235,19.8358],[-155.1302,19.8341],[-155.1362,19.834],[-155.1381,19.8348],[-155.1394,19.8342],[-155.1468,19.8331],[-155.1494,19.8317],[-155.1514,19.832],[-155.2575,19.8169],[-155.3355,19.8109],[-155.3355,19.796],[-155.1611,19.823],[-155.1454,19.8281],[-155.1381,19.8269],[-155.1332,19.8293],[-155.132,19.8293],[-155.1288,19.8318],[-155.1274,19.8318],[-155.1233,19.8296],[-155.1221,19.8294],[-155.1216,19.828],[-155.121,19.8285],[-155.12,19.8278],[-155.1193,19.8282],[-155.1187,19.8265],[-155.1172,19.8265],[-155.1169,19.8261],[-155.1138,19.8272],[-155.1078,19.8305],[-155.1004,19.8304],[-155.0972,19.8309],[-155.0908,19.8331],[-155.0859,19.8304],[-155.084,19.831],[-155.0837,19.8343],[-155.0823,19.8359],[-155.0833,19.8362],[-155.0834,19.8366],[-155.0827,19.8368],[-155.0831,19.8371],[-155.0827,19.8376],[-155.0833,19.8384],[-155.083,19.8386],[-155.0836,19.8387],[-155.0838,19.8392],[-155.0834,19.8393],[-155.0843,19.8396],[-155.0838,19.8409],[-155.0844,19.8412],[-155.084,19.842],[-155.0847,19.8428],[-155.0839,19.8447],[-155.0836,19.8444],[-155.0829,19.8448],[-155.0815,19.8465],[-155.0821,19.8482],[-155.0839,19.8488],[-155.084,19.8501],[-155.0833,19.8509],[-155.0839,19.8517]]]}},{"type":"Feature","properties":{"ahupuaa":"Kahua","moku":"Hilo"},"geometry":{"type":"Polygon","coordinates":[[[-155.0873,19.8529],[-155.0886,19.8537],[-155.0889,19.853],[-155.0902,19.8533],[-155.0909,19.8521],[-155.0915,19.8527],[-155.0934,19.8523],[-155.0954,19.8501],[-155.0968,19.8505],[-155.0971,19.8498],[-155.0991,19.8498],[-155.1006,19.8487],[-155.1004,19.8479],[-155.1017,19.8478],[-155.1028,19.8451],[-155.1041,19.8446],[-155.1087,19.8444],[-155.1102,19.8437],[-155.1112,19.8416],[-155.1125,19.8415],[-155.1148,19.8397],[-155.1151,19.8401],[-155.1167,19.8397],[-155.1181,19.8386],[-155.1197,19.839],[-155.1195,19.8385],[-155.1203,19.8369],[-155.1214,19.8371],[-155.1223,19.8365],[-155.1231,19.8371],[-155.1276,19.8355],[-155.133,19.8354],[-155.1328,19.8343],[-155.1302,19.8341],[-155.1235,19.8358],[-155.1223,19.8351],[-155.1217,19.8356],[-155.1211,19.8346],[-155.1204,19.8351],[-155.1192,19.8349],[-155.1179,19.836],[-155.1162,19.8364],[-155.1124,19.8388],[-155.1104,19.839],[-155.1054,19.8408],[-155.1042,19.8403],[-155.1013,19.8425],[-155.0994,19.8425],[-155.0954,19.8445],[-155.0956,19.8452],[-155.0934,19.8467],[-155.0938,19.8472],[-155.0898,19.8503],[-155.0886,19.8503],[-155.0849,19.8519],[-155.0839,19.8517],[-155.0831,19.8524],[-155.0873,19.8529]]]}},{"type":"Feature","properties":{"ahupuaa":"Kaupakuea, Makea","moku":"Hilo"},"geometry":{"type":"Polygon","coordinates":[[[-155.0886,19.8537],[-155.0876,19.854],[-155.0882,19.8552],[-155.0875,19.8563],[-155.0881,19.8561],[-155.0889,19.8568],[-155.0891,19.8579],[-155.0879,19.8597],[-155.0892,19.861],[-155.0899,19.8611],[-155.09,19.8626],[-155.0917,19.8637],[-155.0922,19.865],[-155.093,19.8653],[-155.0933,19.8647],[-155.0937,19.8651],[-155.0956,19.8651],[-155.0969,19.8612],[-155.1002,19.8615],[-155.1053,19.8578],[-155.1078,19.8567],[-155.1081,19.8561],[-155.109,19.8562],[-155.1094,19.8553],[-155.1108,19.8544],[-155.1133,19.8547],[-155.1157,19.8532],[-155.1172,19.853],[-155.1171,19.8521],[-155.1184,19.8521],[-155.119,19.8516],[-155.1194,19.852],[-155.1208,19.8519],[-155.1217,19.8493],[-155.1239,19.8483],[-155.1244,19.8475],[-155.1258,19.8474],[-155.1284,19.8462],[-155.1313,19.8424],[-155.1317,19.8422],[-155.1318,19.8426],[-155.1358,19.8404],[-155.1379,19.8399],[-155.1395,19.8391],[-155.1398,19.8384],[-155.1415,19.8378],[-155.1433,19.8378],[-155.1447,19.8367],[-155.1448,19.8373],[-155.1452,19.837],[-155.1455,19.8374],[-155.1523,19.8345],[-155.1516,19.8341],[-155.1513,19.832],[-155.1494,19.8317],[-155.1477,19.8328],[-155.1449,19.8336],[-155.1426,19.8336],[-155.1381,19.8348],[-155.1362,19.834],[-155.1339,19.8339],[-155.1328,19.8343],[-155.133,19.8354],[-155.1276,19.8355],[-155.1231,19.8371],[-155.1223,19.8365],[-155.1214,19.8371],[-155.1203,19.8369],[-155.1195,19.8385],[-155.1197,19.839],[-155.1181,19.8386],[-155.1167,19.8397],[-155.1154,19.8401],[-155.1148,19.8397],[-155.1125,19.8415],[-155.1112,19.8416],[-155.1102,19.8437],[-155.1087,19.8444],[-155.1041,19.8446],[-155.1028,19.8451],[-155.1017,19.8478],[-155.1004,19.8479],[-155.1006,19.8487],[-155.0991,19.8498],[-155.0971,19.8498],[-155.0968,19.8505],[-155.0954,19.8501],[-155.0934,19.8523],[-155.0915,19.8527],[-155.0909,19.8521],[-155.0902,19.8533],[-155.0889,19.853],[-155.0886,19.8537]]]}},{"type":"Feature","properties":{"ahupuaa":"Waikaumalo","moku":"Hilo"},"geometry":{"type":"Polygon","coordinates":[[[-155.2169,19.9084],[-155.2172,19.9113],[-155.219,19.9143],[-155.2199,19.9181],[-155.2199,19.9135],[-155.2357,19.8941],[-155.2329,19.8948],[-155.232,19.8956],[-155.2299,19.8955],[-155.2276,19.8964],[-155.2246,19.8968],[-155.2231,19.8962],[-155.2215,19.8974],[-155.2213,19.8989],[-155.2205,19.8989],[-155.2206,19.8998],[-155.2198,19.9008],[-155.2161,19.9004],[-155.2155,19.9013],[-155.2148,19.9014],[-155.2152,19.9045],[-155.2168,19.9081],[-155.2178,19.9078],[-155.2169,19.9084]]]}},{"type":"Feature","properties":{"ahupuaa":"Opea, Peleau, ʻAwa","moku":"Hilo"},"geometry":{"type":"Polygon","coordinates":[[[-155.1404,19.9164],[-155.1416,19.9177],[-155.1435,19.9182],[-155.1463,19.9198],[-155.1498,19.9233],[-155.1504,19.9233],[-155.1513,19.9242],[-155.1527,19.9225],[-155.1541,19.9222],[-155.1554,19.9206],[-155.1562,19.9203],[-155.1564,19.9193],[-155.1576,19.9185],[-155.158,19.9158],[-155.1599,19.9142],[-155.1609,19.9125],[-155.1646,19.9122],[-155.1664,19.9111],[-155.1663,19.9105],[-155.1657,19.9107],[-155.1654,19.9103],[-155.167,19.91],[-155.168,19.9061],[-155.1692,19.9056],[-155.1694,19.9047],[-155.1722,19.9015],[-155.1752,19.9017],[-155.1784,19.9],[-155.1817,19.8991],[-155.1832,19.8977],[-155.1856,19.8976],[-155.1892,19.8965],[-155.1905,19.8946],[-155.2004,19.8842],[-155.211,19.8778],[-155.1689,19.8973],[-155.1641,19.9016],[-155.1517,19.9096],[-155.1452,19.9124],[-155.1404,19.9164]]]}},{"type":"Feature","properties":{"ahupuaa":"Kaʻakepa","moku":"Hilo"},"geometry":{"type":"Polygon","coordinates":[[[-155.0956,19.8651],[-155.0966,19.8657],[-155.1007,19.8625],[-155.108,19.8593],[-155.1279,19.8489],[-155.1294,19.848],[-155.1323,19.8435],[-155.1382,19.8399],[-155.1397,19.8399],[-155.1444,19.8379],[-155.1447,19.8367],[-155.1433,19.8378],[-155.1415,19.8378],[-155.1398,19.8384],[-155.1395,19.8391],[-155.1379,19.8399],[-155.1358,19.8404],[-155.1318,19.8426],[-155.1317,19.8422],[-155.1308,19.8427],[-155.1284,19.8462],[-155.1258,19.8474],[-155.1244,19.8475],[-155.1239,19.8483],[-155.1217,19.8493],[-155.1208,19.8519],[-155.1194,19.852],[-155.119,19.8516],[-155.1184,19.8521],[-155.1171,19.8521],[-155.1172,19.853],[-155.1157,19.8532],[-155.1133,19.8547],[-155.1108,19.8544],[-155.1094,19.8553],[-155.109,19.8562],[-155.1081,19.8561],[-155.1078,19.8567],[-155.1053,19.8578],[-155.1002,19.8615],[-155.0969,19.8612],[-155.0956,19.8651]]]}},{"type":"Feature","properties":{"ahupuaa":"Mauluaiki","moku":"Hilo"},"geometry":{"type":"Polygon","coordinates":[[[-155.2206,19.921],[-155.2177,19.9228],[-155.2172,19.9222],[-155.2088,19.9278],[-155.21,19.9288],[-155.2111,19.9277],[-155.22,19.9249],[-155.2206,19.921]]]}},{"type":"Feature","properties":{"ahupuaa":"Honohina","moku":"Hilo"},"geometry":{"type":"Polygon","coordinates":[[[-155.1512,19.9242],[-155.1513,19.9248],[-155.1533,19.9266],[-155.1527,19.9274],[-155.1553,19.9284],[-155.1568,19.9268],[-155.1582,19.9263],[-155.1587,19.9252],[-155.1605,19.9239],[-155.161,19.9219],[-155.1626,19.9212],[-155.1635,19.9188],[-155.1653,19.918],[-155.1652,19.9159],[-155.1664,19.9157],[-155.1679,19.9147],[-155.1688,19.9148],[-155.1691,19.9135],[-155.1699,19.9129],[-155.1724,19.9129],[-155.1732,19.9114],[-155.1761,19.9112],[-155.1782,19.9092],[-155.1793,19.9094],[-155.1801,19.9087],[-155.1814,19.9086],[-155.1818,19.9076],[-155.1842,19.9079],[-155.1851,19.907],[-155.1866,19.9066],[-155.1875,19.9053],[-155.1902,19.9044],[-155.1906,19.9036],[-155.1933,19.9026],[-155.1959,19.9001],[-155.2012,19.8985],[-155.2014,19.8975],[-155.2027,19.8973],[-155.2037,19.8963],[-155.2061,19.8955],[-155.2091,19.8922],[-155.212,19.8915],[-155.2166,19.8883],[-155.2171,19.8871],[-155.2182,19.8864],[-155.2191,19.8866],[-155.2211,19.8846],[-155.2212,19.8834],[-155.2221,19.8825],[-155.2261,19.8814],[-155.2281,19.8814],[-155.2299,19.8802],[-155.2315,19.8782],[-155.2349,19.8776],[-155.2374,19.8761],[-155.2482,19.8745],[-155.2489,19.8738],[-155.25,19.8736],[-155.2507,19.8725],[-155.2552,19.87],[-155.2561,19.8689],[-155.2577,19.8682],[-155.2588,19.8666],[-155.2927,19.8591],[-155.3333,19.849],[-155.332,19.8324],[-155.2396,19.8583],[-155.2312,19.8689],[-155.211,19.8778],[-155.2004,19.8842],[-155.1905,19.8946],[-155.1892,19.8965],[-155.1856,19.8976],[-155.1832,19.8977],[-155.1817,19.8991],[-155.1784,19.9],[-155.1752,19.9017],[-155.1722,19.9015],[-155.1694,19.9047],[-155.1692,19.9056],[-155.168,19.9061],[-155.167,19.91],[-155.1654,19.9103],[-155.1657,19.9107],[-155.1663,19.9105],[-155.1664,19.9111],[-155.1646,19.9122],[-155.1609,19.9125],[-155.1599,19.9142],[-155.158,19.9158],[-155.1576,19.9185],[-155.1564,19.9193],[-155.1562,19.9203],[-155.1554,19.9206],[-155.1541,19.9222],[-155.1527,19.9225],[-155.1512,19.9242]]]}},{"type":"Feature","properties":{"ahupuaa":"Nanue","moku":"Hilo"},"geometry":{"type":"Polygon","coordinates":[[[-155.1554,19.9283],[-155.1578,19.931],[-155.1576,19.9319],[-155.1586,19.9317],[-155.1613,19.9288],[-155.1616,19.9272],[-155.1612,19.9264],[-155.1623,19.9257],[-155.163,19.9242],[-155.1638,19.9243],[-155.1641,19.9222],[-155.1651,19.9208],[-155.1662,19.9204],[-155.1662,19.9197],[-155.167,19.9197],[-155.1688,19.9181],[-155.1696,19.9184],[-155.1708,19.9176],[-155.1727,19.9174],[-155.1744,19.9143],[-155.1765,19.9136],[-155.1771,19.9126],[-155.1779,19.9123],[-155.1788,19.9105],[-155.1816,19.9107],[-155.1867,19.9095],[-155.188,19.9082],[-155.1897,19.9078],[-155.1912,19.9066],[-155.1924,19.9065],[-155.194,19.9048],[-155.1975,19.9031],[-155.2009,19.8993],[-155.2037,19.8989],[-155.211,19.8954],[-155.2163,19.8884],[-155.212,19.8915],[-155.2091,19.8922],[-155.2057,19.8958],[-155.2014,19.8975],[-155.201,19.8986],[-155.1959,19.9001],[-155.1933,19.9026],[-155.1906,19.9036],[-155.1902,19.9044],[-155.1875,19.9053],[-155.1866,19.9066],[-155.1851,19.907],[-155.1844,19.9078],[-155.1818,19.9076],[-155.1814,19.9086],[-155.1801,19.9087],[-155.1793,19.9094],[-155.1782,19.9092],[-155.1761,19.9112],[-155.1732,19.9114],[-155.1724,19.9129],[-155.1701,19.9128],[-155.1691,19.9135],[-155.1688,19.9148],[-155.1679,19.9147],[-155.1664,19.9157],[-155.1654,19.9157],[-155.1653,19.918],[-155.1635,19.9188],[-155.1626,19.9212],[-155.161,19.9219],[-155.1605,19.9239],[-155.1587,19.9252],[-155.1582,19.9263],[-155.1568,19.9268],[-155.1554,19.9283]]]}},{"type":"Feature","properties":{"ahupuaa":"Pihā, Kahuku","moku":"Hilo"},"geometry":{"type":"Polygon","coordinates":[[[-155.1576,19.9319],[-155.1576,19.9323],[-155.159,19.9324],[-155.1603,19.9337],[-155.1611,19.9338],[-155.1623,19.9332],[-155.1622,19.9327],[-155.162,19.9328],[-155.1616,19.9327],[-155.162,19.9324],[-155.1632,19.9324],[-155.1638,19.9308],[-155.1651,19.9295],[-155.1669,19.9292],[-155.1675,19.9283],[-155.1685,19.9289],[-155.1695,19.9282],[-155.1708,19.9284],[-155.1727,19.9271],[-155.1747,19.9266],[-155.1748,19.9252],[-155.1753,19.9247],[-155.1748,19.9238],[-155.1758,19.9235],[-155.1769,19.9221],[-155.1795,19.9216],[-155.181,19.9203],[-155.1823,19.9203],[-155.1837,19.9195],[-155.1846,19.9182],[-155.1847,19.9169],[-155.186,19.9163],[-155.1869,19.9137],[-155.1888,19.912],[-155.1903,19.9118],[-155.1925,19.9102],[-155.1937,19.9104],[-155.1975,19.9087],[-155.1992,19.9057],[-155.2005,19.9056],[-155.2011,19.9043],[-155.2025,19.9036],[-155.2031,19.9024],[-155.2047,19.9016],[-155.211,19.9007],[-155.2122,19.9014],[-155.2148,19.9015],[-155.2161,19.9004],[-155.2198,19.9008],[-155.2206,19.8998],[-155.2205,19.8989],[-155.2213,19.8989],[-155.2215,19.8974],[-155.2231,19.8962],[-155.2246,19.8968],[-155.2276,19.8964],[-155.2299,19.8955],[-155.232,19.8956],[-155.2329,19.8948],[-155.2357,19.8941],[-155.2477,19.8793],[-155.2904,19.8704],[-155.3347,19.8605],[-155.3333,19.849],[-155.2927,19.8591],[-155.2588,19.8666],[-155.2577,19.8682],[-155.2561,19.8689],[-155.2552,19.87],[-155.2507,19.8725],[-155.25,19.8736],[-155.2489,19.8738],[-155.2482,19.8745],[-155.2374,19.8761],[-155.2349,19.8776],[-155.2315,19.8782],[-155.2299,19.8802],[-155.2281,19.8814],[-155.2261,19.8814],[-155.2221,19.8825],[-155.2212,19.8834],[-155.2211,19.8846],[-155.2191,19.8866],[-155.2182,19.8864],[-155.2171,19.8871],[-155.2168,19.8881],[-155.211,19.8954],[-155.2037,19.8989],[-155.2009,19.8993],[-155.1975,19.9031],[-155.194,19.9048],[-155.1924,19.9065],[-155.1912,19.9066],[-155.1897,19.9078],[-155.188,19.9082],[-155.1867,19.9095],[-155.1816,19.9107],[-155.1788,19.9105],[-155.1779,19.9123],[-155.1771,19.9126],[-155.1765,19.9136],[-155.1744,19.9143],[-155.1727,19.9174],[-155.1708,19.9176],[-155.1696,19.9184],[-155.1688,19.9181],[-155.167,19.9197],[-155.1662,19.9197],[-155.1662,19.9204],[-155.1651,19.9208],[-155.1641,19.9222],[-155.1638,19.9243],[-155.163,19.9242],[-155.1623,19.9257],[-155.1612,19.9264],[-155.1616,19.9274],[-155.1606,19.9298],[-155.1586,19.9317],[-155.1576,19.9319]]]}},{"type":"Feature","properties":{"ahupuaa":"Kulaʻikahonu","moku":"Hilo"},"geometry":{"type":"Polygon","coordinates":[[[-155.0966,19.8657],[-155.0978,19.8667],[-155.098,19.8675],[-155.0964,19.8684],[-155.097,19.869],[-155.0978,19.8689],[-155.0986,19.8684],[-155.0999,19.8658],[-155.1033,19.864],[-155.1046,19.862],[-155.1084,19.8614],[-155.1093,19.8605],[-155.1102,19.8605],[-155.1115,19.8585],[-155.1131,19.8586],[-155.1162,19.8565],[-155.1169,19.857],[-155.117,19.8562],[-155.1176,19.8563],[-155.1198,19.8538],[-155.1237,19.8528],[-155.1263,19.8507],[-155.1298,19.8496],[-155.1308,19.8474],[-155.1325,19.8454],[-155.1331,19.8435],[-155.134,19.843],[-155.1357,19.843],[-155.1373,19.8414],[-155.1391,19.8413],[-155.1402,19.8401],[-155.1442,19.8388],[-155.1449,19.8375],[-155.1457,19.8376],[-155.1456,19.8373],[-155.1452,19.837],[-155.1444,19.8379],[-155.1397,19.8399],[-155.1382,19.8399],[-155.1323,19.8435],[-155.1294,19.848],[-155.108,19.8593],[-155.1007,19.8625],[-155.0966,19.8657]]]}},{"type":"Feature","properties":{"ahupuaa":"Laimi","moku":"Hilo"},"geometry":{"type":"Polygon","coordinates":[[[-155.0987,19.868],[-155.1005,19.8677],[-155.1028,19.8693],[-155.1137,19.8609],[-155.1157,19.8604],[-155.1178,19.8589],[-155.1196,19.8558],[-155.1242,19.853],[-155.1255,19.8531],[-155.1268,19.8516],[-155.1308,19.8492],[-155.1335,19.8447],[-155.1374,19.8424],[-155.1402,19.8419],[-155.1475,19.8377],[-155.1535,19.8371],[-155.1552,19.8358],[-155.1599,19.8356],[-155.1543,19.8336],[-155.1456,19.8373],[-155.1457,19.8376],[-155.145,19.8374],[-155.1442,19.8388],[-155.1402,19.8401],[-155.1391,19.8413],[-155.1373,19.8414],[-155.1357,19.843],[-155.1338,19.8431],[-155.133,19.8436],[-155.1325,19.8454],[-155.1308,19.8474],[-155.1298,19.8496],[-155.1263,19.8507],[-155.1237,19.8528],[-155.1198,19.8538],[-155.1176,19.8563],[-155.117,19.8562],[-155.1169,19.857],[-155.1162,19.8565],[-155.1131,19.8586],[-155.1115,19.8585],[-155.1102,19.8605],[-155.1093,19.8605],[-155.1084,19.8614],[-155.1046,19.862],[-155.1033,19.864],[-155.0999,19.8658],[-155.0987,19.868]]]}},{"type":"Feature","properties":{"ahupuaa":"Mālamalamaiki","moku":"Hilo"},"geometry":{"type":"Polygon","coordinates":[[[-155.1028,19.8693],[-155.1026,19.87],[-155.105,19.8698],[-155.1067,19.8686],[-155.1071,19.8674],[-155.1086,19.8666],[-155.1094,19.8671],[-155.1099,19.8669],[-155.1127,19.8646],[-155.1138,19.8645],[-155.1138,19.8622],[-155.1163,19.8616],[-155.117,19.8603],[-155.1188,19.8604],[-155.1218,19.856],[-155.1232,19.8547],[-155.131,19.851],[-155.1329,19.8467],[-155.14,19.8461],[-155.1415,19.8453],[-155.1429,19.843],[-155.1428,19.8422],[-155.1462,19.842],[-155.149,19.84],[-155.1535,19.8393],[-155.1534,19.8371],[-155.1475,19.8377],[-155.1402,19.8419],[-155.1374,19.8424],[-155.1335,19.8447],[-155.1308,19.8492],[-155.1268,19.8516],[-155.1255,19.8531],[-155.1242,19.853],[-155.1196,19.8558],[-155.1178,19.8589],[-155.1157,19.8604],[-155.1137,19.8609],[-155.1028,19.8693]]]}},{"type":"Feature","properties":{"ahupuaa":"Honomū, Kuhua","moku":"Hilo"},"geometry":{"type":"Polygon","coordinates":[[[-155.105,19.8698],[-155.1075,19.8742],[-155.1087,19.8749],[-155.1086,19.8754],[-155.1097,19.8753],[-155.1104,19.8763],[-155.1095,19.8781],[-155.1102,19.8794],[-155.1109,19.8794],[-155.1118,19.8806],[-155.1125,19.8803],[-155.1127,19.8807],[-155.1141,19.8806],[-155.1147,19.8812],[-155.116,19.8811],[-155.1186,19.883],[-155.1201,19.8821],[-155.1196,19.8827],[-155.1202,19.8821],[-155.1206,19.8814],[-155.1209,19.8804],[-155.1209,19.8777],[-155.1227,19.8771],[-155.1237,19.8749],[-155.1251,19.8734],[-155.1278,19.8716],[-155.1293,19.8715],[-155.1322,19.8678],[-155.1405,19.8636],[-155.1439,19.8608],[-155.1471,19.8608],[-155.1553,19.8546],[-155.1561,19.8531],[-155.1598,19.8524],[-155.1612,19.851],[-155.1641,19.8494],[-155.1677,19.8491],[-155.1701,19.8482],[-155.1947,19.8257],[-155.1513,19.832],[-155.1513,19.8333],[-155.152,19.8344],[-155.1543,19.8336],[-155.1599,19.8356],[-155.1552,19.8358],[-155.1534,19.8371],[-155.1535,19.8393],[-155.149,19.84],[-155.1462,19.842],[-155.1428,19.8422],[-155.1429,19.843],[-155.1415,19.8453],[-155.14,19.8461],[-155.1329,19.8467],[-155.131,19.851],[-155.1232,19.8547],[-155.1218,19.856],[-155.1188,19.8604],[-155.117,19.8603],[-155.1163,19.8616],[-155.1139,19.8621],[-155.1138,19.8645],[-155.1127,19.8646],[-155.1099,19.8669],[-155.1094,19.8671],[-155.1086,19.8666],[-155.1071,19.8674],[-155.1067,19.8686],[-155.105,19.8698]]]}},{"type":"Feature","properties":{"ahupuaa":"Kaiwikinui","moku":"Hilo"},"geometry":{"type":"Polygon","coordinates":[[[-155.1197,19.8828],[-155.1205,19.8834],[-155.1213,19.8826],[-155.1225,19.8827],[-155.1238,19.8819],[-155.1248,19.8819],[-155.1248,19.8807],[-155.1257,19.8807],[-155.127,19.8795],[-155.1282,19.8801],[-155.1296,19.8787],[-155.1315,19.8802],[-155.1314,19.8788],[-155.1337,19.8785],[-155.1351,19.8774],[-155.1381,19.8775],[-155.1443,19.8754],[-155.1459,19.8745],[-155.147,19.8727],[-155.1477,19.8727],[-155.1477,19.8719],[-155.1486,19.8706],[-155.1507,19.8702],[-155.1519,19.8693],[-155.153,19.87],[-155.1558,19.8687],[-155.1573,19.8686],[-155.158,19.868],[-155.1587,19.8684],[-155.1605,19.8676],[-155.1621,19.8637],[-155.1631,19.8632],[-155.1693,19.8634],[-155.1787,19.86],[-155.2575,19.8169],[-155.1947,19.8257],[-155.1701,19.8482],[-155.1677,19.8491],[-155.1641,19.8494],[-155.1612,19.851],[-155.1598,19.8524],[-155.1561,19.8531],[-155.1553,19.8546],[-155.1471,19.8608],[-155.1439,19.8608],[-155.1405,19.8636],[-155.1322,19.8678],[-155.1293,19.8715],[-155.1278,19.8716],[-155.1251,19.8734],[-155.1237,19.8749],[-155.1227,19.8771],[-155.1209,19.8777],[-155.1209,19.8804],[-155.1197,19.8828]]]}},{"type":"Feature","properties":{"ahupuaa":"Kaihuiki","moku":"Hilo"},"geometry":{"type":"Polygon","coordinates":[[[-155.1895,19.9545],[-155.1934,19.9554],[-155.1961,19.9505],[-155.1984,19.9418],[-155.1956,19.9438],[-155.1944,19.9453],[-155.1937,19.9473],[-155.1916,19.9488],[-155.1921,19.95],[-155.1895,19.9545]]]}},{"type":"Feature","properties":{"ahupuaa":"Wailea","moku":"Hilo"},"geometry":{"type":"Polygon","coordinates":[[[-155.1196,19.8827],[-155.1189,19.884],[-155.1197,19.8856],[-155.1197,19.8862],[-155.1189,19.8869],[-155.1192,19.8872],[-155.1189,19.8884],[-155.1191,19.8888],[-155.1199,19.8894],[-155.1201,19.8885],[-155.1214,19.8886],[-155.1236,19.8875],[-155.1246,19.888],[-155.1266,19.8878],[-155.1316,19.8834],[-155.1368,19.8797],[-155.1351,19.8774],[-155.1337,19.8785],[-155.1314,19.8788],[-155.1315,19.8802],[-155.1296,19.8787],[-155.1282,19.8801],[-155.127,19.8795],[-155.1257,19.8807],[-155.1248,19.8807],[-155.1248,19.8819],[-155.1238,19.8819],[-155.1225,19.8827],[-155.1213,19.8826],[-155.1205,19.8834],[-155.1196,19.8827]]]}},{"type":"Feature","properties":{"ahupuaa":"Hakalau","moku":"Hilo"},"geometry":{"type":"Polygon","coordinates":[[[-155.1199,19.8894],[-155.1222,19.8939],[-155.1216,19.8946],[-155.1225,19.8953],[-155.1229,19.8968],[-155.1236,19.8971],[-155.124,19.898],[-155.1233,19.8986],[-155.1252,19.8995],[-155.1248,19.9008],[-155.1281,19.8999],[-155.1287,19.9003],[-155.131,19.8989],[-155.1323,19.8973],[-155.1344,19.8974],[-155.1355,19.8965],[-155.1386,19.8961],[-155.1406,19.8945],[-155.142,19.8943],[-155.1427,19.8933],[-155.1422,19.8912],[-155.1438,19.8901],[-155.1442,19.8893],[-155.1445,19.8857],[-155.1465,19.8837],[-155.1478,19.884],[-155.1491,19.8824],[-155.1519,19.8823],[-155.1546,19.881],[-155.1565,19.8818],[-155.1589,19.8803],[-155.162,19.8802],[-155.1662,19.8776],[-155.1697,19.8772],[-155.1711,19.8758],[-155.1721,19.8734],[-155.1756,19.872],[-155.1961,19.8579],[-155.2056,19.8564],[-155.207,19.8623],[-155.2396,19.8583],[-155.332,19.8324],[-155.3355,19.8109],[-155.2575,19.8169],[-155.1787,19.86],[-155.1693,19.8634],[-155.1631,19.8632],[-155.1621,19.8637],[-155.1605,19.8676],[-155.1587,19.8684],[-155.158,19.868],[-155.1573,19.8686],[-155.1558,19.8687],[-155.153,19.87],[-155.1516,19.8694],[-155.1507,19.8702],[-155.1486,19.8706],[-155.1477,19.8719],[-155.1477,19.8727],[-155.147,19.8727],[-155.1459,19.8745],[-155.1443,19.8754],[-155.1381,19.8775],[-155.1351,19.8774],[-155.1368,19.8797],[-155.1296,19.885],[-155.1289,19.8861],[-155.1264,19.8879],[-155.1246,19.888],[-155.1236,19.8875],[-155.1214,19.8886],[-155.1201,19.8885],[-155.1199,19.8894]]]}},{"type":"Feature","properties":{"ahupuaa":"Kahue","moku":"Puna"},"geometry":{"type":"Polygon","coordinates":[[[-155.1627,19.265],[-155.1628,19.296],[-155.1724,19.3416],[-155.1749,19.3344],[-155.1894,19.3191],[-155.1886,19.2612],[-155.1846,19.2633],[-155.181,19.2635],[-155.18,19.264],[-155.1775,19.2639],[-155.1761,19.2644],[-155.1744,19.2641],[-155.1706,19.2655],[-155.1703,19.266],[-155.1687,19.2661],[-155.1627,19.265]]]}},{"type":"Feature","properties":{"ahupuaa":"Wailua","moku":"Hilo"},"geometry":{"type":"Polygon","coordinates":[[[-155.1361,19.9069],[-155.1373,19.9069],[-155.1391,19.9061],[-155.1412,19.9062],[-155.1418,19.9057],[-155.1441,19.9073],[-155.1459,19.9068],[-155.1466,19.9057],[-155.1498,19.9042],[-155.1507,19.903],[-155.1508,19.9017],[-155.1514,19.9018],[-155.1536,19.9002],[-155.155,19.9003],[-155.1575,19.8996],[-155.1598,19.8966],[-155.1615,19.8961],[-155.1591,19.8933],[-155.158,19.8935],[-155.1572,19.8946],[-155.1558,19.8951],[-155.1548,19.8945],[-155.1517,19.8947],[-155.1508,19.8953],[-155.1504,19.897],[-155.1495,19.8969],[-155.1473,19.899],[-155.1457,19.8983],[-155.145,19.8985],[-155.1442,19.8998],[-155.1427,19.8999],[-155.1418,19.9016],[-155.1405,19.9021],[-155.1405,19.9043],[-155.1389,19.9051],[-155.1375,19.9048],[-155.1361,19.9069]]]}},{"type":"Feature","properties":{"ahupuaa":"Kamaʻeʻe","moku":"Hilo"},"geometry":{"type":"Polygon","coordinates":[[[-155.1287,19.9003],[-155.1288,19.9009],[-155.128,19.9019],[-155.1284,19.9038],[-155.1304,19.9056],[-155.1331,19.9066],[-155.1343,19.9079],[-155.136,19.907],[-155.1375,19.9048],[-155.1389,19.9051],[-155.1403,19.9045],[-155.1406,19.9019],[-155.1418,19.9016],[-155.1427,19.8999],[-155.1442,19.8998],[-155.145,19.8985],[-155.1457,19.8983],[-155.1473,19.899],[-155.1495,19.8969],[-155.1504,19.897],[-155.1508,19.8953],[-155.1517,19.8947],[-155.1548,19.8945],[-155.1558,19.8951],[-155.1572,19.8946],[-155.158,19.8935],[-155.1591,19.8933],[-155.1615,19.8961],[-155.1657,19.8937],[-155.1684,19.8928],[-155.1697,19.8911],[-155.1714,19.891],[-155.1725,19.8895],[-155.1739,19.8903],[-155.1772,19.8882],[-155.1795,19.8875],[-155.1816,19.8876],[-155.1831,19.8864],[-155.1866,19.8859],[-155.1884,19.8837],[-155.1922,19.8818],[-155.1933,19.8796],[-155.1935,19.8776],[-155.1948,19.8776],[-155.1964,19.8765],[-155.1988,19.8761],[-155.1992,19.8752],[-155.1999,19.8752],[-155.207,19.8623],[-155.2056,19.8564],[-155.1961,19.8579],[-155.1756,19.872],[-155.1721,19.8734],[-155.1711,19.8758],[-155.1697,19.8772],[-155.1662,19.8776],[-155.162,19.8802],[-155.1589,19.8803],[-155.1565,19.8818],[-155.1546,19.881],[-155.1519,19.8823],[-155.1491,19.8824],[-155.1478,19.884],[-155.1465,19.8837],[-155.1445,19.8857],[-155.1442,19.8893],[-155.1438,19.8901],[-155.1422,19.8912],[-155.1427,19.8933],[-155.142,19.8943],[-155.1406,19.8945],[-155.1386,19.8961],[-155.1355,19.8965],[-155.1344,19.8974],[-155.1323,19.8973],[-155.131,19.8989],[-155.1287,19.9003]]]}},{"type":"Feature","properties":{"ahupuaa":"Kapulena","moku":"Hāmākua"},"geometry":{"type":"Polygon","coordinates":[[[-155.5296,20.1172],[-155.5284,20.1193],[-155.5309,20.1197],[-155.5314,20.1207],[-155.5322,20.1201],[-155.5321,20.1194],[-155.5328,20.1193],[-155.535,20.1143],[-155.5357,20.1095],[-155.5361,20.1093],[-155.5374,20.1048],[-155.5402,20.1017],[-155.541,20.1001],[-155.5414,20.0973],[-155.547,20.0804],[-155.5469,20.0766],[-155.5485,20.0727],[-155.5489,20.0699],[-155.548,20.0685],[-155.5491,20.0649],[-155.5484,20.0637],[-155.5536,20.0483],[-155.5578,20.0436],[-155.5499,20.0428],[-155.5398,20.0678],[-155.5344,20.0715],[-155.5305,20.0802],[-155.537,20.0815],[-155.5337,20.0899],[-155.5374,20.0897],[-155.5362,20.0937],[-155.5337,20.0977],[-155.5338,20.0986],[-155.5322,20.1026],[-155.5324,20.1035],[-155.5304,20.1066],[-155.5303,20.1128],[-155.5295,20.115],[-155.5296,20.1172]]]}},{"type":"Feature","properties":{"ahupuaa":"Umauma","moku":"Hilo"},"geometry":{"type":"Polygon","coordinates":[[[-155.1361,19.9069],[-155.1343,19.9084],[-155.1344,19.9101],[-155.1355,19.91],[-155.1365,19.9119],[-155.1587,19.9029],[-155.1689,19.8973],[-155.2312,19.8689],[-155.2396,19.8583],[-155.207,19.8623],[-155.1999,19.8752],[-155.1992,19.8752],[-155.1988,19.8761],[-155.1964,19.8765],[-155.1948,19.8776],[-155.1935,19.8776],[-155.1933,19.8796],[-155.1922,19.8818],[-155.1884,19.8837],[-155.1866,19.8859],[-155.1831,19.8864],[-155.1816,19.8876],[-155.1795,19.8875],[-155.1772,19.8882],[-155.1739,19.8903],[-155.1725,19.8895],[-155.1714,19.891],[-155.1697,19.8911],[-155.1684,19.8928],[-155.1634,19.8948],[-155.1611,19.8964],[-155.1598,19.8966],[-155.1575,19.8996],[-155.155,19.9003],[-155.1536,19.9002],[-155.1514,19.9018],[-155.1508,19.9017],[-155.1507,19.903],[-155.1498,19.9042],[-155.1466,19.9057],[-155.1459,19.9068],[-155.1441,19.9073],[-155.1418,19.9057],[-155.1412,19.9062],[-155.1391,19.9061],[-155.1373,19.9069],[-155.1361,19.9069]]]}},{"type":"Feature","properties":{"ahupuaa":"Kukuihaele","moku":"Hāmākua"},"geometry":{"type":"Polygon","coordinates":[[[-155.5807,20.092],[-155.5809,20.0932],[-155.5792,20.0959],[-155.5789,20.0982],[-155.5761,20.1045],[-155.5743,20.1143],[-155.5739,20.1235],[-155.5762,20.1213],[-155.5789,20.1202],[-155.5791,20.1168],[-155.5822,20.1124],[-155.5847,20.1048],[-155.5856,20.1034],[-155.5859,20.099],[-155.5871,20.0955],[-155.5878,20.0953],[-155.5887,20.0931],[-155.5875,20.0899],[-155.5876,20.0883],[-155.5885,20.0861],[-155.5846,20.0879],[-155.5807,20.092]]]}},{"type":"Feature","properties":{"ahupuaa":"Haʻikū","moku":"Hilo"},"geometry":{"type":"Polygon","coordinates":[[[-155.1679,19.9392],[-155.1677,19.9401],[-155.1686,19.9401],[-155.1696,19.9408],[-155.1698,19.9399],[-155.1726,19.9365],[-155.1733,19.9346],[-155.1753,19.9342],[-155.1771,19.9327],[-155.1778,19.932],[-155.1778,19.9313],[-155.1784,19.9312],[-155.179,19.9303],[-155.1795,19.9286],[-155.1812,19.9282],[-155.1831,19.9259],[-155.1845,19.9253],[-155.1859,19.9232],[-155.1866,19.9231],[-155.1875,19.9221],[-155.1892,19.9187],[-155.1932,19.9154],[-155.2048,19.9099],[-155.1923,19.9143],[-155.1858,19.9218],[-155.182,19.9252],[-155.1804,19.9257],[-155.1793,19.9268],[-155.1777,19.9273],[-155.1767,19.9285],[-155.1746,19.9293],[-155.1743,19.9314],[-155.1723,19.9337],[-155.1725,19.9347],[-155.1679,19.9392]]]}},{"type":"Feature","properties":{"ahupuaa":"Puaʻakuloa, Kapena","moku":"Hilo"},"geometry":{"type":"Polygon","coordinates":[[[-155.1696,19.9408],[-155.1716,19.942],[-155.1727,19.9439],[-155.174,19.9442],[-155.1751,19.9436],[-155.1762,19.9428],[-155.1771,19.9412],[-155.1783,19.941],[-155.1784,19.94],[-155.1808,19.9372],[-155.1811,19.9361],[-155.1823,19.9363],[-155.1828,19.9349],[-155.1862,19.9317],[-155.1866,19.9307],[-155.1879,19.9306],[-155.1886,19.9297],[-155.1904,19.9289],[-155.1905,19.9282],[-155.1918,19.9272],[-155.1917,19.9262],[-155.1934,19.925],[-155.1944,19.9227],[-155.1974,19.9197],[-155.1978,19.918],[-155.1992,19.9162],[-155.2022,19.915],[-155.2063,19.9109],[-155.2078,19.9106],[-155.2094,19.9092],[-155.2128,19.9088],[-155.2133,19.9082],[-155.2156,19.9085],[-155.2168,19.9081],[-155.2152,19.9045],[-155.2149,19.9015],[-155.2122,19.9014],[-155.211,19.9007],[-155.2059,19.9012],[-155.2031,19.9024],[-155.2025,19.9036],[-155.201,19.9044],[-155.2005,19.9056],[-155.1992,19.9057],[-155.1975,19.9087],[-155.1937,19.9104],[-155.1925,19.9102],[-155.1903,19.9118],[-155.1898,19.9116],[-155.1882,19.9125],[-155.1869,19.9137],[-155.186,19.9163],[-155.1847,19.9169],[-155.1846,19.9182],[-155.1837,19.9195],[-155.1823,19.9203],[-155.181,19.9203],[-155.1795,19.9216],[-155.1769,19.9221],[-155.1758,19.9235],[-155.1749,19.9237],[-155.1753,19.9247],[-155.1748,19.9252],[-155.1747,19.9266],[-155.1727,19.9271],[-155.1708,19.9284],[-155.1695,19.9282],[-155.1685,19.9289],[-155.1675,19.9283],[-155.1669,19.9292],[-155.1651,19.9295],[-155.1638,19.9308],[-155.1631,19.9325],[-155.1616,19.9327],[-155.1622,19.9327],[-155.1623,19.9332],[-155.1611,19.9338],[-155.1611,19.9342],[-155.1633,19.9364],[-155.1656,19.9374],[-155.1679,19.9392],[-155.1725,19.9347],[-155.1723,19.9337],[-155.1743,19.9314],[-155.1746,19.9293],[-155.1767,19.9285],[-155.1777,19.9273],[-155.1793,19.9268],[-155.1804,19.9257],[-155.182,19.9252],[-155.1858,19.9218],[-155.1923,19.9143],[-155.2048,19.9099],[-155.1932,19.9154],[-155.191,19.9176],[-155.1894,19.9185],[-155.1875,19.9221],[-155.1866,19.9231],[-155.1859,19.9232],[-155.1845,19.9253],[-155.1831,19.9259],[-155.1812,19.9282],[-155.1796,19.9285],[-155.1784,19.9312],[-155.1778,19.9313],[-155.1778,19.932],[-155.1758,19.9339],[-155.1733,19.9346],[-155.1726,19.9365],[-155.1698,19.9399],[-155.1696,19.9408]]]}},{"type":"Feature","properties":{"ahupuaa":"Manoloa","moku":"Hilo"},"geometry":{"type":"Polygon","coordinates":[[[-155.174,19.9442],[-155.1752,19.9448],[-155.1761,19.9437],[-155.179,19.9422],[-155.1807,19.9405],[-155.1813,19.9389],[-155.1827,19.9381],[-155.1858,19.9346],[-155.1871,19.9322],[-155.1883,19.9311],[-155.1906,19.9302],[-155.1958,19.9262],[-155.1996,19.922],[-155.2035,19.9187],[-155.2067,19.9145],[-155.2121,19.9108],[-155.2178,19.9078],[-155.2156,19.9085],[-155.2133,19.9082],[-155.2128,19.9088],[-155.2094,19.9092],[-155.2078,19.9106],[-155.2063,19.9109],[-155.2022,19.915],[-155.1992,19.9162],[-155.1978,19.918],[-155.1974,19.9197],[-155.1944,19.9227],[-155.1934,19.925],[-155.1917,19.9262],[-155.1918,19.9272],[-155.1905,19.9282],[-155.1904,19.9289],[-155.1886,19.9297],[-155.1879,19.9306],[-155.1866,19.9307],[-155.1862,19.9317],[-155.1828,19.9349],[-155.1823,19.9363],[-155.1811,19.9361],[-155.1808,19.9372],[-155.1784,19.94],[-155.1783,19.941],[-155.1771,19.9412],[-155.1762,19.9428],[-155.174,19.9442]]]}},{"type":"Feature","properties":{"ahupuaa":"Kaiaʻakea","moku":"Hilo"},"geometry":{"type":"Polygon","coordinates":[[[-155.1772,19.9468],[-155.1778,19.9488],[-155.1787,19.9488],[-155.1795,19.9496],[-155.1821,19.9478],[-155.1834,19.9462],[-155.1837,19.9448],[-155.1855,19.9436],[-155.1864,19.9421],[-155.1886,19.9403],[-155.1898,19.9402],[-155.192,19.937],[-155.1924,19.9351],[-155.1942,19.933],[-155.1941,19.9312],[-155.1932,19.9317],[-155.19,19.936],[-155.1829,19.9428],[-155.1772,19.9468]]]}},{"type":"Feature","properties":{"ahupuaa":"Honomainoa","moku":"Hilo"},"geometry":{"type":"Polygon","coordinates":[[[-155.1852,19.9531],[-155.1872,19.9541],[-155.1895,19.9545],[-155.1921,19.95],[-155.1916,19.9488],[-155.1937,19.9473],[-155.1944,19.9453],[-155.1956,19.9438],[-155.1984,19.9418],[-155.1986,19.9408],[-155.2014,19.9369],[-155.1953,19.9418],[-155.1927,19.9464],[-155.1905,19.9488],[-155.1904,19.95],[-155.1888,19.9509],[-155.1873,19.9507],[-155.1852,19.9531]]]}},{"type":"Feature","properties":{"ahupuaa":"Kulanakiʻi, Kahīnano","moku":"Hilo"},"geometry":{"type":"Polygon","coordinates":[[[-155.1986,19.9408],[-155.1961,19.9505],[-155.1958,19.9513],[-155.1944,19.9538],[-155.1937,19.9548],[-155.1935,19.9552],[-155.1934,19.9554],[-155.1946,19.955],[-155.1979,19.9482],[-155.1984,19.9461],[-155.1996,19.9458],[-155.2007,19.9442],[-155.2018,19.9443],[-155.203,19.943],[-155.2018,19.9414],[-155.2017,19.9399],[-155.2035,19.9379],[-155.2057,19.9338],[-155.2069,19.9332],[-155.2071,19.9312],[-155.2083,19.9301],[-155.2091,19.9303],[-155.2096,19.9295],[-155.21,19.9288],[-155.2088,19.9278],[-155.2172,19.9222],[-155.2177,19.9228],[-155.2206,19.921],[-155.219,19.9143],[-155.2172,19.9113],[-155.2169,19.9084],[-155.2121,19.9108],[-155.2067,19.9145],[-155.2035,19.9187],[-155.1996,19.922],[-155.1958,19.9262],[-155.1906,19.9302],[-155.1875,19.9318],[-155.1858,19.9346],[-155.1827,19.9381],[-155.1813,19.9389],[-155.1807,19.9405],[-155.1782,19.9428],[-155.1761,19.9437],[-155.1752,19.9448],[-155.1756,19.9457],[-155.1764,19.9458],[-155.1772,19.9468],[-155.1805,19.9448],[-155.19,19.936],[-155.1938,19.9311],[-155.1944,19.9319],[-155.1942,19.933],[-155.1924,19.9351],[-155.192,19.937],[-155.1898,19.9402],[-155.1886,19.9403],[-155.1864,19.9421],[-155.1855,19.9436],[-155.1837,19.9448],[-155.1835,19.946],[-155.1823,19.9476],[-155.1795,19.9496],[-155.1852,19.9531],[-155.1873,19.9507],[-155.1895,19.9507],[-155.1904,19.95],[-155.1905,19.9488],[-155.1927,19.9464],[-155.1953,19.9418],[-155.2014,19.9369],[-155.1986,19.9408]]]}},{"type":"Feature","properties":{"ahupuaa":"Mauluanui","moku":"Hilo"},"geometry":{"type":"Polygon","coordinates":[[[-155.1967,19.958],[-155.1991,19.9574],[-155.1998,19.9568],[-155.2002,19.9555],[-155.2012,19.9552],[-155.2087,19.9492],[-155.2252,19.9372],[-155.2441,19.9155],[-155.2722,19.8982],[-155.3383,19.8778],[-155.3347,19.8605],[-155.2904,19.8704],[-155.2477,19.8793],[-155.2199,19.9135],[-155.2199,19.9181],[-155.2206,19.9206],[-155.2203,19.9247],[-155.2111,19.9277],[-155.2091,19.9303],[-155.2083,19.9301],[-155.2071,19.9312],[-155.2069,19.9332],[-155.2057,19.9338],[-155.2035,19.9379],[-155.2017,19.9399],[-155.2018,19.9414],[-155.203,19.943],[-155.2018,19.9443],[-155.2007,19.9442],[-155.1996,19.9458],[-155.1984,19.9461],[-155.1979,19.9482],[-155.1946,19.9549],[-155.1961,19.9557],[-155.1967,19.958]]]}},{"type":"Feature","properties":{"ahupuaa":"Laupāhoehoe, Welokā","moku":"Hilo"},"geometry":{"type":"Polygon","coordinates":[[[-155.1967,19.958],[-155.1969,19.9605],[-155.1978,19.9604],[-155.1987,19.9614],[-155.1986,19.9619],[-155.2007,19.9632],[-155.2017,19.9645],[-155.2019,19.9666],[-155.2041,19.9679],[-155.204,19.9684],[-155.2052,19.9689],[-155.2065,19.9704],[-155.2073,19.9705],[-155.2077,19.9712],[-155.2115,19.9737],[-155.2122,19.9748],[-155.2131,19.9747],[-155.2138,19.9757],[-155.2187,19.9774],[-155.2185,19.978],[-155.2191,19.9776],[-155.2195,19.9784],[-155.2223,19.9797],[-155.2227,19.9805],[-155.2251,19.9809],[-155.231,19.985],[-155.2386,19.9875],[-155.2408,19.9909],[-155.2405,19.9919],[-155.2398,19.9922],[-155.2397,19.9939],[-155.2449,19.9935],[-155.2473,19.992],[-155.2557,19.9831],[-155.2617,19.9801],[-155.2704,19.9737],[-155.2722,19.971],[-155.2729,19.9708],[-155.2746,19.9677],[-155.2788,19.9634],[-155.2799,19.9604],[-155.2897,19.9445],[-155.2937,19.9406],[-155.3035,19.935],[-155.3303,19.8993],[-155.3413,19.8914],[-155.3383,19.8778],[-155.2722,19.8982],[-155.2441,19.9155],[-155.2252,19.9372],[-155.2087,19.9492],[-155.2012,19.9552],[-155.2002,19.9555],[-155.1998,19.9568],[-155.1991,19.9574],[-155.1967,19.958]]]}},{"type":"Feature","properties":{"ahupuaa":"Kanahonua","moku":"Hāmākua"},"geometry":{"type":"Polygon","coordinates":[[[-155.5807,20.092],[-155.5792,20.0922],[-155.5762,20.0952],[-155.575,20.0973],[-155.5729,20.1048],[-155.5699,20.1108],[-155.5676,20.1186],[-155.5682,20.1259],[-155.5705,20.1254],[-155.5727,20.1236],[-155.5739,20.1235],[-155.5743,20.1143],[-155.5761,20.1045],[-155.5789,20.0982],[-155.5792,20.0959],[-155.5809,20.0932],[-155.5807,20.092]]]}},{"type":"Feature","properties":{"ahupuaa":"Waipunalei","moku":"Hilo"},"geometry":{"type":"Polygon","coordinates":[[[-155.2432,19.9939],[-155.2477,19.9946],[-155.2489,19.9954],[-155.2498,19.9969],[-155.2506,19.9954],[-155.2548,19.9925],[-155.256,19.991],[-155.2572,19.9908],[-155.2586,19.9894],[-155.26,19.989],[-155.2654,19.9825],[-155.2804,19.9701],[-155.2811,19.9692],[-155.2815,19.9666],[-155.2837,19.9642],[-155.2871,19.9647],[-155.2893,19.9626],[-155.2922,19.9608],[-155.2948,19.9561],[-155.2946,19.9545],[-155.296,19.949],[-155.297,19.9486],[-155.2977,19.9472],[-155.3012,19.9446],[-155.3028,19.9426],[-155.3058,19.9418],[-155.3086,19.9381],[-155.313,19.9356],[-155.3147,19.9303],[-155.3149,19.9273],[-155.3173,19.9246],[-155.3194,19.9237],[-155.3248,19.9194],[-155.333,19.9089],[-155.3303,19.8993],[-155.3035,19.935],[-155.2937,19.9406],[-155.2897,19.9445],[-155.2799,19.9604],[-155.2788,19.9634],[-155.2746,19.9677],[-155.2729,19.9708],[-155.2722,19.971],[-155.2704,19.9737],[-155.2617,19.9801],[-155.2557,19.9831],[-155.2473,19.992],[-155.2449,19.9935],[-155.2432,19.9939]]]}},{"type":"Feature","properties":{"ahupuaa":"Kahoahuna, Paʻana","moku":"Hilo"},"geometry":{"type":"Polygon","coordinates":[[[-155.2498,19.9969],[-155.2516,20.0007],[-155.2531,20.0009],[-155.2547,20.0027],[-155.256,20.0034],[-155.2588,20.0041],[-155.2604,20.0057],[-155.2616,20.0055],[-155.2619,20.0045],[-155.2637,20.003],[-155.2658,20.0023],[-155.2673,20.0011],[-155.267,20.0001],[-155.2675,19.999],[-155.2666,19.9977],[-155.27,19.9945],[-155.2696,19.9904],[-155.2709,19.99],[-155.2711,19.9889],[-155.2724,19.9874],[-155.2764,19.9853],[-155.2781,19.983],[-155.2826,19.9789],[-155.2837,19.9744],[-155.2896,19.9666],[-155.2871,19.9647],[-155.2837,19.9642],[-155.2815,19.9666],[-155.2811,19.9692],[-155.2804,19.9701],[-155.2654,19.9825],[-155.26,19.989],[-155.2586,19.9894],[-155.2572,19.9908],[-155.256,19.991],[-155.2548,19.9925],[-155.2506,19.9954],[-155.2498,19.9969]]]}},{"type":"Feature","properties":{"ahupuaa":"Humuʻula","moku":"Hilo"},"geometry":{"type":"Polygon","coordinates":[[[-155.2616,20.0055],[-155.2623,20.006],[-155.2628,20.0075],[-155.2668,20.0106],[-155.2712,20.007],[-155.2735,20.0063],[-155.2746,20.0051],[-155.2755,20.003],[-155.2772,20.0012],[-155.2795,20.0001],[-155.283,19.9975],[-155.2832,19.9953],[-155.2843,19.9942],[-155.2849,19.9916],[-155.2866,19.9886],[-155.2877,19.9878],[-155.2878,19.9863],[-155.2901,19.9851],[-155.2938,19.9792],[-155.298,19.9787],[-155.2993,19.9761],[-155.3026,19.9715],[-155.3049,19.9704],[-155.3057,19.9692],[-155.3058,19.9673],[-155.307,19.9648],[-155.309,19.964],[-155.3094,19.9623],[-155.3125,19.961],[-155.3131,19.9599],[-155.314,19.9595],[-155.3164,19.9533],[-155.3183,19.9501],[-155.3219,19.9477],[-155.3233,19.9454],[-155.3241,19.9422],[-155.327,19.9369],[-155.327,19.9356],[-155.3286,19.9347],[-155.33,19.9331],[-155.3319,19.9282],[-155.3336,19.9255],[-155.3381,19.9207],[-155.3413,19.9189],[-155.3424,19.9165],[-155.3449,19.914],[-155.3462,19.9118],[-155.3462,19.9076],[-155.3471,19.9059],[-155.3508,19.9009],[-155.3525,19.9003],[-155.3562,19.8957],[-155.3581,19.8949],[-155.3592,19.8906],[-155.361,19.8883],[-155.3636,19.8861],[-155.3657,19.8857],[-155.3665,19.8851],[-155.3673,19.8839],[-155.3676,19.8822],[-155.3823,19.8623],[-155.4078,19.7939],[-155.4194,19.7474],[-155.4589,19.7538],[-155.4961,19.712],[-155.5555,19.5038],[-155.4644,19.5301],[-155.3529,19.5899],[-155.3902,19.6847],[-155.3969,19.6906],[-155.3891,19.7274],[-155.3411,19.7742],[-155.3436,19.7811],[-155.3384,19.7864],[-155.3355,19.796],[-155.3355,19.8109],[-155.332,19.8324],[-155.3347,19.8605],[-155.3413,19.8914],[-155.3303,19.8993],[-155.333,19.9089],[-155.3248,19.9194],[-155.3194,19.9237],[-155.3173,19.9246],[-155.3149,19.9273],[-155.3147,19.9303],[-155.313,19.9356],[-155.3086,19.9381],[-155.3058,19.9418],[-155.3028,19.9426],[-155.3012,19.9446],[-155.2977,19.9472],[-155.297,19.9486],[-155.296,19.949],[-155.2946,19.9545],[-155.2948,19.9561],[-155.2922,19.9608],[-155.2893,19.9626],[-155.2871,19.9647],[-155.2896,19.9666],[-155.2837,19.9744],[-155.283,19.9783],[-155.2781,19.983],[-155.2764,19.9853],[-155.2724,19.9874],[-155.2711,19.9889],[-155.2709,19.99],[-155.2696,19.9904],[-155.27,19.9945],[-155.2666,19.9977],[-155.2675,19.999],[-155.267,20.0001],[-155.2673,20.0011],[-155.2658,20.0023],[-155.2637,20.003],[-155.2619,20.0045],[-155.2616,20.0055]]]}},{"type":"Feature","properties":{"ahupuaa":"Kealakomo","moku":"Puna"},"geometry":{"type":"Polygon","coordinates":[[[-155.1401,19.2742],[-155.1447,19.3104],[-155.1456,19.332],[-155.1502,19.3365],[-155.1697,19.3489],[-155.1724,19.3416],[-155.1628,19.296],[-155.1627,19.265],[-155.1583,19.2659],[-155.157,19.2652],[-155.1525,19.2668],[-155.1503,19.2679],[-155.1487,19.2696],[-155.1458,19.2704],[-155.1438,19.2727],[-155.1401,19.2742]]]}},{"type":"Feature","properties":{"ahupuaa":"ʻOʻōkala","moku":"Hilo"},"geometry":{"type":"Polygon","coordinates":[[[-155.2668,20.0106],[-155.2687,20.0123],[-155.2748,20.0157],[-155.2748,20.0162],[-155.2764,20.017],[-155.2773,20.0169],[-155.28,20.0189],[-155.2818,20.0192],[-155.2832,20.0187],[-155.2832,20.0192],[-155.2849,20.0194],[-155.2854,20.0156],[-155.2862,20.0145],[-155.2861,20.0137],[-155.2871,20.0129],[-155.2865,20.0123],[-155.2867,20.0104],[-155.2859,20.0092],[-155.2861,20.008],[-155.287,20.0071],[-155.2864,20.006],[-155.2871,20.0052],[-155.2869,20.0041],[-155.2888,20.0011],[-155.29,20.0011],[-155.2911,19.9997],[-155.2908,19.9987],[-155.2932,19.9924],[-155.293,19.991],[-155.2939,19.9891],[-155.2934,19.9854],[-155.2965,19.9815],[-155.297,19.9794],[-155.2975,19.979],[-155.2938,19.9792],[-155.2901,19.9851],[-155.2878,19.9863],[-155.2877,19.9878],[-155.2866,19.9886],[-155.2849,19.9916],[-155.2843,19.9942],[-155.2832,19.9953],[-155.283,19.9975],[-155.2795,20.0001],[-155.2772,20.0012],[-155.2755,20.003],[-155.2746,20.0051],[-155.2735,20.0063],[-155.2712,20.007],[-155.2668,20.0106]]]}},{"type":"Feature","properties":{"ahupuaa":"Laeʻapuki, Pānaui-iki","moku":"Puna"},"geometry":{"type":"Polygon","coordinates":[[[-155.0614,19.3132],[-155.0615,19.3148],[-155.0694,19.3217],[-155.079,19.3336],[-155.1036,19.3583],[-155.1149,19.3609],[-155.1228,19.355],[-155.0994,19.3428],[-155.1025,19.3333],[-155.0995,19.3263],[-155.0905,19.2975],[-155.0879,19.2979],[-155.0856,19.3002],[-155.0836,19.3013],[-155.0796,19.306],[-155.0753,19.3079],[-155.0719,19.3116],[-155.068,19.3131],[-155.0646,19.3128],[-155.0626,19.3134],[-155.0614,19.3132]]]}},{"type":"Feature","properties":{"ahupuaa":"Hulunanai","moku":"Puna"},"geometry":{"type":"Polygon","coordinates":[[[-154.9891,19.3412],[-154.9896,19.3431],[-155.0044,19.361],[-155.0076,19.3666],[-155.0098,19.3689],[-155.0117,19.3698],[-155.0104,19.366],[-155.0069,19.3609],[-155.0057,19.3552],[-154.9978,19.3441],[-154.9951,19.3388],[-154.9932,19.3398],[-154.9933,19.3401],[-154.9926,19.3398],[-154.9891,19.3412]]]}},{"type":"Feature","properties":{"ahupuaa":"ʻĀpua","moku":"Puna"},"geometry":{"type":"Polygon","coordinates":[[[-155.2054,19.3715],[-155.217,19.3752],[-155.2249,19.3542],[-155.2153,19.3166],[-155.2136,19.2584],[-155.2115,19.2581],[-155.2103,19.2572],[-155.2066,19.2562],[-155.2058,19.2573],[-155.2045,19.2578],[-155.1989,19.2576],[-155.1969,19.2584],[-155.1942,19.2584],[-155.1934,19.2579],[-155.1925,19.2559],[-155.1916,19.2563],[-155.1902,19.2581],[-155.1898,19.26],[-155.1886,19.2612],[-155.1894,19.3191],[-155.1749,19.3344],[-155.1697,19.3489],[-155.2054,19.3715]]]}},{"type":"Feature","properties":{"ahupuaa":"Iliʻililoa","moku":"Puna"},"geometry":{"type":"Polygon","coordinates":[[[-154.8775,19.4281],[-154.8765,19.4292],[-154.8787,19.4307],[-154.8801,19.4328],[-154.8847,19.4372],[-154.8851,19.4375],[-154.8868,19.4368],[-154.8858,19.4353],[-154.8849,19.4352],[-154.878,19.4265],[-154.8774,19.427],[-154.8775,19.4281]]]}},{"type":"Feature","properties":{"ahupuaa":"Hanapai, Niupuka","moku":"Hāmākua"},"geometry":{"type":"Polygon","coordinates":[[[-155.5417,20.1229],[-155.543,20.1229],[-155.5437,20.1235],[-155.547,20.1243],[-155.5487,20.1254],[-155.549,20.1263],[-155.5505,20.125],[-155.5516,20.1223],[-155.5535,20.108],[-155.5589,20.082],[-155.5599,20.0743],[-155.5545,20.0747],[-155.552,20.079],[-155.5536,20.079],[-155.552,20.0868],[-155.5481,20.0974],[-155.5482,20.1004],[-155.5464,20.1082],[-155.5417,20.1229]]]}},{"type":"Feature","properties":{"ahupuaa":"Poupou 1-2, Pūlama","moku":"Puna"},"geometry":{"type":"Polygon","coordinates":[[[-155.0163,19.3291],[-155.0239,19.3393],[-155.0262,19.3446],[-155.0275,19.3505],[-155.0303,19.356],[-155.0337,19.3613],[-155.0338,19.3627],[-155.0422,19.3748],[-155.0585,19.3679],[-155.0517,19.3597],[-155.0482,19.3536],[-155.047,19.3467],[-155.0454,19.3284],[-155.043,19.3191],[-155.0359,19.3226],[-155.0301,19.3235],[-155.0277,19.3243],[-155.0249,19.3266],[-155.0235,19.3265],[-155.0208,19.328],[-155.0187,19.3281],[-155.0163,19.3291]]]}},{"type":"Feature","properties":{"ahupuaa":"Pānauinui","moku":"Puna"},"geometry":{"type":"Polygon","coordinates":[[[-155.1228,19.355],[-155.1988,19.3919],[-155.2054,19.3715],[-155.1502,19.3365],[-155.1456,19.332],[-155.1447,19.3104],[-155.1401,19.2742],[-155.1367,19.2739],[-155.135,19.2731],[-155.1311,19.2732],[-155.1288,19.2748],[-155.1272,19.2751],[-155.1242,19.277],[-155.1227,19.2774],[-155.1218,19.2785],[-155.1183,19.2805],[-155.1178,19.2813],[-155.1155,19.2828],[-155.1156,19.2832],[-155.1133,19.2857],[-155.1087,19.288],[-155.1013,19.2932],[-155.0994,19.2938],[-155.0971,19.2954],[-155.093,19.2962],[-155.0905,19.2975],[-155.0995,19.3263],[-155.1025,19.3333],[-155.0994,19.3428],[-155.1228,19.355]]]}},{"type":"Feature","properties":{"ahupuaa":"Opihikao","moku":"Puna"},"geometry":{"type":"Polygon","coordinates":[[[-154.8868,19.4368],[-154.8902,19.4389],[-154.8919,19.4386],[-154.8994,19.4402],[-154.9012,19.4414],[-154.9157,19.446],[-154.9223,19.4504],[-154.9244,19.4506],[-154.9226,19.445],[-154.9218,19.4445],[-154.921,19.4448],[-154.9185,19.4428],[-154.9114,19.4348],[-154.9067,19.4316],[-154.8995,19.4301],[-154.8967,19.4288],[-154.8913,19.4282],[-154.8893,19.4268],[-154.8833,19.4243],[-154.8829,19.4248],[-154.8803,19.4251],[-154.8799,19.4256],[-154.8786,19.4254],[-154.8779,19.4265],[-154.8849,19.4352],[-154.8858,19.4353],[-154.8868,19.4368]]]}},{"type":"Feature","properties":{"ahupuaa":"Kamoamoa","moku":"Puna"},"geometry":{"type":"Polygon","coordinates":[[[-155.0585,19.3679],[-155.1218,19.3987],[-155.1442,19.3653],[-155.1228,19.355],[-155.1149,19.3609],[-155.1036,19.3583],[-155.079,19.3336],[-155.0694,19.3217],[-155.0615,19.3148],[-155.0614,19.3132],[-155.0601,19.3131],[-155.0587,19.3135],[-155.0581,19.3148],[-155.0545,19.3176],[-155.0507,19.317],[-155.0477,19.318],[-155.0462,19.3178],[-155.043,19.3191],[-155.0454,19.3284],[-155.047,19.3467],[-155.0482,19.3536],[-155.0517,19.3597],[-155.0585,19.3679]]]}},{"type":"Feature","properties":{"ahupuaa":"Kalakalaula","moku":"Hāmākua"},"geometry":{"type":"Polygon","coordinates":[[[-155.5608,20.0895],[-155.5592,20.1029],[-155.556,20.1136],[-155.5534,20.1187],[-155.5536,20.1199],[-155.5531,20.1221],[-155.5517,20.1246],[-155.5511,20.1274],[-155.5515,20.1273],[-155.552,20.1247],[-155.5536,20.1215],[-155.5553,20.1195],[-155.5566,20.116],[-155.5566,20.1146],[-155.5577,20.113],[-155.5583,20.1109],[-155.5623,20.0943],[-155.5624,20.0898],[-155.5608,20.0895]]]}},{"type":"Feature","properties":{"ahupuaa":"Kalapana, Kupahua","moku":"Puna"},"geometry":{"type":"Polygon","coordinates":[[[-154.9699,19.3595],[-154.9737,19.3612],[-154.9735,19.3622],[-154.9854,19.3777],[-154.9864,19.3772],[-154.9935,19.39],[-154.995,19.3919],[-154.998,19.3929],[-155.0107,19.4025],[-155.0336,19.3864],[-155.0181,19.3508],[-155.0087,19.3341],[-155.0075,19.334],[-155.0063,19.3348],[-155.0046,19.3348],[-155.0033,19.3359],[-155.0007,19.3367],[-155.0,19.3374],[-154.9993,19.3368],[-154.9996,19.3374],[-154.9993,19.3377],[-154.9951,19.3388],[-154.9978,19.3441],[-155.0057,19.3552],[-155.0069,19.3609],[-155.0104,19.366],[-155.0117,19.3698],[-155.0098,19.3689],[-155.0076,19.3666],[-155.0044,19.361],[-154.9896,19.3431],[-154.9891,19.3412],[-154.987,19.3423],[-154.9861,19.3439],[-154.9851,19.3438],[-154.9836,19.3445],[-154.9831,19.3442],[-154.9832,19.3445],[-154.9788,19.3459],[-154.9752,19.3485],[-154.9749,19.349],[-154.9752,19.3497],[-154.9745,19.3508],[-154.975,19.3506],[-154.9737,19.3516],[-154.974,19.3528],[-154.9734,19.3544],[-154.9721,19.356],[-154.9703,19.3567],[-154.9692,19.3583],[-154.9699,19.3595]]]}},{"type":"Feature","properties":{"ahupuaa":"Kīkala 1-2, Kēōkea","moku":"Puna"},"geometry":{"type":"Polygon","coordinates":[[[-154.9315,19.3893],[-154.9351,19.3931],[-154.941,19.3977],[-154.957,19.4186],[-154.959,19.4176],[-154.9604,19.4157],[-154.9626,19.4159],[-154.9646,19.4146],[-154.9661,19.4146],[-154.9672,19.412],[-154.967,19.4116],[-154.9684,19.4097],[-154.9722,19.407],[-154.974,19.4051],[-154.9628,19.3829],[-154.9548,19.3685],[-154.9519,19.3701],[-154.9479,19.3738],[-154.9453,19.3751],[-154.9398,19.3799],[-154.9395,19.3806],[-154.9344,19.3835],[-154.9339,19.3853],[-154.9315,19.3893]]]}},{"type":"Feature","properties":{"ahupuaa":"Kukuihala, Kamāʻili","moku":"Puna"},"geometry":{"type":"Polygon","coordinates":[[[-154.8966,19.412],[-154.9212,19.4258],[-154.9214,19.4274],[-154.923,19.4299],[-154.9268,19.4311],[-154.9284,19.4324],[-154.9314,19.4335],[-154.9319,19.4355],[-154.9344,19.4393],[-154.9331,19.4438],[-154.9363,19.4443],[-154.9373,19.4453],[-154.9369,19.4498],[-154.946,19.4522],[-154.948,19.4503],[-154.9498,19.4502],[-154.9525,19.4487],[-154.9553,19.4479],[-154.9598,19.4437],[-154.9615,19.4382],[-154.9638,19.4354],[-154.9598,19.4302],[-154.9572,19.4302],[-154.9538,19.4264],[-154.9491,19.4269],[-154.9357,19.421],[-154.9322,19.4253],[-154.9242,19.4188],[-154.9208,19.4169],[-154.9099,19.4085],[-154.9085,19.4063],[-154.9073,19.4073],[-154.9053,19.4078],[-154.9038,19.4091],[-154.9025,19.409],[-154.9001,19.4103],[-154.8993,19.4099],[-154.8991,19.4105],[-154.8973,19.4112],[-154.8966,19.412]]]}},{"type":"Feature","properties":{"ahupuaa":"Keauohana, Kehena","moku":"Puna"},"geometry":{"type":"Polygon","coordinates":[[[-154.9085,19.4063],[-154.9099,19.4085],[-154.9208,19.4169],[-154.9242,19.4188],[-154.9322,19.4253],[-154.9357,19.421],[-154.9491,19.4269],[-154.9538,19.4264],[-154.9545,19.4271],[-154.9547,19.4268],[-154.9559,19.4229],[-154.9563,19.4194],[-154.957,19.4186],[-154.941,19.3977],[-154.9351,19.3931],[-154.9315,19.3893],[-154.9306,19.3909],[-154.9304,19.3927],[-154.9289,19.3946],[-154.9277,19.3952],[-154.9268,19.3946],[-154.9246,19.3949],[-154.9218,19.3965],[-154.9216,19.3972],[-154.9205,19.3978],[-154.9194,19.3978],[-154.9188,19.3985],[-154.9183,19.3983],[-154.9143,19.4029],[-154.9085,19.4063]]]}},{"type":"Feature","properties":{"ahupuaa":"Kaimū","moku":"Puna"},"geometry":{"type":"Polygon","coordinates":[[[-154.9648,19.4146],[-154.9675,19.4176],[-154.9712,19.4261],[-154.9762,19.4297],[-154.9796,19.4275],[-154.9862,19.4199],[-155.0107,19.4025],[-154.998,19.3929],[-154.995,19.3919],[-154.9935,19.39],[-154.9864,19.3772],[-154.9854,19.3777],[-154.9735,19.3622],[-154.9737,19.3612],[-154.9699,19.3595],[-154.9699,19.3604],[-154.968,19.3621],[-154.9649,19.362],[-154.9611,19.3628],[-154.9591,19.3652],[-154.9571,19.3659],[-154.9562,19.3674],[-154.9548,19.3685],[-154.9628,19.3829],[-154.974,19.4051],[-154.9722,19.407],[-154.9684,19.4097],[-154.967,19.4116],[-154.9672,19.412],[-154.9661,19.4146],[-154.9648,19.4146]]]}},{"type":"Feature","properties":{"ahupuaa":"Kahaualeʻa","moku":"Puna"},"geometry":{"type":"Polygon","coordinates":[[[-155.0336,19.3864],[-155.04,19.3958],[-155.0614,19.4053],[-155.1198,19.446],[-155.1841,19.4301],[-155.2361,19.4148],[-155.238,19.4133],[-155.217,19.3752],[-155.2054,19.3715],[-155.1988,19.3919],[-155.1442,19.3653],[-155.1218,19.3987],[-155.0585,19.3679],[-155.0422,19.3748],[-155.0338,19.3627],[-155.0337,19.3613],[-155.0303,19.356],[-155.0275,19.3505],[-155.0262,19.3446],[-155.0239,19.3393],[-155.0161,19.3291],[-155.0154,19.3296],[-155.0152,19.3316],[-155.0158,19.3318],[-155.0142,19.3332],[-155.0126,19.333],[-155.0105,19.334],[-155.0087,19.3341],[-155.0181,19.3508],[-155.0336,19.3864]]]}},{"type":"Feature","properties":{"ahupuaa":"Kaueleau","moku":"Puna"},"geometry":{"type":"Polygon","coordinates":[[[-154.9244,19.4506],[-154.9382,19.452],[-154.9537,19.4543],[-154.9369,19.4498],[-154.9373,19.4453],[-154.9363,19.4443],[-154.9331,19.4438],[-154.9344,19.4393],[-154.9319,19.4355],[-154.9314,19.4335],[-154.9284,19.4324],[-154.9268,19.4311],[-154.9226,19.4296],[-154.9214,19.4274],[-154.9212,19.4258],[-154.8966,19.412],[-154.8958,19.4132],[-154.8939,19.4135],[-154.8927,19.4143],[-154.8914,19.4141],[-154.8889,19.4159],[-154.8884,19.4158],[-154.8882,19.4162],[-154.8887,19.4168],[-154.8876,19.4173],[-154.8877,19.4181],[-154.8871,19.4178],[-154.8867,19.4199],[-154.8863,19.4201],[-154.8865,19.422],[-154.8855,19.4232],[-154.8833,19.4243],[-154.8893,19.4268],[-154.8913,19.4282],[-154.8967,19.4288],[-154.8995,19.4301],[-154.9059,19.4312],[-154.9093,19.4332],[-154.9114,19.4348],[-154.9175,19.4413],[-154.9178,19.4422],[-154.921,19.4448],[-154.9218,19.4445],[-154.9226,19.445],[-154.9244,19.4506]]]}},{"type":"Feature","properties":{"ahupuaa":"Kauaea","moku":"Puna"},"geometry":{"type":"Polygon","coordinates":[[[-154.8974,19.4529],[-154.9306,19.4557],[-154.9591,19.4579],[-154.9557,19.4552],[-154.9537,19.4543],[-154.9382,19.452],[-154.9223,19.4504],[-154.9157,19.446],[-154.9012,19.4414],[-154.8994,19.4402],[-154.8919,19.4386],[-154.8902,19.4389],[-154.8868,19.4368],[-154.8851,19.4375],[-154.8801,19.4328],[-154.8787,19.4307],[-154.8765,19.4292],[-154.8753,19.4312],[-154.8739,19.4316],[-154.8735,19.4325],[-154.8724,19.4323],[-154.8715,19.433],[-154.8974,19.4529]]]}},{"type":"Feature","properties":{"ahupuaa":"Malama 1","moku":"Puna"},"geometry":{"type":"Polygon","coordinates":[[[-154.8792,19.4604],[-154.8855,19.4612],[-154.8882,19.4623],[-154.8907,19.4627],[-154.892,19.4627],[-154.8932,19.4619],[-154.8948,19.4626],[-154.905,19.4536],[-154.8974,19.4529],[-154.8709,19.4325],[-154.8706,19.4331],[-154.8657,19.4352],[-154.863,19.4387],[-154.8594,19.4407],[-154.8553,19.4445],[-154.8698,19.4535],[-154.877,19.4568],[-154.8796,19.4587],[-154.8792,19.4604]]]}},{"type":"Feature","properties":{"ahupuaa":"Pohoiki","moku":"Puna"},"geometry":{"type":"Polygon","coordinates":[[[-154.841,19.4577],[-154.8454,19.4617],[-154.8517,19.4649],[-154.8639,19.4722],[-154.8793,19.4777],[-154.8811,19.4767],[-154.8741,19.4673],[-154.8716,19.4664],[-154.866,19.4666],[-154.8515,19.4599],[-154.8502,19.4581],[-154.8437,19.455],[-154.8442,19.4562],[-154.8435,19.457],[-154.8436,19.4575],[-154.8426,19.4578],[-154.8419,19.4571],[-154.841,19.4577]]]}},{"type":"Feature","properties":{"ahupuaa":"Ahalanui, Laepaoʻo","moku":"Puna"},"geometry":{"type":"Polygon","coordinates":[[[-154.8318,19.4683],[-154.8388,19.472],[-154.8403,19.4736],[-154.8466,19.4761],[-154.8535,19.48],[-154.8632,19.4823],[-154.8793,19.4777],[-154.8639,19.4722],[-154.8517,19.4649],[-154.8454,19.4617],[-154.841,19.4577],[-154.8402,19.4587],[-154.8389,19.459],[-154.8357,19.4609],[-154.8358,19.4618],[-154.8346,19.4629],[-154.8318,19.4683]]]}},{"type":"Feature","properties":{"ahupuaa":"Keahialaka","moku":"Puna"},"geometry":{"type":"Polygon","coordinates":[[[-154.8942,19.4715],[-154.9077,19.4798],[-154.9204,19.481],[-154.9206,19.4819],[-154.9229,19.4842],[-154.9456,19.4859],[-154.9479,19.4815],[-154.9474,19.4794],[-154.9512,19.4769],[-154.9533,19.4718],[-154.952,19.4713],[-154.9528,19.466],[-154.9579,19.4613],[-154.9591,19.4579],[-154.905,19.4536],[-154.8948,19.4626],[-154.8932,19.4619],[-154.892,19.4627],[-154.8907,19.4627],[-154.8882,19.4623],[-154.8855,19.4612],[-154.8792,19.4604],[-154.8761,19.4584],[-154.8731,19.4589],[-154.8715,19.4566],[-154.8716,19.4571],[-154.8705,19.457],[-154.8699,19.4561],[-154.8683,19.4584],[-154.8673,19.4585],[-154.8657,19.4575],[-154.8645,19.4574],[-154.8619,19.4584],[-154.86,19.4571],[-154.8592,19.4558],[-154.8576,19.4549],[-154.8567,19.4526],[-154.8551,19.4524],[-154.8489,19.4496],[-154.8484,19.4502],[-154.8481,19.45],[-154.8466,19.4529],[-154.8451,19.4546],[-154.8437,19.455],[-154.8502,19.4581],[-154.8515,19.4599],[-154.866,19.4666],[-154.8716,19.4664],[-154.8741,19.4673],[-154.8811,19.4767],[-154.8866,19.4737],[-154.8942,19.4715]]]}},{"type":"Feature","properties":{"ahupuaa":"Pūʻālaʻa","moku":"Puna"},"geometry":{"type":"Polygon","coordinates":[[[-154.8199,19.4798],[-154.833,19.4841],[-154.8629,19.4844],[-154.8632,19.4823],[-154.8535,19.48],[-154.8466,19.4761],[-154.8403,19.4736],[-154.8388,19.472],[-154.8319,19.4683],[-154.8311,19.4685],[-154.8309,19.4698],[-154.8295,19.47],[-154.8293,19.4706],[-154.8274,19.4706],[-154.8248,19.4736],[-154.8225,19.4751],[-154.8199,19.4798]]]}},{"type":"Feature","properties":{"ahupuaa":"Waiakahiula, Kaʻohe","moku":"Puna"},"geometry":{"type":"Polygon","coordinates":[[[-154.937,19.5023],[-154.9398,19.507],[-154.9503,19.5021],[-154.9524,19.4979],[-154.9657,19.4847],[-154.9691,19.4826],[-154.9729,19.4788],[-154.9812,19.4744],[-154.9845,19.4707],[-155.0004,19.4857],[-155.002,19.4862],[-155.0079,19.4855],[-155.0147,19.4964],[-155.0154,19.497],[-155.0173,19.497],[-155.0182,19.4979],[-155.0188,19.4997],[-155.0177,19.5001],[-155.0182,19.5014],[-155.1198,19.446],[-155.0614,19.4053],[-155.04,19.3958],[-155.0336,19.3864],[-154.9862,19.4199],[-154.9796,19.4275],[-154.9762,19.4297],[-154.9712,19.4261],[-154.9675,19.4176],[-154.9648,19.4146],[-154.9626,19.4159],[-154.96,19.4159],[-154.959,19.4176],[-154.9564,19.4191],[-154.9559,19.4229],[-154.9545,19.4271],[-154.9572,19.4302],[-154.9598,19.4302],[-154.9638,19.4354],[-154.9615,19.4382],[-154.9598,19.4437],[-154.958,19.4454],[-154.9553,19.4479],[-154.9525,19.4487],[-154.9498,19.4502],[-154.948,19.4503],[-154.946,19.4522],[-154.9537,19.4543],[-154.9557,19.4552],[-154.9591,19.4579],[-154.9579,19.4613],[-154.9528,19.466],[-154.952,19.4713],[-154.9533,19.4718],[-154.9512,19.4769],[-154.9474,19.4794],[-154.9479,19.4815],[-154.9456,19.4859],[-154.9229,19.4842],[-154.9206,19.4819],[-154.9204,19.481],[-154.9077,19.4798],[-154.8961,19.4726],[-154.9047,19.4833],[-154.902,19.4905],[-154.9197,19.4935],[-154.9216,19.4921],[-154.9224,19.4906],[-154.9243,19.4904],[-154.9288,19.4931],[-154.937,19.5023]]]}},{"type":"Feature","properties":{"ahupuaa":"Kahuwai","moku":"Puna"},"geometry":{"type":"Polygon","coordinates":[[[-154.8403,19.5395],[-154.8409,19.5403],[-154.8426,19.5406],[-154.8426,19.5411],[-154.8443,19.5421],[-154.8471,19.5424],[-154.8475,19.5434],[-154.8487,19.5441],[-154.8489,19.5452],[-154.8499,19.5456],[-154.85,19.5465],[-154.851,19.546],[-154.8517,19.5464],[-154.8548,19.5426],[-154.8694,19.5339],[-154.8904,19.5308],[-154.8979,19.5318],[-154.9157,19.5254],[-154.9215,19.524],[-154.9263,19.5207],[-154.9349,19.5135],[-154.9367,19.5118],[-154.9398,19.507],[-154.937,19.5023],[-154.9167,19.5126],[-154.8876,19.5202],[-154.8493,19.5333],[-154.843,19.5366],[-154.8403,19.5395]]]}},{"type":"Feature","properties":{"ahupuaa":"Kapoho","moku":"Puna"},"geometry":{"type":"Polygon","coordinates":[[[-154.8118,19.5046],[-154.8349,19.5069],[-154.8398,19.5062],[-154.8406,19.5067],[-154.8602,19.4979],[-154.8617,19.4964],[-154.8634,19.4957],[-154.87,19.4933],[-154.8818,19.4912],[-154.888,19.4879],[-154.8933,19.4871],[-154.9014,19.4834],[-154.9047,19.4833],[-154.8961,19.4726],[-154.8942,19.4715],[-154.8866,19.4737],[-154.8793,19.4777],[-154.8632,19.4823],[-154.8629,19.4844],[-154.833,19.4841],[-154.8198,19.4798],[-154.8191,19.4837],[-154.8193,19.4861],[-154.8175,19.488],[-154.8164,19.4907],[-154.8165,19.4914],[-154.8175,19.492],[-154.8176,19.4928],[-154.815,19.4955],[-154.8154,19.4964],[-154.8166,19.4957],[-154.8174,19.4962],[-154.8182,19.4959],[-154.8195,19.4978],[-154.8206,19.4981],[-154.8201,19.4992],[-154.8207,19.4995],[-154.8189,19.4992],[-154.8189,19.4997],[-154.8184,19.4997],[-154.8185,19.5004],[-154.8169,19.5015],[-154.8172,19.5019],[-154.8166,19.5015],[-154.817,19.5024],[-154.8165,19.5022],[-154.8163,19.5013],[-154.8154,19.5013],[-154.8153,19.5008],[-154.8145,19.5005],[-154.8138,19.5016],[-154.8122,19.5021],[-154.8117,19.5029],[-154.8118,19.5046]]]}},{"type":"Feature","properties":{"ahupuaa":"Kula","moku":"Puna"},"geometry":{"type":"Polygon","coordinates":[[[-154.8118,19.5046],[-154.811,19.5061],[-154.8116,19.509],[-154.8113,19.5114],[-154.8103,19.513],[-154.8082,19.5137],[-154.8066,19.516],[-154.8068,19.5197],[-154.8094,19.5223],[-154.8106,19.5261],[-154.8142,19.5291],[-154.8162,19.5297],[-154.8179,19.5314],[-154.8464,19.5154],[-154.8467,19.5146],[-154.8493,19.5126],[-154.8539,19.5102],[-154.8595,19.5083],[-154.8633,19.5062],[-154.8658,19.5059],[-154.8844,19.4948],[-154.8881,19.4952],[-154.894,19.4922],[-154.902,19.4905],[-154.9047,19.4833],[-154.9014,19.4834],[-154.8933,19.4871],[-154.888,19.4879],[-154.8818,19.4912],[-154.87,19.4933],[-154.8634,19.4957],[-154.8617,19.4964],[-154.8602,19.4979],[-154.8406,19.5067],[-154.8398,19.5062],[-154.8349,19.5069],[-154.8118,19.5046]]]}},{"type":"Feature","properties":{"ahupuaa":"Puua","moku":"Puna"},"geometry":{"type":"Polygon","coordinates":[[[-154.8179,19.5314],[-154.8202,19.5321],[-154.8243,19.5348],[-154.8273,19.535],[-154.8294,19.5312],[-154.8366,19.5257],[-154.8362,19.525],[-154.8384,19.5228],[-154.8449,19.5189],[-154.8517,19.5176],[-154.8541,19.5186],[-154.8614,19.5191],[-154.8631,19.5201],[-154.8657,19.5207],[-154.8729,19.5187],[-154.8767,19.5191],[-154.8845,19.5182],[-154.8866,19.5184],[-154.8887,19.5176],[-154.9024,19.5163],[-154.9167,19.5126],[-154.937,19.5023],[-154.9288,19.4931],[-154.9243,19.4904],[-154.9224,19.4906],[-154.9216,19.4921],[-154.9197,19.4935],[-154.902,19.4905],[-154.894,19.4922],[-154.8881,19.4952],[-154.8844,19.4948],[-154.8658,19.5059],[-154.8633,19.5062],[-154.8588,19.5086],[-154.8539,19.5102],[-154.8493,19.5126],[-154.8467,19.5146],[-154.8464,19.5154],[-154.8179,19.5314]]]}},{"type":"Feature","properties":{"ahupuaa":"Waʻawaʻa","moku":"Puna"},"geometry":{"type":"Polygon","coordinates":[[[-154.8522,19.5458],[-154.8529,19.5463],[-154.8538,19.546],[-154.8559,19.5466],[-154.8563,19.5463],[-154.8565,19.547],[-154.8567,19.5466],[-154.8572,19.5471],[-154.8579,19.5466],[-154.859,19.5468],[-154.8599,19.548],[-154.8602,19.5476],[-154.8601,19.5479],[-154.861,19.5481],[-154.8641,19.5484],[-154.8658,19.548],[-154.8675,19.5489],[-154.8691,19.5467],[-154.8877,19.5355],[-154.888,19.5313],[-154.8694,19.5339],[-154.8548,19.5426],[-154.8522,19.5458]]]}},{"type":"Feature","properties":{"ahupuaa":"Nānāwale","moku":"Puna"},"geometry":{"type":"Polygon","coordinates":[[[-154.8675,19.5489],[-154.8727,19.5539],[-154.8979,19.5424],[-154.9038,19.537],[-154.9166,19.5282],[-154.9215,19.524],[-154.9157,19.5254],[-154.8979,19.5318],[-154.8904,19.5308],[-154.888,19.5313],[-154.8877,19.5355],[-154.8691,19.5467],[-154.8675,19.5489]]]}},{"type":"Feature","properties":{"ahupuaa":"Honolulu","moku":"Puna"},"geometry":{"type":"Polygon","coordinates":[[[-154.8727,19.5539],[-154.8758,19.5554],[-154.8815,19.5557],[-154.8841,19.5573],[-154.8904,19.5515],[-154.8937,19.5499],[-154.8947,19.5489],[-154.896,19.5474],[-154.8963,19.5457],[-154.8979,19.5424],[-154.8727,19.5539]]]}},{"type":"Feature","properties":{"ahupuaa":"Keonepokonui","moku":"Puna"},"geometry":{"type":"Polygon","coordinates":[[[-154.9045,19.5697],[-154.9116,19.5626],[-154.9298,19.5323],[-154.9601,19.5046],[-154.9713,19.4878],[-154.9785,19.4812],[-154.9743,19.4779],[-154.9729,19.4788],[-154.9691,19.4826],[-154.9657,19.4847],[-154.9524,19.4979],[-154.9503,19.5021],[-154.9398,19.507],[-154.9367,19.5118],[-154.9301,19.5173],[-154.923,19.5293],[-154.9219,19.5342],[-154.914,19.5438],[-154.9,19.5547],[-154.8991,19.5575],[-154.896,19.5608],[-154.8923,19.5638],[-154.8951,19.5657],[-154.9034,19.5686],[-154.9045,19.5697]]]}},{"type":"Feature","properties":{"ahupuaa":"Keonepokoiki","moku":"Puna"},"geometry":{"type":"Polygon","coordinates":[[[-154.9049,19.5697],[-154.9093,19.5744],[-154.9118,19.5788],[-154.9298,19.5563],[-154.9468,19.5466],[-154.9628,19.5238],[-154.9817,19.4878],[-154.9831,19.485],[-154.9829,19.4846],[-154.9785,19.4812],[-154.9753,19.484],[-154.9713,19.4878],[-154.9601,19.5046],[-154.9298,19.5323],[-154.9116,19.5626],[-154.9049,19.5697]]]}},{"type":"Feature","properties":{"ahupuaa":"Makuʻu, Pōpōkī, Hālo","moku":"Puna"},"geometry":{"type":"Polygon","coordinates":[[[-154.9116,19.5789],[-154.9158,19.5806],[-154.9202,19.5814],[-154.9217,19.5829],[-154.9218,19.5839],[-154.9232,19.5856],[-154.9236,19.5869],[-154.9255,19.589],[-154.9255,19.5902],[-154.9266,19.5911],[-154.9298,19.5889],[-154.9735,19.5406],[-154.9875,19.5182],[-155.0182,19.5014],[-155.0177,19.5001],[-155.0188,19.4997],[-155.0182,19.4979],[-155.0173,19.497],[-155.0154,19.497],[-155.0147,19.4964],[-155.0079,19.4855],[-155.002,19.4862],[-155.0004,19.4857],[-154.9845,19.4707],[-154.9812,19.4744],[-154.9786,19.4761],[-154.9743,19.4779],[-154.9831,19.485],[-154.9628,19.5238],[-154.9468,19.5466],[-154.9298,19.5563],[-154.9116,19.5789]]]}},{"type":"Feature","properties":{"ahupuaa":"Waikahekaheiki","moku":"Puna"},"geometry":{"type":"Polygon","coordinates":[[[-154.9266,19.5911],[-154.928,19.5913],[-154.9291,19.5921],[-154.9735,19.5421],[-154.9987,19.5168],[-155.0177,19.5103],[-155.0274,19.498],[-155.0278,19.5067],[-155.0579,19.4961],[-155.1198,19.446],[-154.9875,19.5182],[-154.9735,19.5406],[-154.9298,19.5889],[-154.9266,19.5911]]]}},{"type":"Feature","properties":{"ahupuaa":"Malanahae","moku":"Hāmākua"},"geometry":{"type":"Polygon","coordinates":[[[-155.5078,20.1116],[-155.5141,20.1117],[-155.5145,20.1093],[-155.5161,20.1065],[-155.5156,20.1052],[-155.5162,20.1042],[-155.5162,20.1026],[-155.5194,20.0967],[-155.52,20.0934],[-155.521,20.0928],[-155.5225,20.0903],[-155.5231,20.0872],[-155.5261,20.0848],[-155.5271,20.0828],[-155.5271,20.0816],[-155.5302,20.0729],[-155.5306,20.0693],[-155.5301,20.0675],[-155.528,20.0661],[-155.5253,20.0679],[-155.5246,20.0703],[-155.5249,20.0738],[-155.523,20.0759],[-155.5204,20.08],[-155.5184,20.0814],[-155.518,20.0845],[-155.5149,20.091],[-155.5144,20.0979],[-155.5129,20.1005],[-155.5128,20.105],[-155.5116,20.1053],[-155.5105,20.1071],[-155.5085,20.1085],[-155.5078,20.1116]]]}},{"type":"Feature","properties":{"ahupuaa":"Kapoaula","moku":"Hāmākua"},"geometry":{"type":"Polygon","coordinates":[[[-155.5139,20.1119],[-155.515,20.1126],[-155.5168,20.1084],[-155.52,20.1052],[-155.5206,20.1013],[-155.5219,20.0989],[-155.5222,20.0959],[-155.5243,20.092],[-155.5256,20.0874],[-155.5305,20.0802],[-155.5344,20.0715],[-155.5398,20.0678],[-155.5532,20.0346],[-155.5546,20.0224],[-155.5482,20.0219],[-155.5301,20.0675],[-155.5306,20.0693],[-155.5302,20.0729],[-155.5271,20.0816],[-155.5271,20.0828],[-155.5261,20.0848],[-155.5231,20.0872],[-155.5225,20.0903],[-155.521,20.0928],[-155.52,20.0934],[-155.5194,20.0967],[-155.5162,20.1026],[-155.5162,20.1042],[-155.5156,20.1052],[-155.5161,20.1065],[-155.5145,20.1093],[-155.5139,20.1119]]]}},{"type":"Feature","properties":{"ahupuaa":"Moʻoiki","moku":"Hāmākua"},"geometry":{"type":"Polygon","coordinates":[[[-155.549,20.1263],[-155.5491,20.1268],[-155.5496,20.1266],[-155.5511,20.1274],[-155.5517,20.1246],[-155.5531,20.1221],[-155.5536,20.1199],[-155.5534,20.1187],[-155.556,20.1136],[-155.5592,20.1029],[-155.5612,20.087],[-155.5641,20.0782],[-155.5638,20.0744],[-155.5599,20.0743],[-155.5589,20.082],[-155.5535,20.108],[-155.5517,20.122],[-155.5505,20.125],[-155.549,20.1263]]]}},{"type":"Feature","properties":{"ahupuaa":"Kawela","moku":"Hāmākua"},"geometry":{"type":"Polygon","coordinates":[[[-155.4916,20.1087],[-155.4922,20.1092],[-155.4926,20.109],[-155.4956,20.1114],[-155.4961,20.1125],[-155.4996,20.111],[-155.5017,20.1022],[-155.5026,20.0962],[-155.5042,20.0926],[-155.5055,20.0856],[-155.5086,20.0814],[-155.5094,20.0794],[-155.5095,20.0724],[-155.5116,20.0702],[-155.5128,20.0667],[-155.5161,20.0635],[-155.5175,20.0583],[-155.5176,20.0523],[-155.519,20.0476],[-155.5205,20.0454],[-155.5203,20.0414],[-155.5224,20.0377],[-155.5192,20.0373],[-155.515,20.0452],[-155.5132,20.055],[-155.5115,20.059],[-155.5063,20.0676],[-155.4985,20.0852],[-155.4962,20.0972],[-155.495,20.0992],[-155.4951,20.1009],[-155.4932,20.104],[-155.4929,20.1061],[-155.4916,20.1087]]]}},{"type":"Feature","properties":{"ahupuaa":"Honokaia","moku":"Hāmākua"},"geometry":{"type":"Polygon","coordinates":[[[-155.4996,20.111],[-155.5003,20.111],[-155.5006,20.1115],[-155.5012,20.1111],[-155.503,20.1114],[-155.5044,20.112],[-155.505,20.1129],[-155.5056,20.1125],[-155.5061,20.1132],[-155.5068,20.1133],[-155.5078,20.1117],[-155.5085,20.1085],[-155.5105,20.1071],[-155.5116,20.1053],[-155.5128,20.105],[-155.5129,20.1005],[-155.5144,20.0979],[-155.5149,20.091],[-155.518,20.0845],[-155.5184,20.0814],[-155.5204,20.08],[-155.523,20.0759],[-155.5249,20.0738],[-155.5246,20.0703],[-155.5253,20.0679],[-155.528,20.0661],[-155.5301,20.0675],[-155.5482,20.0219],[-155.5489,20.0077],[-155.5254,20.0117],[-155.523,20.0241],[-155.5224,20.0377],[-155.5203,20.0414],[-155.5205,20.0454],[-155.519,20.0476],[-155.5176,20.0523],[-155.5175,20.0583],[-155.5161,20.0635],[-155.5128,20.0667],[-155.5116,20.0702],[-155.5095,20.0724],[-155.5094,20.0794],[-155.5086,20.0814],[-155.5055,20.0856],[-155.5042,20.0926],[-155.5026,20.0962],[-155.5017,20.1022],[-155.4996,20.111]]]}},{"type":"Feature","properties":{"ahupuaa":"Kawaihae 2","moku":"Kohala"},"geometry":{"type":"Polygon","coordinates":[[[-155.7171,20.0861],[-155.7312,20.0932],[-155.7378,20.0886],[-155.7389,20.0872],[-155.7408,20.0868],[-155.742,20.0859],[-155.7426,20.0852],[-155.7423,20.0845],[-155.7458,20.082],[-155.7458,20.0813],[-155.748,20.0794],[-155.7488,20.0779],[-155.7513,20.0768],[-155.7517,20.0775],[-155.7526,20.0775],[-155.7533,20.0781],[-155.7545,20.0775],[-155.7566,20.0785],[-155.755,20.0752],[-155.759,20.0728],[-155.7595,20.0727],[-155.7623,20.0762],[-155.767,20.0729],[-155.7708,20.0714],[-155.7802,20.0664],[-155.7846,20.0603],[-155.7851,20.0586],[-155.7863,20.0574],[-155.7894,20.0557],[-155.7907,20.0527],[-155.7946,20.0502],[-155.7973,20.0476],[-155.7985,20.0476],[-155.8017,20.0458],[-155.8051,20.0455],[-155.8062,20.0444],[-155.8087,20.0436],[-155.8136,20.0386],[-155.8155,20.0378],[-155.8161,20.0364],[-155.8183,20.0353],[-155.8195,20.0338],[-155.8204,20.0339],[-155.8217,20.0324],[-155.8253,20.0318],[-155.8261,20.032],[-155.8267,20.0329],[-155.8274,20.0323],[-155.8294,20.0321],[-155.8293,20.0313],[-155.8308,20.0312],[-155.8337,20.0346],[-155.834,20.0374],[-155.8339,20.0346],[-155.829,20.029],[-155.8257,20.0274],[-155.8233,20.0287],[-155.8236,20.025],[-155.8224,20.023],[-155.8228,20.0227],[-155.8225,20.022],[-155.8233,20.0211],[-155.8234,20.0192],[-155.8227,20.0183],[-155.8234,20.0172],[-155.8234,20.016],[-155.8253,20.0158],[-155.8256,20.0144],[-155.8221,20.0124],[-155.8206,20.0127],[-155.8143,20.0118],[-155.8124,20.0098],[-155.8081,20.0091],[-155.8074,20.0086],[-155.8046,20.0084],[-155.801,20.01],[-155.799,20.0097],[-155.7852,20.0166],[-155.7742,20.0243],[-155.7589,20.0311],[-155.7577,20.0324],[-155.7572,20.0343],[-155.7563,20.0353],[-155.7548,20.0354],[-155.7523,20.0379],[-155.75,20.0386],[-155.7487,20.0402],[-155.746,20.041],[-155.7452,20.0423],[-155.7442,20.0426],[-155.7441,20.0445],[-155.7427,20.0462],[-155.7423,20.0478],[-155.7404,20.0503],[-155.7401,20.0514],[-155.7363,20.055],[-155.7346,20.0579],[-155.7335,20.0589],[-155.7321,20.0634],[-155.7322,20.0655],[-155.7315,20.0688],[-155.7274,20.0739],[-155.7237,20.0798],[-155.7171,20.0861]]]}},{"type":"Feature","properties":{"ahupuaa":"Puʻukapu","moku":"Kohala"},"geometry":{"type":"Polygon","coordinates":[[[-155.6659,20.0996],[-155.7183,20.1137],[-155.7123,20.0863],[-155.7171,20.0861],[-155.7208,20.0826],[-155.7184,20.0805],[-155.7171,20.0813],[-155.7152,20.0813],[-155.7116,20.0794],[-155.7087,20.0773],[-155.7087,20.0764],[-155.7075,20.0742],[-155.7043,20.0735],[-155.7032,20.0727],[-155.6993,20.0727],[-155.6981,20.0718],[-155.6968,20.0722],[-155.6943,20.0699],[-155.6914,20.0699],[-155.6914,20.069],[-155.6881,20.0676],[-155.687,20.0662],[-155.6865,20.0644],[-155.6856,20.0637],[-155.6847,20.062],[-155.6839,20.0616],[-155.6848,20.061],[-155.6832,20.0593],[-155.6833,20.0581],[-155.6806,20.0563],[-155.6786,20.0531],[-155.6775,20.0533],[-155.6771,20.0525],[-155.6778,20.0525],[-155.6784,20.0509],[-155.6798,20.0498],[-155.6799,20.0476],[-155.6816,20.0458],[-155.682,20.0435],[-155.6825,20.0433],[-155.683,20.0416],[-155.6797,20.0395],[-155.6693,20.038],[-155.6642,20.0547],[-155.6583,20.0436],[-155.6578,20.041],[-155.6582,20.0375],[-155.6604,20.0353],[-155.6602,20.0336],[-155.662,20.0299],[-155.662,20.0282],[-155.6637,20.0267],[-155.664,20.0243],[-155.6636,20.0225],[-155.6655,20.0193],[-155.6657,20.0177],[-155.6673,20.0166],[-155.6676,20.0142],[-155.6691,20.0134],[-155.6689,20.0124],[-155.6723,20.0075],[-155.6696,20.002],[-155.6608,19.9982],[-155.6527,19.9957],[-155.6488,19.9953],[-155.6342,19.9923],[-155.6144,19.9898],[-155.6138,19.9343],[-155.6011,19.9319],[-155.5831,19.9656],[-155.5811,19.9785],[-155.5838,20.0036],[-155.585,20.0058],[-155.5853,20.0162],[-155.586,20.0179],[-155.5861,20.0259],[-155.5854,20.0278],[-155.5796,20.0295],[-155.5804,20.0348],[-155.6005,20.0451],[-155.6087,20.0511],[-155.6175,20.066],[-155.6219,20.0605],[-155.6251,20.0585],[-155.6285,20.0599],[-155.6292,20.0621],[-155.6289,20.066],[-155.6318,20.0614],[-155.6344,20.059],[-155.6359,20.056],[-155.638,20.0549],[-155.639,20.0533],[-155.641,20.0522],[-155.6424,20.0527],[-155.6433,20.0539],[-155.644,20.056],[-155.6432,20.0583],[-155.6438,20.06],[-155.6414,20.0628],[-155.641,20.0645],[-155.6399,20.0662],[-155.64,20.0669],[-155.641,20.0671],[-155.6425,20.0666],[-155.6466,20.0642],[-155.652,20.0632],[-155.6613,20.0631],[-155.6673,20.0647],[-155.6675,20.0656],[-155.6693,20.0672],[-155.6699,20.0707],[-155.6657,20.0737],[-155.6644,20.0741],[-155.6606,20.0739],[-155.6572,20.0746],[-155.6543,20.0743],[-155.6537,20.0748],[-155.6521,20.0749],[-155.6486,20.0774],[-155.6492,20.078],[-155.6525,20.0788],[-155.6556,20.0777],[-155.66,20.0786],[-155.6615,20.0803],[-155.6636,20.0814],[-155.6626,20.0828],[-155.6611,20.0836],[-155.6613,20.0844],[-155.6651,20.0859],[-155.6659,20.0868],[-155.6663,20.0883],[-155.6681,20.0891],[-155.6706,20.0876],[-155.6722,20.0875],[-155.6737,20.0868],[-155.6754,20.0856],[-155.6785,20.0861],[-155.6774,20.0894],[-155.6755,20.0911],[-155.6747,20.0933],[-155.6734,20.0948],[-155.6733,20.0962],[-155.669,20.0973],[-155.6663,20.0989],[-155.6659,20.0996]]]}},{"type":"Feature","properties":{"ahupuaa":"Kawaihae 1","moku":"Kohala"},"geometry":{"type":"Polygon","coordinates":[[[-155.7183,20.1137],[-155.7189,20.1134],[-155.7192,20.1119],[-155.7198,20.1114],[-155.7214,20.1114],[-155.7232,20.1102],[-155.728,20.1102],[-155.7293,20.1107],[-155.7297,20.1117],[-155.7305,20.1118],[-155.7321,20.1142],[-155.7361,20.1144],[-155.7566,20.1081],[-155.7671,20.1076],[-155.7673,20.1071],[-155.7729,20.1056],[-155.7753,20.1057],[-155.7801,20.1011],[-155.7815,20.1008],[-155.7819,20.1002],[-155.7831,20.1003],[-155.7846,20.0991],[-155.7854,20.0992],[-155.7862,20.0986],[-155.7864,20.0978],[-155.7878,20.0969],[-155.7913,20.0964],[-155.7929,20.0948],[-155.7967,20.095],[-155.8032,20.0933],[-155.8035,20.0927],[-155.8045,20.0927],[-155.8059,20.0918],[-155.8059,20.0894],[-155.8072,20.0887],[-155.8076,20.0892],[-155.8093,20.0882],[-155.8108,20.088],[-155.8113,20.0866],[-155.8128,20.0867],[-155.815,20.0849],[-155.8169,20.0851],[-155.8172,20.0846],[-155.8317,20.0774],[-155.8495,20.061],[-155.8482,20.0608],[-155.8476,20.0594],[-155.8462,20.0589],[-155.845,20.0571],[-155.844,20.0566],[-155.8441,20.0558],[-155.8432,20.0545],[-155.8443,20.0542],[-155.8445,20.0535],[-155.8435,20.0532],[-155.8437,20.0524],[-155.8428,20.0523],[-155.8424,20.0514],[-155.8414,20.0513],[-155.8407,20.0506],[-155.84,20.0508],[-155.8388,20.0498],[-155.8383,20.0491],[-155.8386,20.0478],[-155.8364,20.0447],[-155.8366,20.0442],[-155.8341,20.0417],[-155.833,20.0412],[-155.8321,20.04],[-155.8322,20.039],[-155.832,20.0386],[-155.8317,20.0395],[-155.8311,20.0391],[-155.8317,20.0385],[-155.8312,20.0379],[-155.8299,20.0374],[-155.829,20.038],[-155.8277,20.0375],[-155.8275,20.0374],[-155.8273,20.0372],[-155.829,20.0379],[-155.8298,20.0373],[-155.8253,20.0318],[-155.8217,20.0324],[-155.8204,20.0339],[-155.8195,20.0338],[-155.8183,20.0353],[-155.8161,20.0364],[-155.8155,20.0378],[-155.8136,20.0386],[-155.8087,20.0436],[-155.8062,20.0444],[-155.8051,20.0455],[-155.8017,20.0458],[-155.7985,20.0476],[-155.7973,20.0476],[-155.7946,20.0502],[-155.7907,20.0527],[-155.7894,20.0557],[-155.7863,20.0574],[-155.7851,20.0586],[-155.7846,20.0603],[-155.7802,20.0664],[-155.7708,20.0714],[-155.767,20.0729],[-155.7623,20.0762],[-155.7595,20.0727],[-155.759,20.0728],[-155.755,20.0752],[-155.7566,20.0785],[-155.7545,20.0775],[-155.7533,20.0781],[-155.7526,20.0775],[-155.7517,20.0775],[-155.7513,20.0768],[-155.7488,20.0779],[-155.748,20.0794],[-155.7458,20.0813],[-155.7458,20.082],[-155.7423,20.0845],[-155.7426,20.0852],[-155.742,20.0859],[-155.7408,20.0868],[-155.7389,20.0872],[-155.7378,20.0886],[-155.7312,20.0932],[-155.7171,20.0861],[-155.7123,20.0863],[-155.7183,20.1137]]]}},{"type":"Feature","properties":{"ahupuaa":"Waikā","moku":"Kohala"},"geometry":{"type":"Polygon","coordinates":[[[-155.7358,20.1144],[-155.7481,20.1196],[-155.7633,20.115],[-155.7666,20.11],[-155.7696,20.1088],[-155.7707,20.1097],[-155.7714,20.1095],[-155.7724,20.1102],[-155.7742,20.1105],[-155.7747,20.1101],[-155.7796,20.1112],[-155.7858,20.111],[-155.7893,20.1091],[-155.7928,20.1086],[-155.8125,20.0992],[-155.8162,20.0955],[-155.8495,20.0684],[-155.8531,20.0661],[-155.8532,20.0654],[-155.8519,20.0645],[-155.8525,20.064],[-155.8515,20.0627],[-155.8505,20.0624],[-155.8501,20.0613],[-155.8495,20.0617],[-155.8493,20.0614],[-155.8317,20.0774],[-155.8172,20.0846],[-155.8169,20.0851],[-155.815,20.0849],[-155.8128,20.0867],[-155.8113,20.0866],[-155.8108,20.088],[-155.8093,20.0882],[-155.8076,20.0892],[-155.8072,20.0887],[-155.8059,20.0894],[-155.8059,20.0918],[-155.8045,20.0927],[-155.8035,20.0927],[-155.8032,20.0933],[-155.7967,20.095],[-155.7929,20.0948],[-155.7913,20.0964],[-155.7878,20.0969],[-155.7864,20.0978],[-155.7862,20.0986],[-155.7854,20.0992],[-155.7846,20.0991],[-155.7831,20.1003],[-155.7819,20.1002],[-155.7815,20.1008],[-155.7801,20.1011],[-155.7753,20.1057],[-155.7729,20.1056],[-155.7673,20.1071],[-155.7671,20.1076],[-155.7566,20.1081],[-155.7358,20.1144]]]}},{"type":"Feature","properties":{"ahupuaa":"Waiʻaleʻale 1-2","moku":"Hāmākua"},"geometry":{"type":"Polygon","coordinates":[[[-155.5328,20.1193],[-155.5366,20.1192],[-155.5373,20.1195],[-155.5381,20.121],[-155.5392,20.1218],[-155.5395,20.1215],[-155.5396,20.1194],[-155.5388,20.1185],[-155.5389,20.1171],[-155.5416,20.1137],[-155.5419,20.1114],[-155.5444,20.1073],[-155.5443,20.1063],[-155.5448,20.1056],[-155.5442,20.1046],[-155.5442,20.1019],[-155.5464,20.0967],[-155.546,20.0955],[-155.545,20.0946],[-155.5461,20.0928],[-155.5465,20.0893],[-155.5489,20.0869],[-155.5486,20.0857],[-155.5502,20.0825],[-155.5474,20.0833],[-155.548,20.075],[-155.5492,20.0732],[-155.55,20.068],[-155.5486,20.0662],[-155.5486,20.0675],[-155.548,20.0685],[-155.5489,20.0699],[-155.5485,20.0727],[-155.5469,20.0766],[-155.547,20.0804],[-155.5414,20.0973],[-155.541,20.1001],[-155.5402,20.1017],[-155.5374,20.1048],[-155.5361,20.1093],[-155.5357,20.1095],[-155.535,20.1143],[-155.5328,20.1193]]]}},{"type":"Feature","properties":{"ahupuaa":"Waikoloa","moku":"Hāmākua"},"geometry":{"type":"Polygon","coordinates":[[[-155.5392,20.1218],[-155.5409,20.1221],[-155.5417,20.1229],[-155.5438,20.1155],[-155.5456,20.111],[-155.5482,20.1004],[-155.5481,20.0974],[-155.551,20.0899],[-155.5511,20.0886],[-155.5518,20.0876],[-155.5536,20.079],[-155.552,20.079],[-155.5544,20.0747],[-155.562,20.0642],[-155.5627,20.0612],[-155.5636,20.0493],[-155.5632,20.0441],[-155.5578,20.0436],[-155.5536,20.0483],[-155.5484,20.0637],[-155.5491,20.0649],[-155.5486,20.0662],[-155.55,20.068],[-155.5492,20.0732],[-155.548,20.075],[-155.5474,20.0833],[-155.5502,20.0825],[-155.5486,20.0857],[-155.5489,20.0869],[-155.5465,20.0893],[-155.5461,20.0928],[-155.545,20.0946],[-155.546,20.0955],[-155.5464,20.0967],[-155.5442,20.1019],[-155.5442,20.1046],[-155.5448,20.1058],[-155.5443,20.1063],[-155.5441,20.1079],[-155.5419,20.1114],[-155.5416,20.1137],[-155.5389,20.1171],[-155.5388,20.1185],[-155.5396,20.1194],[-155.5397,20.1208],[-155.5392,20.1218]]]}},{"type":"Feature","properties":{"ahupuaa":"Waikoekoe","moku":"Hāmākua"},"geometry":{"type":"Polygon","coordinates":[[[-155.5701,20.0733],[-155.5708,20.0738],[-155.567,20.0951],[-155.5622,20.1115],[-155.5588,20.128],[-155.5599,20.1274],[-155.5622,20.1276],[-155.564,20.127],[-155.5649,20.1273],[-155.5682,20.1259],[-155.5676,20.1186],[-155.5699,20.1108],[-155.5729,20.1048],[-155.575,20.0973],[-155.5762,20.0952],[-155.5792,20.0922],[-155.5807,20.092],[-155.5846,20.0879],[-155.5885,20.0861],[-155.5915,20.0769],[-155.5938,20.0731],[-155.6005,20.0789],[-155.6021,20.0745],[-155.6024,20.0713],[-155.6065,20.0623],[-155.6086,20.0632],[-155.6092,20.0626],[-155.6072,20.0612],[-155.6104,20.054],[-155.6087,20.0511],[-155.6005,20.0451],[-155.5804,20.0348],[-155.5804,20.0344],[-155.5735,20.0346],[-155.5701,20.0733]]]}},{"type":"Feature","properties":{"ahupuaa":"Keaʻā","moku":"Hāmākua"},"geometry":{"type":"Polygon","coordinates":[[[-155.5515,20.1273],[-155.5553,20.1279],[-155.556,20.1286],[-155.5565,20.1283],[-155.5565,20.1287],[-155.5569,20.1281],[-155.5588,20.128],[-155.5622,20.1115],[-155.567,20.0951],[-155.5708,20.0735],[-155.5638,20.0744],[-155.5641,20.0782],[-155.5612,20.087],[-155.5608,20.0895],[-155.5624,20.0898],[-155.562,20.0958],[-155.5577,20.113],[-155.5566,20.1146],[-155.5566,20.116],[-155.5553,20.1195],[-155.5536,20.1215],[-155.552,20.1247],[-155.5515,20.1273]]]}},{"type":"Feature","properties":{"ahupuaa":"Waipiʻo","moku":"Hāmākua"},"geometry":{"type":"Polygon","coordinates":[[[-155.5789,20.1202],[-155.5836,20.12],[-155.5872,20.119],[-155.5903,20.1195],[-155.5956,20.1212],[-155.5981,20.1233],[-155.5999,20.1272],[-155.6042,20.1316],[-155.6048,20.1344],[-155.6068,20.1355],[-155.6075,20.1364],[-155.6092,20.137],[-155.6113,20.1362],[-155.6128,20.1363],[-155.6148,20.1371],[-155.6171,20.139],[-155.6172,20.1398],[-155.6178,20.1397],[-155.619,20.1408],[-155.6206,20.1413],[-155.6224,20.1429],[-155.6249,20.1429],[-155.6288,20.1438],[-155.6293,20.1407],[-155.6345,20.1333],[-155.6351,20.1288],[-155.6337,20.1232],[-155.6336,20.1209],[-155.633,20.1199],[-155.6333,20.1178],[-155.6327,20.1141],[-155.6325,20.1076],[-155.6316,20.1034],[-155.6324,20.0952],[-155.6348,20.0905],[-155.6363,20.0861],[-155.6397,20.0854],[-155.6422,20.086],[-155.6442,20.0889],[-155.6483,20.0922],[-155.6491,20.0942],[-155.6508,20.0958],[-155.6522,20.0966],[-155.6542,20.0969],[-155.656,20.0948],[-155.6591,20.0991],[-155.6625,20.1006],[-155.6656,20.0999],[-155.6663,20.0989],[-155.669,20.0973],[-155.673,20.0965],[-155.6735,20.0959],[-155.6733,20.095],[-155.6747,20.0933],[-155.6755,20.0911],[-155.6774,20.0894],[-155.6785,20.0861],[-155.6754,20.0856],[-155.6737,20.0868],[-155.6722,20.0875],[-155.6706,20.0876],[-155.6681,20.0891],[-155.6663,20.0883],[-155.6659,20.0868],[-155.6651,20.0859],[-155.6613,20.0844],[-155.6611,20.0836],[-155.6626,20.0828],[-155.6636,20.0814],[-155.6615,20.0803],[-155.66,20.0786],[-155.6556,20.0777],[-155.6525,20.0788],[-155.649,20.0779],[-155.6486,20.0774],[-155.6489,20.077],[-155.6526,20.0747],[-155.6654,20.0739],[-155.6699,20.0707],[-155.6695,20.0679],[-155.6693,20.0672],[-155.6675,20.0656],[-155.6673,20.0647],[-155.6661,20.0641],[-155.6613,20.0631],[-155.6568,20.0629],[-155.6478,20.0639],[-155.6425,20.0666],[-155.641,20.0671],[-155.64,20.0669],[-155.6399,20.0662],[-155.641,20.0645],[-155.6414,20.0628],[-155.6438,20.06],[-155.6432,20.0583],[-155.644,20.056],[-155.6424,20.0527],[-155.6411,20.0522],[-155.6403,20.0525],[-155.6382,20.0541],[-155.638,20.0549],[-155.636,20.0559],[-155.6344,20.059],[-155.6318,20.0614],[-155.6289,20.066],[-155.6292,20.0621],[-155.6285,20.0599],[-155.6251,20.0585],[-155.6219,20.0605],[-155.6175,20.066],[-155.6104,20.054],[-155.6072,20.0612],[-155.6092,20.0626],[-155.6086,20.0632],[-155.6065,20.0623],[-155.6024,20.0713],[-155.6021,20.0745],[-155.6005,20.0789],[-155.5938,20.0731],[-155.5915,20.0769],[-155.5876,20.0883],[-155.5875,20.0899],[-155.5887,20.0931],[-155.5878,20.0953],[-155.5871,20.0955],[-155.5859,20.099],[-155.5856,20.1034],[-155.5847,20.1048],[-155.5822,20.1124],[-155.5791,20.1168],[-155.5789,20.1202]]]}},{"type":"Feature","properties":{"ahupuaa":"Waimanu","moku":"Hāmākua"},"geometry":{"type":"Polygon","coordinates":[[[-155.6288,20.1438],[-155.6333,20.143],[-155.6376,20.1453],[-155.6388,20.1477],[-155.6402,20.1525],[-155.6421,20.1492],[-155.6464,20.1445],[-155.6463,20.1435],[-155.6483,20.1409],[-155.6484,20.1398],[-155.65,20.1368],[-155.6503,20.1346],[-155.6525,20.1319],[-155.652,20.1301],[-155.6531,20.1271],[-155.6545,20.1255],[-155.6552,20.1237],[-155.6604,20.1175],[-155.6599,20.1164],[-155.6591,20.1165],[-155.658,20.1137],[-155.6582,20.1127],[-155.6575,20.112],[-155.6571,20.1122],[-155.6564,20.1108],[-155.6533,20.1096],[-155.6519,20.1097],[-155.6516,20.1092],[-155.6496,20.1094],[-155.649,20.1087],[-155.6497,20.1058],[-155.6493,20.1052],[-155.6493,20.1014],[-155.6486,20.101],[-155.649,20.0985],[-155.6486,20.0928],[-155.6475,20.0914],[-155.6442,20.0889],[-155.6422,20.086],[-155.6406,20.0854],[-155.6363,20.0861],[-155.6348,20.0905],[-155.6324,20.0952],[-155.6316,20.1034],[-155.6325,20.1076],[-155.6327,20.1141],[-155.6333,20.1178],[-155.633,20.1199],[-155.6336,20.1209],[-155.6337,20.1232],[-155.6351,20.1288],[-155.6345,20.1333],[-155.6293,20.1407],[-155.6288,20.1438]]]}},{"type":"Feature","properties":{"ahupuaa":"Laupāhoehoe 1","moku":"Hāmākua"},"geometry":{"type":"Polygon","coordinates":[[[-155.6402,20.1525],[-155.641,20.1542],[-155.6421,20.1551],[-155.6466,20.1566],[-155.6486,20.1545],[-155.6522,20.1523],[-155.6521,20.1513],[-155.6533,20.1507],[-155.6537,20.1497],[-155.6556,20.1478],[-155.6567,20.1455],[-155.6591,20.1435],[-155.66,20.1418],[-155.6603,20.1388],[-155.6619,20.1352],[-155.6614,20.1326],[-155.6619,20.1315],[-155.6652,20.129],[-155.666,20.1275],[-155.6667,20.1274],[-155.6666,20.1263],[-155.6678,20.1261],[-155.668,20.1253],[-155.6694,20.1254],[-155.6692,20.1248],[-155.67,20.1248],[-155.6708,20.1232],[-155.6742,20.1212],[-155.6744,20.1205],[-155.6757,20.1198],[-155.6756,20.1193],[-155.6767,20.1187],[-155.6778,20.1188],[-155.6783,20.1178],[-155.6798,20.1176],[-155.6813,20.1157],[-155.6817,20.1141],[-155.6842,20.1129],[-155.6847,20.1112],[-155.6868,20.1084],[-155.69,20.1061],[-155.6659,20.0996],[-155.6627,20.1006],[-155.6605,20.1],[-155.6586,20.0986],[-155.656,20.0948],[-155.6545,20.0968],[-155.6522,20.0966],[-155.6491,20.0942],[-155.6486,20.0929],[-155.649,20.0981],[-155.6486,20.101],[-155.6493,20.1014],[-155.6493,20.1052],[-155.6497,20.1058],[-155.6489,20.1085],[-155.6496,20.1094],[-155.6516,20.1092],[-155.6519,20.1097],[-155.6533,20.1096],[-155.6564,20.1108],[-155.6571,20.1122],[-155.6575,20.112],[-155.6582,20.1127],[-155.658,20.1137],[-155.6591,20.1165],[-155.6599,20.1164],[-155.6604,20.1175],[-155.6552,20.1237],[-155.6545,20.1255],[-155.6531,20.1271],[-155.652,20.1301],[-155.6525,20.1319],[-155.6503,20.1346],[-155.65,20.1368],[-155.6484,20.1398],[-155.6483,20.1409],[-155.6463,20.1435],[-155.6464,20.1445],[-155.6421,20.1492],[-155.6402,20.1525]]]}},{"type":"Feature","properties":{"ahupuaa":"Nakoʻoka, Laupāhoeho","moku":"Hāmākua"},"geometry":{"type":"Polygon","coordinates":[[[-155.6466,20.1566],[-155.6471,20.1589],[-155.6507,20.1639],[-155.6536,20.1651],[-155.6557,20.1652],[-155.6579,20.1663],[-155.6597,20.1683],[-155.6615,20.1689],[-155.6656,20.1716],[-155.6678,20.1724],[-155.6683,20.1721],[-155.6677,20.1714],[-155.6706,20.1677],[-155.6703,20.1654],[-155.6707,20.1637],[-155.673,20.1584],[-155.6727,20.1569],[-155.6735,20.1562],[-155.673,20.1542],[-155.6736,20.153],[-155.6742,20.1529],[-155.6741,20.1519],[-155.675,20.1509],[-155.6754,20.1483],[-155.675,20.146],[-155.6757,20.1456],[-155.6752,20.1445],[-155.6764,20.1441],[-155.6755,20.1423],[-155.6761,20.142],[-155.6762,20.1406],[-155.678,20.1374],[-155.6775,20.1364],[-155.6782,20.136],[-155.6781,20.1332],[-155.6785,20.1325],[-155.6781,20.1321],[-155.6808,20.1283],[-155.6814,20.1281],[-155.6813,20.1263],[-155.6823,20.1263],[-155.6816,20.125],[-155.6818,20.124],[-155.6853,20.1219],[-155.6855,20.1212],[-155.6866,20.1206],[-155.6886,20.1165],[-155.6896,20.1158],[-155.6901,20.1136],[-155.6893,20.1122],[-155.6902,20.111],[-155.691,20.1083],[-155.6934,20.107],[-155.69,20.1061],[-155.6884,20.1071],[-155.6849,20.1109],[-155.6845,20.1126],[-155.6817,20.1141],[-155.6813,20.1157],[-155.6798,20.1176],[-155.6783,20.1178],[-155.6778,20.1188],[-155.6767,20.1187],[-155.6756,20.1193],[-155.6757,20.1198],[-155.6744,20.1205],[-155.6742,20.1212],[-155.6708,20.1232],[-155.67,20.1248],[-155.6692,20.1248],[-155.6694,20.1254],[-155.668,20.1253],[-155.6678,20.1261],[-155.6666,20.1263],[-155.6667,20.1274],[-155.666,20.1275],[-155.6652,20.129],[-155.662,20.1314],[-155.6614,20.1326],[-155.6619,20.1352],[-155.6606,20.1378],[-155.66,20.1418],[-155.6591,20.1435],[-155.6567,20.1455],[-155.6556,20.1478],[-155.6537,20.1497],[-155.6533,20.1507],[-155.6521,20.1513],[-155.6522,20.1523],[-155.6486,20.1545],[-155.6466,20.1566]]]}},{"type":"Feature","properties":{"ahupuaa":"ʻĀpua","moku":"Hāmākua"},"geometry":{"type":"Polygon","coordinates":[[[-155.6678,20.1724],[-155.6711,20.1742],[-155.6731,20.1741],[-155.6749,20.1747],[-155.6745,20.1725],[-155.6772,20.1692],[-155.6797,20.1616],[-155.6815,20.16],[-155.6824,20.1582],[-155.6847,20.1564],[-155.685,20.1537],[-155.6857,20.1524],[-155.6883,20.15],[-155.6885,20.1488],[-155.6878,20.1478],[-155.6883,20.1438],[-155.6895,20.1423],[-155.69,20.1401],[-155.6924,20.1356],[-155.6913,20.1331],[-155.6917,20.1309],[-155.6914,20.1292],[-155.6922,20.1271],[-155.6917,20.126],[-155.6925,20.1234],[-155.6934,20.1231],[-155.6938,20.1224],[-155.6938,20.1198],[-155.6949,20.1157],[-155.6984,20.1117],[-155.6984,20.1105],[-155.6994,20.1086],[-155.6934,20.107],[-155.6914,20.1078],[-155.6893,20.1122],[-155.6901,20.1136],[-155.6896,20.1158],[-155.6886,20.1165],[-155.6866,20.1206],[-155.6855,20.1212],[-155.6853,20.1219],[-155.6818,20.124],[-155.6816,20.125],[-155.6823,20.1263],[-155.6813,20.1263],[-155.6814,20.1281],[-155.6808,20.1283],[-155.6781,20.1321],[-155.6785,20.1325],[-155.6781,20.1332],[-155.6782,20.136],[-155.6775,20.1364],[-155.678,20.1374],[-155.6762,20.1406],[-155.6761,20.142],[-155.6755,20.1423],[-155.6764,20.1441],[-155.6752,20.1445],[-155.6757,20.1456],[-155.675,20.146],[-155.6754,20.1479],[-155.675,20.1509],[-155.6741,20.1519],[-155.6742,20.1529],[-155.6736,20.153],[-155.673,20.1542],[-155.6735,20.1562],[-155.6727,20.1569],[-155.673,20.1584],[-155.6707,20.1637],[-155.6703,20.1654],[-155.6706,20.1677],[-155.6677,20.1714],[-155.6683,20.1719],[-155.6678,20.1724]]]}},{"type":"Feature","properties":{"ahupuaa":"Waikapu","moku":"Hāmākua"},"geometry":{"type":"Polygon","coordinates":[[[-155.6749,20.1747],[-155.6813,20.1786],[-155.6854,20.1792],[-155.6868,20.1778],[-155.6885,20.1782],[-155.6898,20.1753],[-155.6911,20.17],[-155.6931,20.1668],[-155.6932,20.1656],[-155.6951,20.162],[-155.6967,20.1571],[-155.6982,20.1549],[-155.6996,20.1515],[-155.6996,20.1503],[-155.7012,20.1473],[-155.7006,20.1462],[-155.7008,20.1445],[-155.6999,20.1434],[-155.6997,20.1413],[-155.7004,20.1394],[-155.6999,20.1376],[-155.7003,20.1363],[-155.6998,20.1338],[-155.7001,20.1325],[-155.6993,20.1314],[-155.6998,20.1313],[-155.6998,20.1303],[-155.7007,20.129],[-155.7006,20.128],[-155.7011,20.1276],[-155.7019,20.1239],[-155.7028,20.122],[-155.7025,20.1211],[-155.7031,20.1202],[-155.7029,20.1183],[-155.7054,20.1135],[-155.7055,20.1103],[-155.6995,20.1087],[-155.6984,20.1105],[-155.6984,20.1117],[-155.6949,20.1157],[-155.6938,20.1198],[-155.6938,20.1224],[-155.6934,20.1231],[-155.6925,20.1234],[-155.6917,20.126],[-155.6922,20.1271],[-155.6914,20.1292],[-155.6917,20.1309],[-155.6913,20.1331],[-155.6924,20.1356],[-155.69,20.1401],[-155.6895,20.1423],[-155.6883,20.1438],[-155.6878,20.1475],[-155.6885,20.1488],[-155.6883,20.15],[-155.6857,20.1524],[-155.685,20.1537],[-155.6847,20.1564],[-155.6824,20.1582],[-155.6815,20.16],[-155.6797,20.1616],[-155.6772,20.1692],[-155.6745,20.1725],[-155.6749,20.1747]]]}},{"type":"Feature","properties":{"ahupuaa":"Honopue","moku":"Hāmākua"},"geometry":{"type":"Polygon","coordinates":[[[-155.6885,20.1782],[-155.6958,20.1852],[-155.6997,20.1864],[-155.7001,20.1849],[-155.6998,20.1838],[-155.7011,20.1824],[-155.7027,20.179],[-155.704,20.178],[-155.7043,20.1763],[-155.7066,20.1716],[-155.7066,20.1698],[-155.7075,20.1672],[-155.7074,20.166],[-155.7065,20.1644],[-155.7066,20.1628],[-155.7081,20.1619],[-155.7085,20.1606],[-155.7082,20.16],[-155.709,20.1594],[-155.7092,20.1584],[-155.7091,20.1569],[-155.7107,20.1554],[-155.7111,20.1542],[-155.7116,20.1469],[-155.7104,20.1439],[-155.7115,20.1423],[-155.7114,20.1409],[-155.7098,20.1391],[-155.71,20.1379],[-155.7095,20.1372],[-155.71,20.137],[-155.7103,20.1352],[-155.7109,20.135],[-155.7113,20.1333],[-155.7109,20.133],[-155.7114,20.1325],[-155.7113,20.1316],[-155.7119,20.1313],[-155.7121,20.1293],[-155.7135,20.1274],[-155.7133,20.1258],[-155.7145,20.1208],[-155.7141,20.1197],[-155.711,20.1172],[-155.7098,20.1151],[-155.708,20.1136],[-155.7062,20.1107],[-155.7055,20.1103],[-155.7054,20.1135],[-155.7029,20.1183],[-155.7031,20.1202],[-155.7025,20.1211],[-155.7028,20.122],[-155.7019,20.1239],[-155.7011,20.1276],[-155.7006,20.128],[-155.7007,20.129],[-155.6998,20.1303],[-155.6998,20.1313],[-155.6993,20.1314],[-155.7001,20.1325],[-155.6998,20.1338],[-155.7003,20.1363],[-155.6999,20.1376],[-155.7004,20.1391],[-155.6997,20.1413],[-155.6999,20.1434],[-155.7008,20.1445],[-155.7006,20.1462],[-155.7012,20.1473],[-155.6996,20.1503],[-155.6996,20.1515],[-155.6982,20.1549],[-155.6967,20.1571],[-155.6951,20.162],[-155.6932,20.1656],[-155.6931,20.1668],[-155.6911,20.17],[-155.6898,20.1753],[-155.6885,20.1782]]]}},{"type":"Feature","properties":{"ahupuaa":"ʻAnaehoʻomalu","moku":"Kohala"},"geometry":{"type":"Polygon","coordinates":[[[-155.8848,19.9104],[-155.8758,19.9232],[-155.8702,19.9343],[-155.8769,19.9396],[-155.8768,19.9391],[-155.8775,19.939],[-155.8773,19.9376],[-155.8777,19.9363],[-155.8773,19.9345],[-155.8779,19.9338],[-155.8806,19.9336],[-155.8809,19.9344],[-155.8813,19.934],[-155.882,19.9343],[-155.8832,19.9336],[-155.8849,19.9338],[-155.8848,19.933],[-155.8868,19.9327],[-155.888,19.9314],[-155.8882,19.9296],[-155.8892,19.9298],[-155.8898,19.9291],[-155.8887,19.9272],[-155.8868,19.9268],[-155.8868,19.9263],[-155.8886,19.9266],[-155.8885,19.9262],[-155.8908,19.9254],[-155.8918,19.9238],[-155.891,19.9224],[-155.8913,19.9219],[-155.8909,19.9218],[-155.891,19.9205],[-155.8914,19.9199],[-155.8909,19.919],[-155.8901,19.9177],[-155.8884,19.9172],[-155.8876,19.9164],[-155.8874,19.915],[-155.8878,19.914],[-155.8893,19.9129],[-155.8848,19.9104]]]}},{"type":"Feature","properties":{"ahupuaa":"Lālāmilo, Keanuʻiʻomanō","moku":"Kohala"},"geometry":{"type":"Polygon","coordinates":[[[-155.6693,20.038],[-155.6797,20.0395],[-155.683,20.0416],[-155.6858,20.0372],[-155.6846,20.0357],[-155.6848,20.0348],[-155.6856,20.0341],[-155.6858,20.0312],[-155.6866,20.0309],[-155.6866,20.0277],[-155.6874,20.0272],[-155.6913,20.0262],[-155.6923,20.0275],[-155.6946,20.0275],[-155.7014,20.0293],[-155.7054,20.0281],[-155.71,20.0278],[-155.7108,20.027],[-155.7126,20.0269],[-155.7131,20.0275],[-155.7138,20.0275],[-155.7166,20.0267],[-155.7184,20.0268],[-155.7207,20.0259],[-155.7234,20.0259],[-155.7259,20.0241],[-155.7271,20.022],[-155.7319,20.0205],[-155.7325,20.0191],[-155.7336,20.0196],[-155.7343,20.0187],[-155.7374,20.0184],[-155.7391,20.0189],[-155.7473,20.0188],[-155.7497,20.018],[-155.7533,20.0187],[-155.757,20.0178],[-155.7587,20.0151],[-155.7599,20.014],[-155.7608,20.0139],[-155.7617,20.0123],[-155.7628,20.0116],[-155.7645,20.0113],[-155.7681,20.0127],[-155.7854,20.0057],[-155.8116,19.998],[-155.8265,19.9913],[-155.8279,19.9884],[-155.829,19.9884],[-155.8291,19.9878],[-155.8301,19.988],[-155.8299,19.987],[-155.8313,19.9852],[-155.8311,19.9844],[-155.83,19.9845],[-155.8295,19.984],[-155.8285,19.9821],[-155.8294,19.9793],[-155.8303,19.9786],[-155.8313,19.9793],[-155.831,19.9777],[-155.8314,19.9774],[-155.832,19.9778],[-155.8325,19.9773],[-155.8312,19.9758],[-155.8316,19.974],[-155.8323,19.974],[-155.8326,19.9735],[-155.8324,19.973],[-155.8329,19.9729],[-155.8333,19.9735],[-155.834,19.9726],[-155.8344,19.9729],[-155.8347,19.9724],[-155.8359,19.9723],[-155.8363,19.9728],[-155.8374,19.9728],[-155.8373,19.9736],[-155.8379,19.9738],[-155.8417,19.9716],[-155.8423,19.9717],[-155.8434,19.9698],[-155.8459,19.9683],[-155.8497,19.9682],[-155.8542,19.9658],[-155.8561,19.9634],[-155.8561,19.9626],[-155.8579,19.9606],[-155.8585,19.9605],[-155.8585,19.9576],[-155.8594,19.9573],[-155.8615,19.9551],[-155.8619,19.9533],[-155.8571,19.9518],[-155.8356,19.9639],[-155.8228,19.9735],[-155.8189,19.9737],[-155.8028,19.9771],[-155.7933,19.9782],[-155.7677,19.9846],[-155.7567,19.989],[-155.7374,19.9942],[-155.7313,19.9976],[-155.7213,20.0011],[-155.7181,20.0016],[-155.7104,19.9972],[-155.7091,19.9969],[-155.6929,20.0011],[-155.6855,20.0061],[-155.6801,20.0086],[-155.6781,20.0107],[-155.6759,20.0118],[-155.6762,20.0129],[-155.6749,20.0142],[-155.6753,20.0149],[-155.6729,20.0152],[-155.6657,20.0235],[-155.6657,20.0258],[-155.6642,20.0279],[-155.6648,20.0296],[-155.6647,20.0311],[-155.6664,20.0329],[-155.6663,20.0347],[-155.6684,20.036],[-155.6692,20.0369],[-155.6693,20.038]]]}},{"type":"Feature","properties":{"ahupuaa":"Waimea, Waikoloa","moku":"Kohala"},"geometry":{"type":"Polygon","coordinates":[[[-155.6012,19.9319],[-155.6138,19.9343],[-155.6144,19.9898],[-155.6342,19.9923],[-155.6488,19.9953],[-155.6527,19.9957],[-155.6608,19.9982],[-155.6696,20.002],[-155.6723,20.0075],[-155.6689,20.0124],[-155.6691,20.0134],[-155.6676,20.0142],[-155.6673,20.0166],[-155.6657,20.0177],[-155.6655,20.0193],[-155.6636,20.0225],[-155.664,20.0243],[-155.6637,20.0267],[-155.662,20.0282],[-155.662,20.0299],[-155.6602,20.0336],[-155.6604,20.0353],[-155.6582,20.0375],[-155.6578,20.041],[-155.6583,20.0436],[-155.6642,20.0547],[-155.6693,20.038],[-155.6692,20.0369],[-155.6684,20.036],[-155.6663,20.0347],[-155.6664,20.0329],[-155.6647,20.0311],[-155.6648,20.0296],[-155.6642,20.0279],[-155.6657,20.0258],[-155.6657,20.0235],[-155.6729,20.0152],[-155.6753,20.0149],[-155.6749,20.0142],[-155.6762,20.0129],[-155.6759,20.0118],[-155.6781,20.0107],[-155.6801,20.0086],[-155.6855,20.0061],[-155.6929,20.0011],[-155.707,19.9976],[-155.708,19.997],[-155.7104,19.9972],[-155.7181,20.0016],[-155.7213,20.0011],[-155.7313,19.9976],[-155.7374,19.9942],[-155.7567,19.989],[-155.7677,19.9846],[-155.7933,19.9782],[-155.8028,19.9771],[-155.8189,19.9737],[-155.8228,19.9735],[-155.8356,19.9639],[-155.8571,19.9518],[-155.8621,19.9532],[-155.8621,19.9528],[-155.8614,19.9526],[-155.8615,19.9516],[-155.8622,19.9512],[-155.8638,19.9515],[-155.8671,19.9477],[-155.8682,19.9471],[-155.8679,19.9457],[-155.8697,19.945],[-155.8701,19.9443],[-155.8694,19.9436],[-155.87,19.9432],[-155.8722,19.9423],[-155.8729,19.9425],[-155.8727,19.9432],[-155.8733,19.9439],[-155.8738,19.9436],[-155.8742,19.9442],[-155.875,19.9439],[-155.8759,19.9426],[-155.8774,19.9432],[-155.8771,19.9422],[-155.878,19.9428],[-155.8773,19.9418],[-155.8781,19.9422],[-155.8779,19.9417],[-155.8786,19.9416],[-155.8783,19.9414],[-155.8786,19.9406],[-155.8769,19.9399],[-155.8702,19.9343],[-155.8758,19.9232],[-155.8848,19.9104],[-155.787,19.8878],[-155.7762,19.8748],[-155.7718,19.8647],[-155.7588,19.8548],[-155.7489,19.8411],[-155.7301,19.8235],[-155.7018,19.8011],[-155.6887,19.7982],[-155.6633,19.7807],[-155.6327,19.7637],[-155.6345,19.7898],[-155.6345,19.7921],[-155.6332,19.7977],[-155.6362,19.8247],[-155.6255,19.8419],[-155.6201,19.844],[-155.6256,19.8447],[-155.6288,19.8462],[-155.6307,19.8481],[-155.6313,19.8502],[-155.634,19.8517],[-155.6364,19.8519],[-155.6442,19.8561],[-155.625,19.8893],[-155.6012,19.9319]]]}},{"type":"Feature","properties":{"ahupuaa":"Maulili","moku":"Kohala"},"geometry":{"type":"Polygon","coordinates":[[[-155.7761,20.2366],[-155.7766,20.2368],[-155.7845,20.2242],[-155.788,20.2164],[-155.7913,20.2127],[-155.7907,20.2094],[-155.79,20.209],[-155.7897,20.2025],[-155.7887,20.204],[-155.7892,20.2051],[-155.7868,20.2127],[-155.7859,20.2179],[-155.7831,20.2208],[-155.7761,20.2366]]]}},{"type":"Feature","properties":{"ahupuaa":"Keoniki, Kauniho, Wa","moku":"Kohala"},"geometry":{"type":"Polygon","coordinates":[[[-155.683,20.0416],[-155.6825,20.0433],[-155.682,20.0435],[-155.6816,20.0458],[-155.6799,20.0476],[-155.6798,20.0498],[-155.6784,20.0509],[-155.6778,20.0525],[-155.6771,20.0525],[-155.6775,20.0533],[-155.6786,20.0531],[-155.6806,20.0563],[-155.6833,20.0581],[-155.6832,20.0593],[-155.6848,20.061],[-155.6839,20.0616],[-155.6847,20.062],[-155.6856,20.0637],[-155.6865,20.0644],[-155.687,20.0662],[-155.6881,20.0676],[-155.6914,20.069],[-155.6914,20.0699],[-155.6943,20.0699],[-155.6961,20.0718],[-155.6975,20.0504],[-155.698,20.0494],[-155.6976,20.046],[-155.6985,20.0433],[-155.6995,20.0422],[-155.7005,20.0369],[-155.701,20.0362],[-155.7006,20.0335],[-155.7014,20.0293],[-155.6946,20.0275],[-155.6923,20.0275],[-155.6913,20.0262],[-155.6868,20.0275],[-155.6866,20.0309],[-155.6858,20.0312],[-155.6856,20.0341],[-155.6848,20.0348],[-155.6846,20.0357],[-155.6858,20.0372],[-155.683,20.0416]]]}},{"type":"Feature","properties":{"ahupuaa":"Hālawa, Napapaʻa","moku":"Kohala"},"geometry":{"type":"Polygon","coordinates":[[[-155.7523,20.2293],[-155.7531,20.2308],[-155.7518,20.2313],[-155.7532,20.2328],[-155.7532,20.2358],[-155.7546,20.236],[-155.7549,20.2366],[-155.7559,20.2369],[-155.756,20.2375],[-155.7573,20.2375],[-155.7577,20.238],[-155.7584,20.2378],[-155.7593,20.2364],[-155.7611,20.2367],[-155.7655,20.228],[-155.7687,20.2246],[-155.7715,20.2205],[-155.7736,20.2147],[-155.7797,20.2016],[-155.7826,20.1976],[-155.7844,20.1959],[-155.7865,20.186],[-155.788,20.1821],[-155.7896,20.1801],[-155.7894,20.1797],[-155.7908,20.1798],[-155.7925,20.1788],[-155.7904,20.177],[-155.7896,20.1732],[-155.7857,20.1708],[-155.7867,20.1685],[-155.7857,20.1669],[-155.784,20.1668],[-155.7827,20.1655],[-155.7822,20.1658],[-155.7825,20.167],[-155.7813,20.1682],[-155.781,20.17],[-155.7822,20.1714],[-155.7818,20.1734],[-155.7801,20.1763],[-155.7791,20.1766],[-155.779,20.1782],[-155.7796,20.1794],[-155.7784,20.1799],[-155.7781,20.1812],[-155.7784,20.1822],[-155.7775,20.183],[-155.7784,20.1843],[-155.7783,20.1876],[-155.777,20.1885],[-155.7761,20.1915],[-155.7774,20.1928],[-155.7775,20.1945],[-155.7784,20.1958],[-155.7779,20.1987],[-155.7771,20.2004],[-155.7764,20.201],[-155.775,20.2009],[-155.7736,20.2017],[-155.7719,20.2035],[-155.7715,20.2047],[-155.7693,20.2054],[-155.7677,20.2067],[-155.7679,20.2072],[-155.767,20.2078],[-155.7671,20.2085],[-155.7653,20.2111],[-155.7653,20.2139],[-155.7642,20.216],[-155.7647,20.2168],[-155.7645,20.2195],[-155.7643,20.22],[-155.7625,20.2207],[-155.7632,20.2215],[-155.7631,20.222],[-155.7611,20.2223],[-155.7607,20.224],[-155.759,20.2242],[-155.7589,20.2254],[-155.7582,20.2251],[-155.756,20.2265],[-155.7541,20.2268],[-155.7523,20.2293]]]}},{"type":"Feature","properties":{"ahupuaa":"Lanikepu","moku":"Kohala"},"geometry":{"type":"Polygon","coordinates":[[[-155.6961,20.0718],[-155.6968,20.0722],[-155.6981,20.0718],[-155.6993,20.0727],[-155.701,20.0727],[-155.7027,20.0521],[-155.7025,20.0422],[-155.7067,20.028],[-155.7019,20.0291],[-155.7012,20.0298],[-155.7013,20.0312],[-155.7006,20.0335],[-155.701,20.0362],[-155.7005,20.0369],[-155.6995,20.0422],[-155.6985,20.0433],[-155.6976,20.046],[-155.698,20.0494],[-155.6975,20.0504],[-155.6961,20.0718]]]}},{"type":"Feature","properties":{"ahupuaa":"ʻŌuli","moku":"Kohala"},"geometry":{"type":"Polygon","coordinates":[[[-155.701,20.0727],[-155.7037,20.073],[-155.7107,20.0488],[-155.7097,20.0459],[-155.7098,20.0447],[-155.7107,20.0439],[-155.7118,20.0438],[-155.7124,20.0428],[-155.7158,20.0296],[-155.719,20.0303],[-155.7287,20.024],[-155.7324,20.0234],[-155.7533,20.0244],[-155.7672,20.024],[-155.7742,20.0243],[-155.7859,20.0162],[-155.799,20.0097],[-155.801,20.01],[-155.8046,20.0084],[-155.8124,20.0098],[-155.8139,20.0116],[-155.8159,20.0123],[-155.8177,20.012],[-155.8206,20.0127],[-155.8221,20.0124],[-155.8247,20.0139],[-155.8255,20.0136],[-155.8249,20.0126],[-155.826,20.0113],[-155.8251,20.0105],[-155.8252,20.0099],[-155.8259,20.0097],[-155.8258,20.0092],[-155.8264,20.009],[-155.827,20.0078],[-155.8268,20.0065],[-155.8251,20.0058],[-155.825,20.0038],[-155.8258,20.0028],[-155.827,20.0028],[-155.8268,20.0023],[-155.8275,20.0017],[-155.8277,20.0001],[-155.8281,19.9999],[-155.8275,19.9984],[-155.8277,19.9978],[-155.8283,19.9978],[-155.8279,19.997],[-155.8274,19.997],[-155.8275,19.9961],[-155.8271,19.9959],[-155.8274,19.9955],[-155.8264,19.9953],[-155.8259,19.9945],[-155.8265,19.9913],[-155.8088,19.9991],[-155.7854,20.0057],[-155.7681,20.0127],[-155.7645,20.0113],[-155.7628,20.0116],[-155.7617,20.0123],[-155.7608,20.0139],[-155.7599,20.014],[-155.7587,20.0151],[-155.757,20.0178],[-155.7533,20.0187],[-155.7499,20.018],[-155.7473,20.0188],[-155.7391,20.0189],[-155.738,20.0184],[-155.7343,20.0187],[-155.7336,20.0196],[-155.7323,20.0192],[-155.7319,20.0205],[-155.7271,20.022],[-155.7259,20.0241],[-155.7234,20.0259],[-155.7207,20.0259],[-155.7184,20.0268],[-155.7166,20.0267],[-155.7138,20.0275],[-155.7131,20.0275],[-155.7126,20.0269],[-155.7108,20.027],[-155.71,20.0278],[-155.7067,20.028],[-155.7025,20.0422],[-155.7027,20.0521],[-155.701,20.0727]]]}},{"type":"Feature","properties":{"ahupuaa":"Momoualoa","moku":"Kohala"},"geometry":{"type":"Polygon","coordinates":[[[-155.7037,20.073],[-155.7075,20.0742],[-155.7087,20.0764],[-155.7087,20.0773],[-155.7099,20.0782],[-155.7136,20.0682],[-155.7113,20.0578],[-155.7117,20.0569],[-155.7128,20.0562],[-155.7128,20.053],[-155.7134,20.0504],[-155.7152,20.048],[-155.7157,20.0481],[-155.717,20.047],[-155.7172,20.046],[-155.7165,20.044],[-155.7174,20.0415],[-155.7197,20.039],[-155.7196,20.0375],[-155.7202,20.0354],[-155.7199,20.0335],[-155.7211,20.0309],[-155.721,20.0292],[-155.7217,20.0284],[-155.719,20.0303],[-155.7158,20.0296],[-155.7124,20.0428],[-155.7118,20.0438],[-155.7107,20.0439],[-155.7098,20.0447],[-155.7097,20.0459],[-155.7107,20.0488],[-155.7037,20.073]]]}},{"type":"Feature","properties":{"ahupuaa":"Pauahi","moku":"Kohala"},"geometry":{"type":"Polygon","coordinates":[[[-155.7099,20.0782],[-155.7144,20.0811],[-155.7162,20.0813],[-155.7192,20.0626],[-155.7198,20.0553],[-155.7206,20.0536],[-155.7202,20.0526],[-155.7205,20.0509],[-155.7201,20.0468],[-155.7223,20.0422],[-155.7221,20.0405],[-155.7228,20.0395],[-155.7226,20.0384],[-155.7235,20.0361],[-155.7236,20.0324],[-155.7243,20.0317],[-155.7247,20.0297],[-155.7288,20.0252],[-155.7318,20.0244],[-155.7324,20.0234],[-155.7287,20.024],[-155.721,20.0292],[-155.7211,20.0309],[-155.7199,20.0335],[-155.7202,20.0354],[-155.7196,20.0375],[-155.7197,20.039],[-155.7174,20.0415],[-155.7165,20.044],[-155.7172,20.046],[-155.717,20.047],[-155.7157,20.0481],[-155.7152,20.048],[-155.7134,20.0504],[-155.7128,20.053],[-155.7128,20.0562],[-155.7117,20.0569],[-155.7113,20.0578],[-155.7136,20.0682],[-155.7099,20.0782]]]}},{"type":"Feature","properties":{"ahupuaa":"Puʻukawaiwai, Panoluʻukia","moku":"Kohala"},"geometry":{"type":"Polygon","coordinates":[[[-155.7162,20.0813],[-155.7171,20.0813],[-155.7184,20.0805],[-155.7208,20.0826],[-155.7237,20.0798],[-155.7274,20.0739],[-155.7315,20.0688],[-155.7322,20.0655],[-155.7321,20.0634],[-155.7335,20.0589],[-155.7346,20.0579],[-155.7363,20.055],[-155.7401,20.0514],[-155.7404,20.0503],[-155.7423,20.0478],[-155.7427,20.0462],[-155.7441,20.0445],[-155.7442,20.0426],[-155.7452,20.0423],[-155.746,20.041],[-155.7487,20.0402],[-155.75,20.0386],[-155.7523,20.0379],[-155.7548,20.0354],[-155.7563,20.0353],[-155.7572,20.0343],[-155.7577,20.0324],[-155.7597,20.0306],[-155.7626,20.0292],[-155.7639,20.0292],[-155.7655,20.0281],[-155.7742,20.0243],[-155.7672,20.024],[-155.7533,20.0244],[-155.7324,20.0234],[-155.7318,20.0244],[-155.729,20.025],[-155.7243,20.0303],[-155.7244,20.0314],[-155.7234,20.0335],[-155.7235,20.0361],[-155.7226,20.0384],[-155.7228,20.0395],[-155.7221,20.0405],[-155.7223,20.0422],[-155.7201,20.0468],[-155.7205,20.0509],[-155.7202,20.0526],[-155.7206,20.0536],[-155.7198,20.0553],[-155.7192,20.0626],[-155.7162,20.0813]]]}},{"type":"Feature","properties":{"ahupuaa":"Puakea","moku":"Kohala"},"geometry":{"type":"Polygon","coordinates":[[[-155.8905,20.2421],[-155.8921,20.2421],[-155.8922,20.2416],[-155.8928,20.2415],[-155.8934,20.2403],[-155.8936,20.2377],[-155.8951,20.2374],[-155.8958,20.2367],[-155.8935,20.2357],[-155.8856,20.2344],[-155.8836,20.2345],[-155.8799,20.2325],[-155.8692,20.2281],[-155.8649,20.225],[-155.8576,20.2215],[-155.8536,20.2219],[-155.874,20.236],[-155.8788,20.2383],[-155.8905,20.2421]]]}},{"type":"Feature","properties":{"ahupuaa":"Halelua","moku":"Kohala"},"geometry":{"type":"Polygon","coordinates":[[[-155.7611,20.2367],[-155.7618,20.2381],[-155.7625,20.2383],[-155.7629,20.2379],[-155.7642,20.2386],[-155.7651,20.2399],[-155.7651,20.2413],[-155.7688,20.2416],[-155.7689,20.2366],[-155.7723,20.2301],[-155.7724,20.228],[-155.7726,20.2277],[-155.7735,20.228],[-155.7735,20.2272],[-155.775,20.2268],[-155.776,20.2257],[-155.7758,20.2235],[-155.7784,20.2192],[-155.7784,20.2159],[-155.7794,20.2154],[-155.7785,20.2148],[-155.7789,20.2138],[-155.778,20.2134],[-155.7781,20.2129],[-155.7797,20.2103],[-155.7801,20.2084],[-155.7811,20.2076],[-155.7815,20.2062],[-155.7809,20.2052],[-155.7818,20.2045],[-155.7816,20.203],[-155.7824,20.2027],[-155.7846,20.1969],[-155.7861,20.1954],[-155.7874,20.1879],[-155.7901,20.181],[-155.7896,20.1801],[-155.788,20.1821],[-155.7865,20.186],[-155.7842,20.1963],[-155.7826,20.1976],[-155.7797,20.2016],[-155.7736,20.2147],[-155.7715,20.2205],[-155.7687,20.2246],[-155.7655,20.228],[-155.7611,20.2367]]]}},{"type":"Feature","properties":{"ahupuaa":"Halaʻula","moku":"Kohala"},"geometry":{"type":"Polygon","coordinates":[[[-155.7737,20.242],[-155.7758,20.2426],[-155.7757,20.2414],[-155.7766,20.2401],[-155.7767,20.2385],[-155.779,20.2376],[-155.7803,20.236],[-155.7808,20.2323],[-155.7814,20.2327],[-155.7823,20.2324],[-155.7827,20.232],[-155.7826,20.2307],[-155.7836,20.2312],[-155.7842,20.23],[-155.7859,20.2291],[-155.7861,20.2281],[-155.7872,20.2272],[-155.7873,20.226],[-155.7883,20.2249],[-155.7881,20.2244],[-155.7897,20.2227],[-155.7895,20.2208],[-155.7899,20.2206],[-155.7904,20.2214],[-155.7908,20.2211],[-155.7922,20.2189],[-155.7918,20.2179],[-155.7925,20.2175],[-155.7924,20.2166],[-155.7938,20.2149],[-155.7939,20.2133],[-155.7947,20.2122],[-155.7937,20.2063],[-155.7943,20.2049],[-155.795,20.2046],[-155.7954,20.2017],[-155.7968,20.1998],[-155.7976,20.1975],[-155.7962,20.1885],[-155.7949,20.1874],[-155.7941,20.1873],[-155.7939,20.1903],[-155.7929,20.1918],[-155.7932,20.1928],[-155.7929,20.1949],[-155.7897,20.2025],[-155.79,20.209],[-155.7907,20.2094],[-155.7913,20.2127],[-155.788,20.2164],[-155.7845,20.2242],[-155.7766,20.2368],[-155.7761,20.2366],[-155.7737,20.242]]]}},{"type":"Feature","properties":{"ahupuaa":"ʻIole","moku":"Kohala"},"geometry":{"type":"Polygon","coordinates":[[[-155.7758,20.2425],[-155.7784,20.2423],[-155.7811,20.2439],[-155.7843,20.2394],[-155.7874,20.2369],[-155.7935,20.2297],[-155.7972,20.2219],[-155.7978,20.2182],[-155.8006,20.2111],[-155.8011,20.2068],[-155.8034,20.2009],[-155.8041,20.1974],[-155.7976,20.1968],[-155.7975,20.1983],[-155.7954,20.2017],[-155.795,20.2046],[-155.7943,20.2049],[-155.7937,20.2063],[-155.7947,20.2123],[-155.7939,20.2133],[-155.7937,20.2151],[-155.7924,20.2166],[-155.7925,20.2175],[-155.7918,20.2179],[-155.7922,20.2189],[-155.7906,20.2213],[-155.7899,20.2206],[-155.7895,20.2208],[-155.7897,20.2227],[-155.7881,20.2244],[-155.7883,20.2249],[-155.7873,20.226],[-155.7872,20.2272],[-155.7861,20.2281],[-155.7859,20.2291],[-155.7842,20.23],[-155.7836,20.2312],[-155.7826,20.2307],[-155.7827,20.232],[-155.7823,20.2324],[-155.7814,20.2327],[-155.7808,20.2323],[-155.7803,20.236],[-155.779,20.2376],[-155.7767,20.2385],[-155.7766,20.2401],[-155.7757,20.2414],[-155.7758,20.2425]]]}},{"type":"Feature","properties":{"ahupuaa":"Honoipu","moku":"Kohala"},"geometry":{"type":"Polygon","coordinates":[[[-155.8493,20.2223],[-155.8511,20.2246],[-155.858,20.2283],[-155.8588,20.2298],[-155.8622,20.2329],[-155.8745,20.2411],[-155.8829,20.2445],[-155.888,20.2477],[-155.8891,20.2475],[-155.8887,20.2452],[-155.8893,20.2437],[-155.8907,20.2422],[-155.8788,20.2383],[-155.874,20.236],[-155.8537,20.2219],[-155.8493,20.2223]]]}},{"type":"Feature","properties":{"ahupuaa":"Apuakohau, Kukuiwaluhia","moku":"Kohala"},"geometry":{"type":"Polygon","coordinates":[[[-155.7688,20.2416],[-155.7702,20.2423],[-155.7689,20.2449],[-155.7715,20.2465],[-155.7713,20.2456],[-155.7727,20.2442],[-155.7731,20.2426],[-155.7736,20.2425],[-155.7831,20.2208],[-155.7859,20.2179],[-155.7868,20.2127],[-155.7892,20.2051],[-155.7887,20.204],[-155.7928,20.1952],[-155.7932,20.1928],[-155.7929,20.1918],[-155.794,20.1898],[-155.7942,20.1874],[-155.7929,20.1865],[-155.793,20.1853],[-155.7923,20.1834],[-155.7895,20.1827],[-155.789,20.1835],[-155.7874,20.1879],[-155.7861,20.1954],[-155.7846,20.1969],[-155.7824,20.2027],[-155.7816,20.203],[-155.7818,20.2045],[-155.7809,20.2052],[-155.7815,20.2062],[-155.7811,20.2076],[-155.7801,20.2084],[-155.7797,20.2103],[-155.7781,20.2129],[-155.778,20.2134],[-155.7789,20.2138],[-155.7785,20.2148],[-155.7794,20.2154],[-155.7784,20.2159],[-155.7784,20.2192],[-155.7758,20.2235],[-155.776,20.2257],[-155.775,20.2268],[-155.7735,20.2272],[-155.7735,20.228],[-155.773,20.2277],[-155.7724,20.228],[-155.7723,20.2301],[-155.7689,20.2366],[-155.7688,20.2416]]]}},{"type":"Feature","properties":{"ahupuaa":"ʻĀinakea","moku":"Kohala"},"geometry":{"type":"Polygon","coordinates":[[[-155.7811,20.2439],[-155.7815,20.245],[-155.7824,20.2447],[-155.7852,20.246],[-155.7856,20.247],[-155.7864,20.247],[-155.7888,20.2422],[-155.7908,20.2408],[-155.7916,20.2376],[-155.7972,20.2309],[-155.7975,20.2299],[-155.7965,20.2285],[-155.7972,20.2253],[-155.7987,20.2241],[-155.7986,20.2234],[-155.7994,20.2225],[-155.7992,20.2219],[-155.8001,20.2201],[-155.8021,20.2186],[-155.8024,20.2168],[-155.8036,20.2163],[-155.8029,20.2152],[-155.8035,20.2137],[-155.8031,20.2115],[-155.8038,20.2084],[-155.8049,20.2071],[-155.8048,20.2054],[-155.8056,20.2038],[-155.8051,20.2027],[-155.8082,20.1989],[-155.8041,20.1974],[-155.8034,20.2009],[-155.8011,20.2068],[-155.8006,20.2111],[-155.7978,20.2182],[-155.7972,20.2219],[-155.7941,20.2285],[-155.7874,20.2369],[-155.7843,20.2394],[-155.7811,20.2439]]]}},{"type":"Feature","properties":{"ahupuaa":"Ohanaula","moku":"Kohala"},"geometry":{"type":"Polygon","coordinates":[[[-155.796,20.2488],[-155.7969,20.2482],[-155.7976,20.2483],[-155.7981,20.249],[-155.798,20.2501],[-155.7989,20.25],[-155.8003,20.2513],[-155.805,20.2449],[-155.8084,20.2373],[-155.8097,20.2331],[-155.8129,20.2344],[-155.8175,20.2192],[-155.8198,20.2139],[-155.8201,20.2111],[-155.8198,20.2076],[-155.8177,20.2069],[-155.8166,20.2057],[-155.8139,20.2178],[-155.8099,20.2222],[-155.814,20.2222],[-155.8106,20.2267],[-155.8055,20.2322],[-155.8025,20.2405],[-155.799,20.2442],[-155.796,20.2488]]]}},{"type":"Feature","properties":{"ahupuaa":"Kapaʻau","moku":"Kohala"},"geometry":{"type":"Polygon","coordinates":[[[-155.7864,20.247],[-155.7892,20.2474],[-155.7903,20.2487],[-155.7949,20.2433],[-155.7961,20.2389],[-155.7989,20.2361],[-155.8009,20.2286],[-155.7993,20.2283],[-155.7999,20.2278],[-155.8005,20.228],[-155.8022,20.2246],[-155.8027,20.2246],[-155.8057,20.2212],[-155.8118,20.2049],[-155.8134,20.1981],[-155.8136,20.1944],[-155.8117,20.1823],[-155.8093,20.1823],[-155.8046,20.1832],[-155.8,20.1809],[-155.8038,20.1916],[-155.8034,20.194],[-155.8041,20.1974],[-155.8082,20.1989],[-155.8081,20.1994],[-155.8051,20.2027],[-155.8056,20.2038],[-155.8048,20.2054],[-155.8049,20.2071],[-155.8038,20.2084],[-155.8031,20.2115],[-155.8035,20.2137],[-155.8029,20.2152],[-155.8036,20.2163],[-155.8024,20.2168],[-155.8021,20.2186],[-155.8001,20.2201],[-155.7992,20.2219],[-155.7994,20.2225],[-155.7986,20.2234],[-155.7987,20.2241],[-155.7972,20.2253],[-155.7965,20.2285],[-155.7975,20.2299],[-155.7974,20.2305],[-155.7916,20.2376],[-155.7908,20.2408],[-155.7888,20.2422],[-155.7864,20.247]]]}},{"type":"Feature","properties":{"ahupuaa":"Honopueo","moku":"Kohala"},"geometry":{"type":"Polygon","coordinates":[[[-155.7903,20.2487],[-155.7922,20.2492],[-155.796,20.2488],[-155.799,20.2442],[-155.8025,20.2405],[-155.8055,20.2322],[-155.8106,20.2267],[-155.814,20.2222],[-155.8099,20.2222],[-155.8139,20.2178],[-155.8166,20.2057],[-155.8118,20.2049],[-155.8057,20.2212],[-155.8027,20.2246],[-155.8022,20.2246],[-155.8005,20.228],[-155.7999,20.2278],[-155.7993,20.2283],[-155.8009,20.2286],[-155.7989,20.2361],[-155.7961,20.2389],[-155.7949,20.2433],[-155.7903,20.2487]]]}},{"type":"Feature","properties":{"ahupuaa":"ʻUpolu","moku":"Kohala"},"geometry":{"type":"Polygon","coordinates":[[[-155.8853,20.2533],[-155.8861,20.2523],[-155.888,20.2519],[-155.8884,20.251],[-155.8881,20.2495],[-155.8889,20.2476],[-155.888,20.2477],[-155.8829,20.2445],[-155.8745,20.2411],[-155.8622,20.2329],[-155.8588,20.2298],[-155.858,20.2283],[-155.8511,20.2246],[-155.8493,20.2223],[-155.8481,20.2224],[-155.8623,20.2385],[-155.8661,20.242],[-155.8786,20.25],[-155.8853,20.2533]]]}},{"type":"Feature","properties":{"ahupuaa":"Kokoiki","moku":"Kohala"},"geometry":{"type":"Polygon","coordinates":[[[-155.8472,20.2225],[-155.8522,20.2316],[-155.8542,20.24],[-155.8574,20.2397],[-155.8552,20.235],[-155.8569,20.2345],[-155.8593,20.2404],[-155.8631,20.2434],[-155.8727,20.2488],[-155.8835,20.2563],[-155.8851,20.2547],[-155.8853,20.2533],[-155.8786,20.25],[-155.8661,20.242],[-155.8623,20.2385],[-155.8481,20.2224],[-155.8472,20.2225]]]}},{"type":"Feature","properties":{"ahupuaa":"Puehuehu, Laʻaumama","moku":"Kohala"},"geometry":{"type":"Polygon","coordinates":[[[-155.8083,20.2572],[-155.8104,20.2568],[-155.8108,20.2505],[-155.8135,20.2462],[-155.8144,20.242],[-155.8145,20.2388],[-155.8164,20.2338],[-155.8186,20.2343],[-155.8191,20.2258],[-155.8221,20.2172],[-155.8217,20.2143],[-155.8197,20.2139],[-155.8184,20.2167],[-155.8129,20.2344],[-155.8097,20.2331],[-155.8084,20.2373],[-155.805,20.2449],[-155.8001,20.2516],[-155.8003,20.2525],[-155.8008,20.2521],[-155.8014,20.2527],[-155.8033,20.2529],[-155.8032,20.2535],[-155.8043,20.2547],[-155.8063,20.2549],[-155.8068,20.2566],[-155.8083,20.2572]]]}},{"type":"Feature","properties":{"ahupuaa":"Honomakaʻu","moku":"Kohala"},"geometry":{"type":"Polygon","coordinates":[[[-155.8151,20.2499],[-155.8148,20.2589],[-155.8163,20.2582],[-155.8174,20.2587],[-155.821,20.2512],[-155.8206,20.2503],[-155.8185,20.2502],[-155.8189,20.2457],[-155.8185,20.2446],[-155.8196,20.2431],[-155.8203,20.2407],[-155.8203,20.2363],[-155.8231,20.2243],[-155.8227,20.2177],[-155.8221,20.2172],[-155.8191,20.2258],[-155.819,20.2316],[-155.8165,20.2424],[-155.8159,20.25],[-155.8151,20.2499]]]}},{"type":"Feature","properties":{"ahupuaa":"Pāhoa","moku":"Kohala"},"geometry":{"type":"Polygon","coordinates":[[[-155.821,20.2512],[-155.8174,20.2593],[-155.8183,20.2602],[-155.8209,20.2594],[-155.8243,20.2596],[-155.8257,20.2402],[-155.8273,20.2354],[-155.8286,20.2275],[-155.8234,20.2258],[-155.8239,20.2249],[-155.8236,20.2233],[-155.8251,20.2197],[-155.8266,20.2175],[-155.8263,20.2163],[-155.8266,20.2138],[-155.8253,20.2135],[-155.8247,20.2121],[-155.8248,20.2101],[-155.826,20.2086],[-155.8258,20.2072],[-155.8254,20.2071],[-155.8198,20.2076],[-155.8201,20.2111],[-155.8198,20.2139],[-155.8217,20.2143],[-155.8221,20.2172],[-155.8227,20.2177],[-155.8231,20.2243],[-155.8203,20.2363],[-155.8203,20.2407],[-155.8196,20.2431],[-155.8185,20.2446],[-155.8189,20.2457],[-155.8185,20.2502],[-155.8206,20.2503],[-155.821,20.2512]]]}},{"type":"Feature","properties":{"ahupuaa":"Hāwī","moku":"Kohala"},"geometry":{"type":"Polygon","coordinates":[[[-155.8243,20.2596],[-155.8259,20.26],[-155.8272,20.2612],[-155.8306,20.237],[-155.8303,20.2296],[-155.8283,20.2295],[-155.8273,20.2354],[-155.8257,20.2402],[-155.8243,20.2596]]]}},{"type":"Feature","properties":{"ahupuaa":"Kaʻauhuhu","moku":"Kohala"},"geometry":{"type":"Polygon","coordinates":[[[-155.8272,20.2611],[-155.8279,20.2611],[-155.8293,20.2625],[-155.8296,20.2647],[-155.8302,20.2653],[-155.8314,20.2639],[-155.8324,20.2487],[-155.834,20.2418],[-155.8338,20.2361],[-155.8349,20.2154],[-155.8379,20.2143],[-155.8415,20.2141],[-155.8417,20.2089],[-155.8413,20.2053],[-155.8392,20.197],[-155.8327,20.1963],[-155.8331,20.1941],[-155.8278,20.1972],[-155.8199,20.2057],[-155.82,20.2073],[-155.8258,20.2072],[-155.826,20.2086],[-155.8248,20.2101],[-155.8247,20.2121],[-155.8253,20.2135],[-155.8266,20.2138],[-155.8263,20.2159],[-155.8266,20.2175],[-155.8251,20.2197],[-155.8236,20.2233],[-155.8239,20.2249],[-155.8234,20.2258],[-155.8286,20.2275],[-155.8283,20.2295],[-155.8303,20.2296],[-155.8306,20.237],[-155.8272,20.2611]]]}},{"type":"Feature","properties":{"ahupuaa":"Opihipau, Hukiaʻa","moku":"Kohala"},"geometry":{"type":"Polygon","coordinates":[[[-155.8623,20.2663],[-155.8633,20.2659],[-155.8662,20.2664],[-155.8671,20.2653],[-155.8687,20.2655],[-155.8713,20.2646],[-155.8731,20.2628],[-155.8602,20.2512],[-155.8527,20.2415],[-155.8523,20.2374],[-155.8455,20.2225],[-155.8426,20.2219],[-155.8446,20.231],[-155.8491,20.2459],[-155.8534,20.2546],[-155.8545,20.2545],[-155.857,20.2592],[-155.8615,20.2647],[-155.8623,20.2663]]]}},{"type":"Feature","properties":{"ahupuaa":"Makeanehu","moku":"Kohala"},"geometry":{"type":"Polygon","coordinates":[[[-155.8909,20.1262],[-155.8477,20.1568],[-155.8375,20.1588],[-155.8307,20.1594],[-155.8174,20.1618],[-155.8145,20.1633],[-155.8109,20.1662],[-155.8154,20.1661],[-155.8197,20.1644],[-155.8277,20.1631],[-155.8321,20.1615],[-155.843,20.1604],[-155.8484,20.1588],[-155.8521,20.1546],[-155.8725,20.143],[-155.8813,20.1367],[-155.8917,20.1304],[-155.8922,20.1295],[-155.8911,20.1281],[-155.8915,20.1267],[-155.8909,20.1262]]]}},{"type":"Feature","properties":{"ahupuaa":"Kealahewa","moku":"Kohala"},"geometry":{"type":"Polygon","coordinates":[[[-155.853,20.2684],[-155.8538,20.2684],[-155.855,20.2673],[-155.8579,20.2672],[-155.8607,20.2659],[-155.8623,20.2663],[-155.8622,20.2658],[-155.857,20.2592],[-155.8545,20.2545],[-155.8534,20.2546],[-155.8491,20.2459],[-155.8435,20.2269],[-155.8416,20.2169],[-155.839,20.2194],[-155.84,20.2294],[-155.8425,20.2382],[-155.8463,20.2484],[-155.848,20.2575],[-155.853,20.2684]]]}},{"type":"Feature","properties":{"ahupuaa":"Kāhei, Hualua","moku":"Kohala"},"geometry":{"type":"Polygon","coordinates":[[[-155.8314,20.2639],[-155.832,20.2645],[-155.8338,20.2649],[-155.835,20.2664],[-155.8355,20.2664],[-155.8357,20.2676],[-155.8442,20.2662],[-155.8449,20.2655],[-155.8461,20.2659],[-155.8475,20.2655],[-155.8492,20.2666],[-155.8497,20.2682],[-155.8506,20.2685],[-155.8521,20.2677],[-155.853,20.2684],[-155.848,20.2575],[-155.8463,20.2484],[-155.8425,20.2382],[-155.84,20.2294],[-155.839,20.2194],[-155.8416,20.2169],[-155.8415,20.2141],[-155.8379,20.2143],[-155.8349,20.2154],[-155.8338,20.2361],[-155.834,20.2418],[-155.8324,20.2487],[-155.8314,20.2639]]]}},{"type":"Feature","properties":{"ahupuaa":"Okoe 1-2","moku":"Kona"},"geometry":{"type":"Polygon","coordinates":[[[-155.8637,19.1631],[-155.8648,19.1679],[-155.8749,19.1668],[-155.8885,19.1632],[-155.9148,19.1593],[-155.9153,19.1591],[-155.9153,19.1585],[-155.9158,19.1586],[-155.9151,19.1574],[-155.916,19.1563],[-155.9161,19.1553],[-155.9155,19.1551],[-155.9164,19.1545],[-155.9158,19.1545],[-155.916,19.1541],[-155.9153,19.1535],[-155.915,19.1537],[-155.9152,19.1532],[-155.9145,19.1529],[-155.9148,19.1524],[-155.914,19.1527],[-155.9121,19.1516],[-155.9105,19.1517],[-155.9098,19.1503],[-155.9105,19.148],[-155.9096,19.148],[-155.8877,19.1542],[-155.8808,19.155],[-155.869,19.1597],[-155.8662,19.1623],[-155.8637,19.1631]]]}},{"type":"Feature","properties":{"ahupuaa":"Puʻuokumau","moku":"Kohala"},"geometry":{"type":"Polygon","coordinates":[[[-155.8237,20.1786],[-155.8237,20.1836],[-155.8255,20.1921],[-155.829,20.1947],[-155.8395,20.193],[-155.8384,20.1895],[-155.8292,20.1782],[-155.8264,20.1788],[-155.8237,20.1786]]]}},{"type":"Feature","properties":{"ahupuaa":"ʻĀwini","moku":"Kohala"},"geometry":{"type":"Polygon","coordinates":[[[-155.6997,20.1864],[-155.703,20.1895],[-155.7074,20.1905],[-155.7097,20.1924],[-155.7128,20.194],[-155.7154,20.1942],[-155.7155,20.1929],[-155.7166,20.192],[-155.7172,20.1905],[-155.7173,20.1886],[-155.7181,20.187],[-155.7179,20.1859],[-155.7186,20.1848],[-155.7167,20.1829],[-155.7172,20.1813],[-155.7169,20.1795],[-155.7164,20.1793],[-155.7166,20.1772],[-155.716,20.1761],[-155.7179,20.1721],[-155.7176,20.1694],[-155.7182,20.1685],[-155.7178,20.1671],[-155.7184,20.1663],[-155.7178,20.1656],[-155.7174,20.1636],[-155.7181,20.1597],[-155.7173,20.1589],[-155.7176,20.158],[-155.7168,20.1568],[-155.7172,20.1564],[-155.7165,20.1552],[-155.7169,20.1545],[-155.7164,20.1542],[-155.7167,20.1527],[-155.7179,20.1512],[-155.718,20.1497],[-155.7163,20.1484],[-155.7153,20.1457],[-155.7183,20.1137],[-155.7055,20.1103],[-155.7062,20.1107],[-155.708,20.1136],[-155.7098,20.1151],[-155.711,20.1172],[-155.7141,20.1197],[-155.7145,20.1218],[-155.7133,20.1258],[-155.7135,20.1274],[-155.7121,20.1293],[-155.7119,20.1313],[-155.7113,20.1316],[-155.7114,20.1325],[-155.7109,20.133],[-155.7113,20.1333],[-155.7109,20.135],[-155.7103,20.1352],[-155.71,20.137],[-155.7095,20.1372],[-155.71,20.1379],[-155.7098,20.1391],[-155.7114,20.1409],[-155.7115,20.1423],[-155.7104,20.1439],[-155.7116,20.1469],[-155.7111,20.1542],[-155.7107,20.1554],[-155.7091,20.1569],[-155.7092,20.1584],[-155.709,20.1594],[-155.7082,20.16],[-155.7085,20.1606],[-155.7081,20.1619],[-155.7066,20.1628],[-155.7065,20.1644],[-155.7074,20.166],[-155.7075,20.1672],[-155.7066,20.1698],[-155.7066,20.1716],[-155.7043,20.1763],[-155.704,20.178],[-155.7027,20.179],[-155.7011,20.1824],[-155.6998,20.1838],[-155.7001,20.1849],[-155.6997,20.1864]]]}},{"type":"Feature","properties":{"ahupuaa":"Kaulanamauna","moku":"Kona"},"geometry":{"type":"Polygon","coordinates":[[[-155.9058,19.0781],[-155.8759,19.1001],[-155.7618,19.183],[-155.7724,19.1819],[-155.908,19.0854],[-155.9073,19.0844],[-155.9079,19.0832],[-155.9072,19.0826],[-155.9075,19.0823],[-155.9067,19.081],[-155.9069,19.08],[-155.9058,19.0781]]]}},{"type":"Feature","properties":{"ahupuaa":"Kapuʻa","moku":"Kona"},"geometry":{"type":"Polygon","coordinates":[[[-155.7724,19.1819],[-155.7724,19.1867],[-155.7739,19.1927],[-155.8654,19.1626],[-155.8665,19.1621],[-155.869,19.1597],[-155.8808,19.155],[-155.8877,19.1542],[-155.9109,19.1479],[-155.9107,19.1475],[-155.9115,19.1462],[-155.9111,19.146],[-155.9116,19.1457],[-155.911,19.1446],[-155.9103,19.1445],[-155.9114,19.1432],[-155.9108,19.1427],[-155.9109,19.1422],[-155.9147,19.1396],[-155.9148,19.1384],[-155.914,19.1371],[-155.9154,19.1367],[-155.9161,19.1357],[-155.9159,19.135],[-155.9168,19.1354],[-155.9182,19.1346],[-155.9183,19.1337],[-155.9174,19.1326],[-155.9176,19.1319],[-155.915,19.1298],[-155.9152,19.1291],[-155.9165,19.1292],[-155.9171,19.1288],[-155.9172,19.1283],[-155.9165,19.1278],[-155.9171,19.1273],[-155.9181,19.1244],[-155.9179,19.1201],[-155.9187,19.119],[-155.9179,19.116],[-155.9183,19.1147],[-155.9172,19.1137],[-155.9167,19.1125],[-155.9169,19.111],[-155.9154,19.1081],[-155.9153,19.1051],[-155.9139,19.103],[-155.9132,19.1],[-155.9125,19.0998],[-155.9112,19.0975],[-155.9105,19.0952],[-155.9108,19.0944],[-155.9098,19.0928],[-155.91,19.0908],[-155.9093,19.0898],[-155.9092,19.088],[-155.9085,19.0875],[-155.9083,19.0855],[-155.7724,19.1819]]]}},{"type":"Feature","properties":{"ahupuaa":"Anapuka, Hoʻopūloa","moku":"Kona"},"geometry":{"type":"Polygon","coordinates":[[[-155.7739,19.1927],[-155.7778,19.2068],[-155.7755,19.2127],[-155.7769,19.217],[-155.8504,19.2053],[-155.8563,19.2042],[-155.8614,19.202],[-155.8699,19.2028],[-155.8899,19.2018],[-155.9061,19.2029],[-155.9065,19.2024],[-155.906,19.2021],[-155.9062,19.2001],[-155.9053,19.1989],[-155.9058,19.1983],[-155.9054,19.1972],[-155.906,19.1961],[-155.9069,19.1958],[-155.9066,19.1953],[-155.9069,19.1952],[-155.9059,19.1945],[-155.9056,19.1936],[-155.9063,19.193],[-155.906,19.1918],[-155.9075,19.1906],[-155.9065,19.1899],[-155.9072,19.1895],[-155.907,19.1887],[-155.9077,19.1886],[-155.9078,19.1877],[-155.9074,19.1874],[-155.9085,19.1872],[-155.9078,19.1865],[-155.9083,19.1855],[-155.9068,19.1848],[-155.9074,19.1846],[-155.9069,19.1828],[-155.9071,19.1824],[-155.9084,19.1826],[-155.9081,19.182],[-155.9086,19.1813],[-155.908,19.181],[-155.9088,19.1805],[-155.9079,19.18],[-155.9081,19.1782],[-155.9085,19.1779],[-155.9079,19.1744],[-155.9094,19.174],[-155.9092,19.1724],[-155.9077,19.1727],[-155.9067,19.1717],[-155.907,19.1685],[-155.9078,19.1683],[-155.9083,19.1689],[-155.9088,19.168],[-155.9096,19.1678],[-155.91,19.1682],[-155.9099,19.1675],[-155.9117,19.1664],[-155.9126,19.1646],[-155.9123,19.1642],[-155.9127,19.164],[-155.9131,19.1616],[-155.9146,19.1595],[-155.8885,19.1632],[-155.8749,19.1668],[-155.8648,19.1679],[-155.8637,19.1631],[-155.7739,19.1927]]]}},{"type":"Feature","properties":{"ahupuaa":"Pāpā 2","moku":"Kona"},"geometry":{"type":"Polygon","coordinates":[[[-155.7769,19.217],[-155.7787,19.2282],[-155.8517,19.2153],[-155.8652,19.2107],[-155.8738,19.2088],[-155.8763,19.2091],[-155.8792,19.2082],[-155.8884,19.2081],[-155.8993,19.2107],[-155.8992,19.2096],[-155.9005,19.2092],[-155.9009,19.2083],[-155.9015,19.2085],[-155.9027,19.2067],[-155.9025,19.2064],[-155.903,19.2062],[-155.9027,19.206],[-155.9033,19.2059],[-155.9054,19.2036],[-155.9051,19.2033],[-155.9061,19.2029],[-155.8899,19.2018],[-155.8699,19.2028],[-155.8614,19.202],[-155.8563,19.2042],[-155.8504,19.2053],[-155.7769,19.217]]]}},{"type":"Feature","properties":{"ahupuaa":"Pāpā 1","moku":"Kona"},"geometry":{"type":"Polygon","coordinates":[[[-155.7787,19.2282],[-155.779,19.2303],[-155.7805,19.2318],[-155.8589,19.2181],[-155.8603,19.2172],[-155.8911,19.2158],[-155.9011,19.2166],[-155.9013,19.216],[-155.9012,19.2151],[-155.9002,19.2151],[-155.8999,19.2134],[-155.8985,19.2119],[-155.8989,19.2107],[-155.8884,19.2081],[-155.8792,19.2082],[-155.8763,19.2091],[-155.8738,19.2088],[-155.8652,19.2107],[-155.8517,19.2153],[-155.7787,19.2282]]]}},{"type":"Feature","properties":{"ahupuaa":"ʻAlikā","moku":"Kona"},"geometry":{"type":"Polygon","coordinates":[[[-155.7805,19.2318],[-155.7942,19.2456],[-155.8638,19.2303],[-155.8685,19.2312],[-155.875,19.2305],[-155.8787,19.2313],[-155.8853,19.2316],[-155.9009,19.2309],[-155.9026,19.2259],[-155.902,19.2256],[-155.9023,19.224],[-155.9018,19.2207],[-155.9004,19.2183],[-155.9006,19.2177],[-155.9012,19.2176],[-155.9005,19.2168],[-155.901,19.2166],[-155.8911,19.2158],[-155.8717,19.2165],[-155.8603,19.2172],[-155.8589,19.2181],[-155.7805,19.2318]]]}},{"type":"Feature","properties":{"ahupuaa":"Kīpahoehoe","moku":"Kona"},"geometry":{"type":"Polygon","coordinates":[[[-155.8979,19.2593],[-155.899,19.2569],[-155.8996,19.2567],[-155.8989,19.2561],[-155.8998,19.2556],[-155.8994,19.2555],[-155.8998,19.2553],[-155.8994,19.2551],[-155.8992,19.2534],[-155.8999,19.2529],[-155.8995,19.2508],[-155.9,19.2489],[-155.9008,19.2481],[-155.9004,19.248],[-155.9006,19.2471],[-155.8994,19.245],[-155.8996,19.2441],[-155.8974,19.241],[-155.8973,19.2399],[-155.9001,19.2351],[-155.9009,19.2309],[-155.8853,19.2316],[-155.8787,19.2313],[-155.875,19.2305],[-155.8685,19.2312],[-155.8638,19.2303],[-155.7942,19.2456],[-155.8007,19.2522],[-155.882,19.2563],[-155.8979,19.2593]]]}},{"type":"Feature","properties":{"ahupuaa":"Kaʻapuna","moku":"Kona"},"geometry":{"type":"Polygon","coordinates":[[[-155.8944,19.267],[-155.8958,19.2638],[-155.8961,19.2619],[-155.8968,19.2606],[-155.8974,19.2604],[-155.8973,19.2597],[-155.898,19.2593],[-155.882,19.2563],[-155.8007,19.2522],[-155.8118,19.2632],[-155.871,19.2634],[-155.8818,19.266],[-155.8944,19.267]]]}},{"type":"Feature","properties":{"ahupuaa":"ʻŌlelomoana 1-4, Opihihali","moku":"Kona"},"geometry":{"type":"Polygon","coordinates":[[[-155.8118,19.2632],[-155.8096,19.2776],[-155.8079,19.2851],[-155.8016,19.2965],[-155.86,19.2899],[-155.8598,19.2859],[-155.8618,19.2857],[-155.8659,19.2854],[-155.8733,19.2859],[-155.8771,19.2879],[-155.8887,19.2893],[-155.8886,19.2887],[-155.8913,19.2849],[-155.891,19.2846],[-155.8916,19.2822],[-155.8913,19.2807],[-155.8924,19.2794],[-155.8914,19.2786],[-155.8913,19.2767],[-155.8924,19.2741],[-155.8923,19.2717],[-155.8932,19.2715],[-155.8929,19.2713],[-155.8935,19.27],[-155.8935,19.2685],[-155.8944,19.2672],[-155.8818,19.266],[-155.871,19.2634],[-155.8118,19.2632]]]}},{"type":"Feature","properties":{"ahupuaa":"Kolo","moku":"Kona"},"geometry":{"type":"Polygon","coordinates":[[[-155.8598,19.2859],[-155.8601,19.2981],[-155.8705,19.2973],[-155.8897,19.2995],[-155.8888,19.299],[-155.8881,19.2961],[-155.8885,19.2936],[-155.8895,19.2934],[-155.8896,19.2906],[-155.8887,19.2893],[-155.8771,19.2879],[-155.8733,19.2859],[-155.8659,19.2854],[-155.8598,19.2859]]]}},{"type":"Feature","properties":{"ahupuaa":"Kukuiopaʻe 1-2","moku":"Kona"},"geometry":{"type":"Polygon","coordinates":[[[-155.7954,19.3076],[-155.8604,19.3105],[-155.861,19.3069],[-155.8735,19.3081],[-155.8806,19.3076],[-155.8877,19.3087],[-155.8878,19.3081],[-155.8884,19.3081],[-155.8878,19.3071],[-155.8881,19.3052],[-155.8877,19.3048],[-155.888,19.3043],[-155.8886,19.3045],[-155.8887,19.3032],[-155.8893,19.3029],[-155.8898,19.2997],[-155.8705,19.2973],[-155.8601,19.2981],[-155.86,19.2899],[-155.8016,19.2965],[-155.7954,19.3076]]]}},{"type":"Feature","properties":{"ahupuaa":"Waikākuʻu","moku":"Kona"},"geometry":{"type":"Polygon","coordinates":[[[-155.8606,19.309],[-155.8735,19.3114],[-155.8823,19.3118],[-155.8874,19.3112],[-155.8871,19.3098],[-155.8878,19.3088],[-155.8806,19.3076],[-155.8735,19.3081],[-155.861,19.3069],[-155.8606,19.309]]]}},{"type":"Feature","properties":{"ahupuaa":"Kaʻohe 5","moku":"Kona"},"geometry":{"type":"Polygon","coordinates":[[[-155.8604,19.3105],[-155.8724,19.3137],[-155.878,19.3136],[-155.8883,19.3124],[-155.8874,19.3112],[-155.8823,19.3118],[-155.8735,19.3114],[-155.8606,19.309],[-155.8604,19.3105]]]}},{"type":"Feature","properties":{"ahupuaa":"Waikahekahe","moku":"Puna"},"geometry":{"type":"Polygon","coordinates":[[[-154.9291,19.5921],[-154.9294,19.5927],[-154.9482,19.5745],[-154.9608,19.5739],[-154.9635,19.5718],[-154.9657,19.5683],[-154.9712,19.5614],[-154.9982,19.5349],[-155.0055,19.5261],[-155.0103,19.5215],[-155.0113,19.5181],[-155.0177,19.5103],[-154.9987,19.5168],[-154.9735,19.5421],[-154.9291,19.5921]]]}},{"type":"Feature","properties":{"ahupuaa":"ʻŌlaʻa","moku":"Puna"},"geometry":{"type":"Polygon","coordinates":[[[-155.2396,19.4246],[-155.2376,19.4265],[-155.236,19.4246],[-155.2341,19.426],[-155.2357,19.4279],[-155.2353,19.4281],[-155.233,19.4254],[-155.2322,19.426],[-155.2341,19.4284],[-155.2335,19.4284],[-155.2298,19.4309],[-155.2284,19.4291],[-155.2265,19.4305],[-155.2278,19.4324],[-155.2192,19.4382],[-155.1904,19.453],[-155.186,19.4522],[-155.1744,19.4548],[-155.1736,19.4532],[-155.1723,19.4539],[-155.1729,19.4554],[-155.1704,19.4555],[-155.1665,19.4575],[-155.1637,19.4606],[-155.1594,19.4631],[-155.1522,19.4686],[-155.1481,19.4732],[-155.1468,19.4756],[-155.1448,19.4778],[-155.1411,19.4793],[-155.1375,19.4821],[-155.1351,19.4847],[-155.1327,19.4888],[-155.1323,19.4906],[-155.128,19.4965],[-155.1264,19.4995],[-155.1215,19.5044],[-155.119,19.5059],[-155.1095,19.5165],[-155.1033,19.529],[-155.0996,19.5337],[-155.0984,19.536],[-155.0973,19.5367],[-155.0946,19.5417],[-155.0862,19.5513],[-155.0842,19.5548],[-155.0838,19.5565],[-155.082,19.5589],[-155.074,19.5652],[-155.0698,19.5667],[-155.0665,19.5693],[-155.0656,19.5716],[-155.0585,19.5779],[-155.0556,19.5801],[-155.0529,19.5811],[-155.0498,19.5897],[-155.0457,19.5979],[-155.0579,19.5989],[-155.1314,19.5873],[-155.128,19.59],[-155.136,19.5984],[-155.299,19.5205],[-155.2396,19.4246]]]}},{"type":"Feature","properties":{"ahupuaa":"Waikahekahenui","moku":"Puna"},"geometry":{"type":"Polygon","coordinates":[[[-154.9294,19.5927],[-154.9301,19.5931],[-154.9302,19.5939],[-154.9306,19.5936],[-154.9313,19.5942],[-154.9311,19.5953],[-154.9316,19.595],[-154.9318,19.5956],[-154.9355,19.5965],[-154.9413,19.5999],[-154.9662,19.5804],[-155.0047,19.5379],[-155.023,19.5335],[-155.0231,19.5305],[-155.027,19.5229],[-155.0281,19.5175],[-155.0274,19.498],[-155.0113,19.5181],[-155.0103,19.5215],[-155.0055,19.5261],[-154.9982,19.5349],[-154.9712,19.5614],[-154.9657,19.5683],[-154.9635,19.5718],[-154.9608,19.5739],[-154.9482,19.5745],[-154.9294,19.5927]]]}},{"type":"Feature","properties":{"ahupuaa":"Keaʻau","moku":"Puna"},"geometry":{"type":"Polygon","coordinates":[[[-154.9413,19.5999],[-154.9434,19.6008],[-154.945,19.6023],[-154.9468,19.606],[-154.9475,19.6066],[-154.9483,19.612],[-154.9469,19.6143],[-154.9456,19.6181],[-154.945,19.6185],[-154.9453,19.6214],[-154.947,19.6232],[-154.9486,19.6233],[-154.9493,19.6241],[-154.9514,19.6239],[-154.9527,19.6245],[-154.9544,19.6244],[-154.9572,19.6229],[-154.9596,19.6233],[-154.9606,19.6239],[-154.9626,19.6267],[-154.9648,19.6281],[-154.9663,19.6284],[-154.9672,19.6292],[-154.9684,19.6288],[-154.9686,19.6295],[-154.9695,19.6294],[-154.9712,19.6305],[-154.9715,19.6301],[-154.9719,19.6311],[-154.973,19.6313],[-154.9732,19.6321],[-154.975,19.6324],[-154.9764,19.6335],[-154.9768,19.6345],[-154.9794,19.6362],[-154.9792,19.6365],[-154.9811,19.6386],[-154.9811,19.6418],[-154.982,19.6432],[-154.9827,19.6435],[-154.9828,19.6442],[-154.9812,19.6447],[-154.9816,19.6451],[-154.9818,19.6484],[-154.9799,19.6497],[-154.979,19.6518],[-154.979,19.653],[-154.9798,19.6536],[-154.9811,19.6562],[-154.9824,19.657],[-154.9829,19.6582],[-154.982,19.6643],[-154.9825,19.667],[-154.9818,19.6689],[-154.9832,19.6722],[-154.9805,19.6762],[-154.9798,19.6783],[-154.9802,19.6785],[-154.9796,19.6795],[-154.9799,19.6809],[-154.9791,19.6823],[-154.9783,19.6876],[-154.9788,19.6881],[-154.9788,19.6894],[-154.9794,19.6897],[-154.9791,19.69],[-154.9797,19.6901],[-154.9802,19.6911],[-154.9804,19.6923],[-154.9808,19.6926],[-154.9809,19.6922],[-154.9817,19.6921],[-154.9821,19.6927],[-154.9814,19.6932],[-154.9822,19.6944],[-154.9816,19.6948],[-154.9817,19.6955],[-154.9824,19.6959],[-154.9821,19.6972],[-154.9828,19.6991],[-154.9823,19.6991],[-154.9825,19.6996],[-154.9821,19.6998],[-154.983,19.6995],[-154.9826,19.6999],[-154.9831,19.701],[-154.9838,19.7011],[-154.9836,19.7016],[-154.9842,19.7024],[-154.9838,19.7028],[-154.9842,19.7028],[-154.9839,19.7038],[-154.9844,19.7038],[-154.9841,19.7041],[-154.9845,19.7055],[-154.9855,19.707],[-154.9861,19.7068],[-154.986,19.7078],[-154.9868,19.7076],[-154.9878,19.7091],[-154.9877,19.71],[-154.9883,19.7101],[-154.9885,19.7106],[-154.9881,19.7109],[-154.9886,19.711],[-154.9886,19.712],[-154.989,19.7119],[-154.9897,19.7132],[-154.9902,19.7156],[-154.9907,19.7156],[-154.9901,19.7159],[-154.9907,19.7159],[-154.9906,19.7165],[-155.0495,19.6463],[-155.1316,19.5874],[-155.0579,19.5989],[-155.0457,19.5979],[-155.0498,19.5897],[-155.0529,19.5811],[-155.0556,19.5801],[-155.0585,19.5779],[-155.0656,19.5716],[-155.0665,19.5693],[-155.0698,19.5667],[-155.074,19.5652],[-155.082,19.5589],[-155.0838,19.5565],[-155.0842,19.5548],[-155.0862,19.5513],[-155.0946,19.5417],[-155.0973,19.5367],[-155.0984,19.536],[-155.0996,19.5337],[-155.1033,19.529],[-155.1095,19.5165],[-155.119,19.5059],[-155.1215,19.5044],[-155.1264,19.4995],[-155.128,19.4965],[-155.1323,19.4906],[-155.1327,19.4888],[-155.1351,19.4847],[-155.1375,19.4821],[-155.1411,19.4793],[-155.1448,19.4778],[-155.1468,19.4756],[-155.1481,19.4732],[-155.1522,19.4686],[-155.1594,19.4631],[-155.1637,19.4606],[-155.1665,19.4575],[-155.1704,19.4555],[-155.1729,19.4554],[-155.1723,19.4539],[-155.1736,19.4532],[-155.1744,19.4548],[-155.186,19.4522],[-155.1904,19.453],[-155.2192,19.4382],[-155.2278,19.4324],[-155.2265,19.4305],[-155.2284,19.4291],[-155.2298,19.4309],[-155.2335,19.4284],[-155.2341,19.4284],[-155.2322,19.426],[-155.233,19.4254],[-155.2353,19.4281],[-155.2357,19.4279],[-155.2341,19.426],[-155.236,19.4246],[-155.2376,19.4265],[-155.2396,19.4246],[-155.2388,19.4147],[-155.238,19.4133],[-155.2361,19.4148],[-155.1841,19.4301],[-155.1198,19.446],[-155.0579,19.4961],[-155.0278,19.5067],[-155.0281,19.5175],[-155.027,19.5229],[-155.0231,19.5305],[-155.023,19.5335],[-155.0047,19.5379],[-154.9662,19.5804],[-154.9413,19.5999]]]}},{"type":"Feature","properties":{"ahupuaa":"Kawela","moku":"Kaʻū"},"geometry":{"type":"Polygon","coordinates":[[[-155.648,19.0484],[-155.6552,19.0579],[-155.6562,19.058],[-155.6583,19.0622],[-155.6588,19.0585],[-155.6579,19.0515],[-155.6581,19.0444],[-155.6554,19.0359],[-155.6533,19.0332],[-155.6488,19.0241],[-155.6443,19.0183],[-155.6267,18.9928],[-155.6257,18.9926],[-155.6179,18.9848],[-155.6206,18.9737],[-155.6188,18.9705],[-155.6225,18.9647],[-155.6236,18.9606],[-155.6224,18.957],[-155.6222,18.957],[-155.623,18.9611],[-155.6227,18.9622],[-155.6221,18.9622],[-155.6206,18.964],[-155.6211,18.9658],[-155.6208,18.9665],[-155.6201,18.9665],[-155.62,18.9683],[-155.6175,18.9701],[-155.6164,18.9685],[-155.6157,18.9683],[-155.6144,18.9688],[-155.6167,18.9835],[-155.6161,19.0038],[-155.615,19.0095],[-155.618,19.0127],[-155.6243,19.0155],[-155.6402,19.0338],[-155.6447,19.0406],[-155.6469,19.0428],[-155.648,19.0484]]]}},{"type":"Feature","properties":{"ahupuaa":"Waiomao","moku":"Kaʻū"},"geometry":{"type":"Polygon","coordinates":[[[-155.6488,19.0622],[-155.6516,19.0756],[-155.6528,19.0792],[-155.6565,19.0781],[-155.6582,19.0668],[-155.6583,19.0622],[-155.6562,19.058],[-155.6552,19.0579],[-155.6511,19.0523],[-155.6429,19.0436],[-155.6293,19.0272],[-155.6236,19.0181],[-155.6243,19.0155],[-155.618,19.0127],[-155.615,19.0095],[-155.6122,19.0133],[-155.618,19.0197],[-155.6208,19.0242],[-155.6223,19.0251],[-155.6291,19.0348],[-155.64,19.0451],[-155.6423,19.0495],[-155.6454,19.0535],[-155.6482,19.0551],[-155.6499,19.0579],[-155.6488,19.0622]]]}},{"type":"Feature","properties":{"ahupuaa":"Pākiniiki","moku":"Kaʻū"},"geometry":{"type":"Polygon","coordinates":[[[-155.6729,19.0572],[-155.6728,19.0675],[-155.6756,19.0673],[-155.6756,19.063],[-155.6751,19.061],[-155.6757,19.0519],[-155.6749,19.0327],[-155.6728,19.0275],[-155.6723,19.0212],[-155.6725,19.0166],[-155.6743,19.0119],[-155.6771,18.996],[-155.6798,18.9888],[-155.6813,18.9818],[-155.6833,18.978],[-155.6865,18.9672],[-155.692,18.9568],[-155.6945,18.9437],[-155.6926,18.9427],[-155.6917,18.9415],[-155.6875,18.9391],[-155.6842,18.9333],[-155.6827,18.9282],[-155.6828,18.9333],[-155.6851,18.9517],[-155.6787,18.9658],[-155.6771,18.9711],[-155.675,18.975],[-155.6704,18.9999],[-155.6671,19.0038],[-155.6678,19.0099],[-155.6689,19.0131],[-155.6679,19.0208],[-155.6685,19.027],[-155.6669,19.0276],[-155.6699,19.0341],[-155.6713,19.0461],[-155.6736,19.0542],[-155.6729,19.0572]]]}},{"type":"Feature","properties":{"ahupuaa":"Pākininui, Puʻulena","moku":"Kaʻū"},"geometry":{"type":"Polygon","coordinates":[[[-155.6756,19.0673],[-155.6769,19.0688],[-155.6806,19.0465],[-155.6798,19.0452],[-155.6796,19.0379],[-155.6803,19.0356],[-155.6798,19.0282],[-155.6801,19.0259],[-155.6836,19.0233],[-155.7086,19.0157],[-155.7245,19.0],[-155.7252,19.0],[-155.7509,18.9741],[-155.7503,18.9736],[-155.7477,18.9733],[-155.745,18.9719],[-155.7445,18.9721],[-155.7445,18.9716],[-155.7412,18.97],[-155.7389,18.9708],[-155.7363,18.9696],[-155.7345,18.9705],[-155.7298,18.9691],[-155.7292,18.9686],[-155.7295,18.9677],[-155.7288,18.9676],[-155.7286,18.9669],[-155.727,18.9671],[-155.7272,18.9667],[-155.7271,18.9665],[-155.7267,18.9671],[-155.7268,18.9666],[-155.7252,18.9664],[-155.7252,18.966],[-155.7249,18.9666],[-155.7231,18.9664],[-155.7214,18.9649],[-155.7219,18.9639],[-155.721,18.9641],[-155.7196,18.963],[-155.7191,18.961],[-155.7175,18.9611],[-155.7136,18.9596],[-155.7135,18.959],[-155.7127,18.959],[-155.7121,18.9579],[-155.7107,18.9573],[-155.7068,18.9539],[-155.7062,18.953],[-155.7057,18.9503],[-155.703,18.9478],[-155.7006,18.9468],[-155.6992,18.9472],[-155.6972,18.9468],[-155.6968,18.946],[-155.6955,18.9456],[-155.6952,18.9439],[-155.6945,18.9437],[-155.692,18.9568],[-155.6865,18.9672],[-155.6833,18.978],[-155.6813,18.9818],[-155.6798,18.9888],[-155.6771,18.996],[-155.6743,19.0119],[-155.6725,19.0166],[-155.6723,19.0212],[-155.6728,19.0275],[-155.6749,19.0327],[-155.6757,19.0519],[-155.6751,19.061],[-155.6756,19.063],[-155.6756,19.0673]]]}},{"type":"Feature","properties":{"ahupuaa":"Kahilipaliiki, Kah","moku":"Kaʻū"},"geometry":{"type":"Polygon","coordinates":[[[-155.5833,19.0069],[-155.5849,19.021],[-155.5899,19.0403],[-155.5941,19.0505],[-155.5939,19.0539],[-155.5953,19.0612],[-155.597,19.0648],[-155.5994,19.066],[-155.6045,19.0734],[-155.606,19.072],[-155.6059,19.0715],[-155.6039,19.0683],[-155.6024,19.0687],[-155.6021,19.0676],[-155.603,19.0606],[-155.603,19.0561],[-155.6018,19.0489],[-155.6002,19.0438],[-155.5985,19.0402],[-155.5954,19.0397],[-155.5946,19.0367],[-155.5923,18.9979],[-155.5915,18.9971],[-155.5905,18.9989],[-155.5878,19.0007],[-155.5868,19.0028],[-155.5842,19.0047],[-155.5844,19.0058],[-155.5833,19.0069]]]}},{"type":"Feature","properties":{"ahupuaa":"Kāwala","moku":"Kaʻū"},"geometry":{"type":"Polygon","coordinates":[[[-155.5578,19.0387],[-155.563,19.0405],[-155.5666,19.0483],[-155.5707,19.0526],[-155.5794,19.0599],[-155.5782,19.0606],[-155.5789,19.0623],[-155.5742,19.0638],[-155.5763,19.066],[-155.5769,19.0657],[-155.5832,19.077],[-155.5842,19.0773],[-155.5861,19.0769],[-155.5857,19.0756],[-155.5868,19.0753],[-155.5868,19.0772],[-155.5862,19.0775],[-155.5872,19.0808],[-155.5902,19.0794],[-155.5894,19.0776],[-155.5959,19.0769],[-155.5951,19.0757],[-155.596,19.0755],[-155.5952,19.0734],[-155.5944,19.0741],[-155.5938,19.0729],[-155.5988,19.0736],[-155.5957,19.07],[-155.5946,19.0694],[-155.594,19.0668],[-155.5934,19.0661],[-155.5918,19.065],[-155.5898,19.0648],[-155.5879,19.0628],[-155.586,19.0576],[-155.5806,19.0484],[-155.579,19.043],[-155.5752,19.0352],[-155.5748,19.0302],[-155.5735,19.0247],[-155.5676,19.0266],[-155.5637,19.0295],[-155.5613,19.0326],[-155.5578,19.0387]]]}},{"type":"Feature","properties":{"ahupuaa":"Honuʻapo","moku":"Kaʻū"},"geometry":{"type":"Polygon","coordinates":[[[-155.5395,19.0925],[-155.5439,19.0945],[-155.5534,19.1007],[-155.566,19.1034],[-155.5658,19.1023],[-155.5708,19.1035],[-155.5804,19.1087],[-155.591,19.113],[-155.5954,19.1093],[-155.5916,19.1038],[-155.5912,19.1024],[-155.5837,19.0956],[-155.5592,19.0828],[-155.5516,19.0822],[-155.5519,19.0835],[-155.5512,19.0843],[-155.5504,19.0839],[-155.549,19.0854],[-155.5499,19.0849],[-155.5501,19.0854],[-155.5486,19.0861],[-155.5472,19.0862],[-155.5467,19.0856],[-155.5471,19.0847],[-155.5462,19.0855],[-155.5442,19.0853],[-155.5429,19.0858],[-155.5421,19.0881],[-155.5423,19.0887],[-155.5417,19.0892],[-155.5418,19.0903],[-155.5395,19.0925]]]}},{"type":"Feature","properties":{"ahupuaa":"Kaunāmano, Napauku","moku":"Kaʻū"},"geometry":{"type":"Polygon","coordinates":[[[-155.5548,19.0762],[-155.5558,19.0786],[-155.5676,19.0826],[-155.5833,19.0907],[-155.5956,19.0994],[-155.602,19.1053],[-155.6122,19.1171],[-155.6136,19.1163],[-155.617,19.1075],[-155.6151,19.1061],[-155.6143,19.1045],[-155.6144,19.1017],[-155.6129,19.0998],[-155.6127,19.0979],[-155.6084,19.0947],[-155.6071,19.093],[-155.6032,19.0817],[-155.5988,19.0736],[-155.5938,19.0729],[-155.5944,19.0741],[-155.5952,19.0734],[-155.596,19.0755],[-155.5951,19.0757],[-155.5959,19.0769],[-155.5894,19.0776],[-155.5902,19.0794],[-155.5872,19.0808],[-155.5862,19.0775],[-155.5868,19.0772],[-155.5868,19.0753],[-155.5857,19.0756],[-155.5861,19.0769],[-155.5842,19.0773],[-155.5832,19.077],[-155.5769,19.0657],[-155.5763,19.066],[-155.5742,19.0638],[-155.5789,19.0623],[-155.5782,19.0606],[-155.5794,19.0599],[-155.5707,19.0526],[-155.5666,19.0483],[-155.563,19.0405],[-155.5578,19.0387],[-155.5539,19.0451],[-155.5538,19.0467],[-155.5532,19.0474],[-155.5537,19.0499],[-155.5527,19.0513],[-155.5517,19.0517],[-155.5523,19.0531],[-155.5522,19.0549],[-155.5536,19.0573],[-155.5525,19.0592],[-155.5537,19.0613],[-155.5527,19.0636],[-155.5532,19.0639],[-155.5527,19.065],[-155.5533,19.0663],[-155.5526,19.0669],[-155.5541,19.0688],[-155.5533,19.0694],[-155.5541,19.0711],[-155.5531,19.0717],[-155.5538,19.0743],[-155.5534,19.0758],[-155.5548,19.0762]]]}},{"type":"Feature","properties":{"ahupuaa":"Kahilipalinui","moku":"Kaʻū"},"geometry":{"type":"Polygon","coordinates":[[[-155.5988,19.0736],[-155.6032,19.0817],[-155.6071,19.093],[-155.6084,19.0947],[-155.6127,19.0979],[-155.6129,19.0998],[-155.6144,19.1017],[-155.6143,19.1045],[-155.6151,19.1061],[-155.617,19.1075],[-155.6231,19.1033],[-155.6208,19.1],[-155.6207,19.0963],[-155.6174,19.0927],[-155.6141,19.0876],[-155.6123,19.0862],[-155.6119,19.0824],[-155.6072,19.0764],[-155.6061,19.0742],[-155.6051,19.0732],[-155.6045,19.0734],[-155.5994,19.066],[-155.597,19.0648],[-155.5953,19.0612],[-155.5939,19.0539],[-155.5941,19.0505],[-155.5899,19.0403],[-155.5849,19.021],[-155.5842,19.0123],[-155.5837,19.0079],[-155.5834,19.0075],[-155.5815,19.0134],[-155.5816,19.0142],[-155.5797,19.0173],[-155.58,19.0185],[-155.5776,19.02],[-155.5767,19.0221],[-155.5742,19.0235],[-155.5735,19.0247],[-155.5748,19.0302],[-155.5752,19.0352],[-155.579,19.043],[-155.5806,19.0484],[-155.586,19.0576],[-155.5879,19.0628],[-155.5898,19.0648],[-155.5918,19.065],[-155.5934,19.0661],[-155.594,19.0668],[-155.5946,19.0694],[-155.5957,19.07],[-155.5988,19.0736]]]}},{"type":"Feature","properties":{"ahupuaa":"Kīʻolokū","moku":"Kaʻū"},"geometry":{"type":"Polygon","coordinates":[[[-155.5954,19.1093],[-155.6,19.1102],[-155.6039,19.1124],[-155.6082,19.1202],[-155.6122,19.1171],[-155.602,19.1053],[-155.5956,19.0994],[-155.5833,19.0907],[-155.5676,19.0826],[-155.5558,19.0786],[-155.5553,19.078],[-155.5552,19.0794],[-155.5538,19.0804],[-155.5531,19.0804],[-155.5529,19.0813],[-155.5516,19.0822],[-155.5592,19.0828],[-155.5837,19.0956],[-155.5912,19.1024],[-155.5916,19.1038],[-155.5954,19.1093]]]}},{"type":"Feature","properties":{"ahupuaa":"Mohokeanui","moku":"Kaʻū"},"geometry":{"type":"Polygon","coordinates":[[[-155.4921,19.1378],[-155.4877,19.1417],[-155.4887,19.1456],[-155.4888,19.1523],[-155.4937,19.1454],[-155.493,19.1425],[-155.4932,19.1383],[-155.4921,19.1378]]]}},{"type":"Feature","properties":{"ahupuaa":"Hīleaiki","moku":"Kaʻū"},"geometry":{"type":"Polygon","coordinates":[[[-155.5095,19.1244],[-155.5268,19.1394],[-155.5328,19.1453],[-155.5369,19.1477],[-155.5387,19.15],[-155.5648,19.1687],[-155.5675,19.1711],[-155.5675,19.1729],[-155.5685,19.1752],[-155.5679,19.1666],[-155.5644,19.1606],[-155.5647,19.1583],[-155.5625,19.1537],[-155.5583,19.152],[-155.5574,19.1511],[-155.5511,19.1479],[-155.5377,19.1381],[-155.5363,19.1342],[-155.5281,19.1265],[-155.5247,19.1213],[-155.5227,19.1172],[-155.5172,19.114],[-155.5171,19.1151],[-155.5166,19.1151],[-155.5168,19.1157],[-155.516,19.1156],[-155.5159,19.1165],[-155.5155,19.1164],[-155.5151,19.1171],[-155.5156,19.1174],[-155.5153,19.1184],[-155.5138,19.1191],[-155.513,19.1188],[-155.5129,19.1196],[-155.5122,19.1191],[-155.5121,19.1196],[-155.5115,19.1196],[-155.5121,19.1207],[-155.5104,19.1206],[-155.5097,19.1215],[-155.5103,19.1225],[-155.5101,19.1229],[-155.5105,19.1229],[-155.5107,19.1231],[-155.5096,19.1231],[-155.5103,19.1237],[-155.5094,19.1235],[-155.5097,19.1239],[-155.5094,19.1242],[-155.51,19.1243],[-155.5095,19.1244]]]}},{"type":"Feature","properties":{"ahupuaa":"Kiolakaʻa, Puʻumakaʻā","moku":"Kaʻū"},"geometry":{"type":"Polygon","coordinates":[[[-155.611,18.9683],[-155.6037,19.0007],[-155.6044,19.0036],[-155.606,19.0179],[-155.6056,19.0308],[-155.6069,19.0376],[-155.6091,19.0444],[-155.6095,19.0483],[-155.6141,19.0591],[-155.6147,19.0615],[-155.6169,19.0635],[-155.6204,19.0682],[-155.623,19.0753],[-155.6282,19.0831],[-155.6383,19.1075],[-155.6413,19.1102],[-155.682,19.1721],[-155.6743,19.125],[-155.6651,19.0822],[-155.6641,19.0742],[-155.6668,19.0708],[-155.6728,19.0675],[-155.6729,19.0572],[-155.6683,19.0579],[-155.6686,19.0512],[-155.6692,19.0512],[-155.6685,19.0472],[-155.6613,19.0468],[-155.6594,19.0345],[-155.6565,19.0355],[-155.6572,19.0371],[-155.656,19.0378],[-155.6581,19.0444],[-155.6579,19.0515],[-155.6588,19.0585],[-155.6582,19.0668],[-155.6565,19.0781],[-155.6528,19.0792],[-155.6516,19.0756],[-155.6488,19.0622],[-155.6499,19.059],[-155.6493,19.0566],[-155.6482,19.0551],[-155.6454,19.0535],[-155.6435,19.0512],[-155.64,19.0451],[-155.6291,19.0348],[-155.6223,19.0251],[-155.6208,19.0242],[-155.618,19.0197],[-155.6122,19.0133],[-155.615,19.0095],[-155.6161,19.0038],[-155.6167,18.9835],[-155.6144,18.9688],[-155.6133,18.9706],[-155.6134,18.9715],[-155.6142,18.9722],[-155.6122,18.9726],[-155.6127,18.9709],[-155.6119,18.9691],[-155.6121,18.9686],[-155.611,18.9683]]]}},{"type":"Feature","properties":{"ahupuaa":"Manukā","moku":"Kaʻū"},"geometry":{"type":"Polygon","coordinates":[[[-155.8368,19.0176],[-155.8149,19.0822],[-155.8063,19.0941],[-155.8073,19.0981],[-155.7849,19.1231],[-155.7711,19.167],[-155.7618,19.183],[-155.9058,19.0782],[-155.9045,19.0779],[-155.9021,19.0789],[-155.9009,19.0778],[-155.8998,19.0776],[-155.9002,19.0767],[-155.8999,19.0763],[-155.9003,19.0763],[-155.8999,19.0744],[-155.9004,19.0735],[-155.8997,19.073],[-155.8999,19.0724],[-155.8991,19.0724],[-155.8975,19.0708],[-155.896,19.0704],[-155.895,19.0694],[-155.8936,19.0665],[-155.8921,19.0656],[-155.8922,19.0645],[-155.8917,19.064],[-155.8921,19.0635],[-155.8911,19.0625],[-155.891,19.0613],[-155.8896,19.0601],[-155.8897,19.059],[-155.8868,19.0569],[-155.8869,19.0564],[-155.8857,19.0557],[-155.8858,19.0548],[-155.8849,19.0533],[-155.8835,19.0527],[-155.8823,19.0495],[-155.8822,19.0475],[-155.8816,19.0474],[-155.881,19.0462],[-155.8816,19.0458],[-155.8813,19.0425],[-155.8818,19.0411],[-155.8812,19.0398],[-155.8817,19.0389],[-155.881,19.0367],[-155.8813,19.0363],[-155.8799,19.0356],[-155.8798,19.0348],[-155.8789,19.0338],[-155.8742,19.0336],[-155.8705,19.0309],[-155.8691,19.0312],[-155.8682,19.0302],[-155.863,19.0279],[-155.8609,19.0245],[-155.858,19.0238],[-155.8568,19.0227],[-155.8555,19.0235],[-155.8549,19.0229],[-155.8521,19.022],[-155.8503,19.0193],[-155.8498,19.0198],[-155.8477,19.0193],[-155.847,19.0199],[-155.8445,19.0193],[-155.8433,19.0206],[-155.8424,19.0207],[-155.8412,19.0194],[-155.8385,19.0193],[-155.8384,19.0187],[-155.8368,19.0176]]]}},{"type":"Feature","properties":{"ahupuaa":"Hīleanui","moku":"Kaʻū"},"geometry":{"type":"Polygon","coordinates":[[[-155.5683,19.1754],[-155.5688,19.1773],[-155.573,19.1807],[-155.5742,19.181],[-155.5893,19.1914],[-155.6034,19.1958],[-155.6078,19.196],[-155.6062,19.1911],[-155.6103,19.1823],[-155.6096,19.1815],[-155.6088,19.1811],[-155.6066,19.1812],[-155.6052,19.1802],[-155.6028,19.1794],[-155.6022,19.1782],[-155.6001,19.1771],[-155.5996,19.1762],[-155.5971,19.1761],[-155.5952,19.1712],[-155.5937,19.1697],[-155.5893,19.1664],[-155.5891,19.1657],[-155.5847,19.1635],[-155.5791,19.1579],[-155.5764,19.1562],[-155.5673,19.1463],[-155.5549,19.1383],[-155.5467,19.1305],[-155.5438,19.1297],[-155.5353,19.1235],[-155.5305,19.115],[-155.5258,19.1115],[-155.5254,19.1118],[-155.5257,19.1127],[-155.5252,19.1139],[-155.5233,19.1128],[-155.5225,19.1134],[-155.5209,19.113],[-155.5195,19.1133],[-155.5187,19.114],[-155.5171,19.1138],[-155.5227,19.1172],[-155.5247,19.1213],[-155.5281,19.1265],[-155.5363,19.1342],[-155.5377,19.1381],[-155.5511,19.1479],[-155.5574,19.1511],[-155.5583,19.152],[-155.5625,19.1537],[-155.5647,19.1583],[-155.5644,19.1606],[-155.5679,19.1666],[-155.5683,19.1754]]]}},{"type":"Feature","properties":{"ahupuaa":"Waiʻōhinu","moku":"Kaʻū"},"geometry":{"type":"Polygon","coordinates":[[[-155.6136,19.1163],[-155.6209,19.1386],[-155.6414,19.2069],[-155.6555,19.196],[-155.6551,19.1939],[-155.6845,19.1761],[-155.6413,19.1102],[-155.6383,19.1075],[-155.6282,19.0831],[-155.623,19.0753],[-155.6204,19.0682],[-155.6169,19.0635],[-155.6147,19.0615],[-155.6141,19.0591],[-155.6095,19.0483],[-155.6091,19.0444],[-155.6069,19.0376],[-155.6056,19.0308],[-155.606,19.0179],[-155.6044,19.0036],[-155.6037,19.0007],[-155.611,18.9692],[-155.6112,18.9674],[-155.6101,18.9659],[-155.6091,18.966],[-155.606,18.9689],[-155.6034,18.968],[-155.6016,18.968],[-155.6007,18.9687],[-155.6001,18.9675],[-155.6,18.9681],[-155.5988,18.9687],[-155.5996,18.9695],[-155.5985,18.9701],[-155.599,18.9715],[-155.5986,18.972],[-155.599,18.9731],[-155.5986,18.9745],[-155.5978,18.9741],[-155.5978,18.9753],[-155.597,18.9757],[-155.5954,18.9751],[-155.5955,18.9756],[-155.5937,18.9773],[-155.5939,18.9781],[-155.5933,18.9804],[-155.5941,18.9811],[-155.5935,18.9813],[-155.5938,18.9829],[-155.5937,18.9837],[-155.5931,18.9841],[-155.5934,18.9855],[-155.5931,18.9859],[-155.5937,18.9864],[-155.5935,18.9877],[-155.5939,18.9881],[-155.5935,18.9885],[-155.5938,18.9899],[-155.5933,18.9903],[-155.5941,18.9925],[-155.5936,18.9929],[-155.5939,18.9946],[-155.5936,18.9952],[-155.5934,18.9948],[-155.5933,18.9949],[-155.5933,18.9957],[-155.5915,18.9972],[-155.5923,18.9979],[-155.5945,19.0361],[-155.5954,19.0397],[-155.5985,19.0402],[-155.6002,19.0438],[-155.6018,19.0489],[-155.603,19.0561],[-155.603,19.0606],[-155.6022,19.0647],[-155.6024,19.0687],[-155.6039,19.0683],[-155.6059,19.0715],[-155.606,19.072],[-155.6049,19.0731],[-155.6119,19.0824],[-155.6123,19.0862],[-155.6141,19.0876],[-155.6174,19.0927],[-155.6207,19.0963],[-155.6208,19.1],[-155.6231,19.1033],[-155.617,19.1075],[-155.6136,19.1163]]]}},{"type":"Feature","properties":{"ahupuaa":"Punaluʻu","moku":"Kaʻū"},"geometry":{"type":"Polygon","coordinates":[[[-155.5016,19.1644],[-155.504,19.1677],[-155.5074,19.1684],[-155.5089,19.1697],[-155.5108,19.17],[-155.5119,19.1729],[-155.513,19.1739],[-155.5164,19.18],[-155.5186,19.1815],[-155.5199,19.1818],[-155.5226,19.185],[-155.5254,19.1864],[-155.5263,19.1864],[-155.5272,19.1877],[-155.5313,19.1901],[-155.5321,19.1912],[-155.5357,19.192],[-155.538,19.1932],[-155.5406,19.1963],[-155.5425,19.1975],[-155.5452,19.198],[-155.5454,19.1987],[-155.549,19.2024],[-155.5545,19.2023],[-155.557,19.2039],[-155.5597,19.2042],[-155.561,19.2053],[-155.5633,19.2055],[-155.5645,19.2067],[-155.5655,19.2068],[-155.5662,19.2078],[-155.5669,19.2108],[-155.5688,19.2116],[-155.5703,19.2129],[-155.5705,19.2137],[-155.5733,19.215],[-155.5735,19.217],[-155.577,19.2187],[-155.5783,19.2213],[-155.5802,19.2214],[-155.5849,19.2237],[-155.5864,19.2199],[-155.5724,19.202],[-155.5499,19.1848],[-155.5468,19.1801],[-155.5449,19.1797],[-155.5435,19.1783],[-155.5411,19.1776],[-155.5382,19.1718],[-155.5261,19.1637],[-155.5264,19.1621],[-155.5242,19.1608],[-155.5215,19.1566],[-155.5152,19.1449],[-155.5141,19.1414],[-155.5126,19.14],[-155.5084,19.138],[-155.5072,19.1364],[-155.5071,19.1336],[-155.505,19.1319],[-155.5053,19.133],[-155.5047,19.1336],[-155.5051,19.1351],[-155.5042,19.1362],[-155.5035,19.1364],[-155.5024,19.1348],[-155.5018,19.135],[-155.5014,19.1346],[-155.5012,19.1352],[-155.5012,19.1348],[-155.5007,19.1351],[-155.5006,19.1345],[-155.5001,19.1345],[-155.4996,19.1351],[-155.4999,19.1361],[-155.4994,19.1361],[-155.4994,19.1366],[-155.4984,19.136],[-155.498,19.1365],[-155.4978,19.1355],[-155.4973,19.1353],[-155.4966,19.1358],[-155.4968,19.1366],[-155.4958,19.1369],[-155.4962,19.138],[-155.4954,19.1375],[-155.4953,19.1384],[-155.4949,19.1384],[-155.4952,19.1388],[-155.4932,19.1383],[-155.493,19.1425],[-155.4937,19.1454],[-155.4888,19.1523],[-155.4891,19.1548],[-155.4912,19.1564],[-155.4931,19.1587],[-155.4947,19.1593],[-155.4957,19.1615],[-155.4976,19.1618],[-155.4982,19.1626],[-155.4982,19.1638],[-155.4992,19.1647],[-155.5016,19.1644]]]}},{"type":"Feature","properties":{"ahupuaa":"Kaiwiki","moku":"Hāmākua"},"geometry":{"type":"Polygon","coordinates":[[[-155.2848,20.0195],[-155.2864,20.0205],[-155.2902,20.0207],[-155.2919,20.0216],[-155.2933,20.0215],[-155.2937,20.0209],[-155.2939,20.0177],[-155.2946,20.0168],[-155.2953,20.0141],[-155.2963,20.0133],[-155.297,20.0112],[-155.3066,19.9939],[-155.3387,19.9372],[-155.3421,19.9244],[-155.3395,19.9201],[-155.3003,19.9958],[-155.29,20.0026],[-155.287,20.0038],[-155.2871,20.0052],[-155.2864,20.0059],[-155.287,20.0071],[-155.2861,20.008],[-155.2859,20.0092],[-155.2867,20.0104],[-155.2865,20.0123],[-155.2871,20.0129],[-155.2861,20.0137],[-155.2862,20.0145],[-155.2854,20.0156],[-155.2848,20.0195]]]}},{"type":"Feature","properties":{"ahupuaa":"Hionamoa","moku":"Kaʻū"},"geometry":{"type":"Polygon","coordinates":[[[-155.45,19.1489],[-155.4512,19.1535],[-155.4564,19.1637],[-155.4717,19.1865],[-155.476,19.1922],[-155.4796,19.1957],[-155.485,19.2022],[-155.4884,19.2051],[-155.4891,19.2086],[-155.4912,19.2092],[-155.4979,19.2173],[-155.5003,19.2191],[-155.5085,19.2234],[-155.5112,19.2202],[-155.51,19.2197],[-155.5082,19.2163],[-155.5011,19.212],[-155.4987,19.2072],[-155.4959,19.2044],[-155.4909,19.2021],[-155.4889,19.2002],[-155.4872,19.2001],[-155.486,19.199],[-155.4852,19.1972],[-155.4835,19.1959],[-155.4753,19.1778],[-155.4656,19.1622],[-155.4619,19.1551],[-155.4565,19.1463],[-155.45,19.1489]]]}},{"type":"Feature","properties":{"ahupuaa":"Kaʻalāiki, Hiʻonaʻā","moku":"Kaʻū"},"geometry":{"type":"Polygon","coordinates":[[[-155.6062,19.1911],[-155.6188,19.2285],[-155.6303,19.2178],[-155.6355,19.2154],[-155.6375,19.2104],[-155.6414,19.2069],[-155.6209,19.1386],[-155.6136,19.1163],[-155.6082,19.1202],[-155.6039,19.1124],[-155.6,19.1102],[-155.5954,19.1093],[-155.591,19.113],[-155.5804,19.1087],[-155.5708,19.1035],[-155.5658,19.1023],[-155.566,19.1034],[-155.5534,19.1007],[-155.5439,19.0945],[-155.5395,19.0925],[-155.5398,19.0929],[-155.5392,19.0929],[-155.5389,19.0937],[-155.5375,19.0944],[-155.5376,19.0951],[-155.5368,19.0956],[-155.5359,19.0984],[-155.5346,19.0989],[-155.5343,19.0996],[-155.5348,19.101],[-155.5341,19.1013],[-155.5345,19.1017],[-155.5338,19.1018],[-155.5335,19.1029],[-155.5325,19.1027],[-155.5315,19.1051],[-155.5297,19.1052],[-155.5294,19.1063],[-155.5276,19.1083],[-155.5263,19.1107],[-155.5271,19.111],[-155.5267,19.1114],[-155.5258,19.1109],[-155.5258,19.1115],[-155.5305,19.115],[-155.5353,19.1235],[-155.5438,19.1297],[-155.5467,19.1305],[-155.5549,19.1383],[-155.5673,19.1463],[-155.5764,19.1562],[-155.5791,19.1579],[-155.5847,19.1635],[-155.5891,19.1657],[-155.5893,19.1664],[-155.5937,19.1697],[-155.5952,19.1712],[-155.5971,19.1761],[-155.5994,19.1761],[-155.6001,19.1771],[-155.6022,19.1782],[-155.6028,19.1794],[-155.6052,19.1802],[-155.6066,19.1812],[-155.6088,19.1811],[-155.6101,19.182],[-155.6103,19.1823],[-155.6062,19.1911]]]}},{"type":"Feature","properties":{"ahupuaa":"Pāʻauʻau 1, Palima","moku":"Kaʻū"},"geometry":{"type":"Polygon","coordinates":[[[-155.4433,19.1574],[-155.446,19.1588],[-155.4498,19.1633],[-155.4606,19.1792],[-155.4773,19.202],[-155.4819,19.208],[-155.4875,19.2132],[-155.4895,19.2167],[-155.4943,19.2205],[-155.4981,19.2225],[-155.5019,19.2261],[-155.5043,19.2271],[-155.5059,19.2266],[-155.5085,19.2234],[-155.5003,19.2191],[-155.4979,19.2173],[-155.4912,19.2092],[-155.4891,19.2086],[-155.4884,19.2051],[-155.485,19.2022],[-155.4796,19.1957],[-155.476,19.1922],[-155.4722,19.1872],[-155.4564,19.1637],[-155.4512,19.1535],[-155.4502,19.1498],[-155.4491,19.1502],[-155.4482,19.1518],[-155.4468,19.1522],[-155.4463,19.1519],[-155.4458,19.1532],[-155.4452,19.1534],[-155.4454,19.1538],[-155.4441,19.1568],[-155.4433,19.1574]]]}},{"type":"Feature","properties":{"ahupuaa":"Mohokea","moku":"Kaʻū"},"geometry":{"type":"Polygon","coordinates":[[[-155.503,19.1664],[-155.5026,19.167],[-155.5046,19.1698],[-155.51,19.1803],[-155.5154,19.1854],[-155.533,19.1995],[-155.5358,19.2023],[-155.5414,19.2042],[-155.5469,19.2091],[-155.5638,19.2211],[-155.5661,19.2232],[-155.5724,19.2252],[-155.5721,19.227],[-155.5728,19.2286],[-155.5742,19.2293],[-155.5779,19.233],[-155.5828,19.2358],[-155.5849,19.2237],[-155.5802,19.2214],[-155.5783,19.2213],[-155.577,19.2187],[-155.5735,19.217],[-155.5733,19.215],[-155.5705,19.2137],[-155.5703,19.2129],[-155.5688,19.2116],[-155.5669,19.2108],[-155.5662,19.2078],[-155.5655,19.2068],[-155.5645,19.2067],[-155.5633,19.2055],[-155.561,19.2053],[-155.5597,19.2042],[-155.557,19.2039],[-155.5545,19.2023],[-155.549,19.2024],[-155.5454,19.1987],[-155.5452,19.198],[-155.5425,19.1975],[-155.5406,19.1963],[-155.538,19.1932],[-155.5357,19.192],[-155.5321,19.1912],[-155.5313,19.1901],[-155.5272,19.1877],[-155.5263,19.1864],[-155.5254,19.1864],[-155.5226,19.185],[-155.5199,19.1818],[-155.5186,19.1815],[-155.5164,19.18],[-155.513,19.1739],[-155.5119,19.1729],[-155.5108,19.17],[-155.5089,19.1697],[-155.5074,19.1684],[-155.504,19.1677],[-155.503,19.1664]]]}},{"type":"Feature","properties":{"ahupuaa":"Halelua, Wailoa, Kumu","moku":"Kaʻū"},"geometry":{"type":"Polygon","coordinates":[[[-155.4074,19.1871],[-155.4306,19.2038],[-155.4508,19.2121],[-155.4605,19.2168],[-155.4609,19.2178],[-155.4607,19.2193],[-155.4629,19.221],[-155.4644,19.2211],[-155.4651,19.2223],[-155.4675,19.2236],[-155.4678,19.2245],[-155.4691,19.2255],[-155.4701,19.2278],[-155.4711,19.2285],[-155.4716,19.2299],[-155.4749,19.232],[-155.4769,19.2341],[-155.4801,19.2354],[-155.4833,19.2374],[-155.5003,19.2486],[-155.5014,19.2498],[-155.5047,19.2432],[-155.5059,19.2396],[-155.5105,19.2348],[-155.5105,19.2344],[-155.5062,19.2323],[-155.5053,19.2315],[-155.5048,19.23],[-155.503,19.2284],[-155.5009,19.2272],[-155.5,19.2272],[-155.4992,19.2262],[-155.4932,19.2246],[-155.4917,19.2228],[-155.4916,19.2219],[-155.4898,19.2201],[-155.4865,19.2197],[-155.4849,19.2168],[-155.4843,19.2144],[-155.4821,19.2122],[-155.4819,19.2106],[-155.4804,19.209],[-155.4779,19.2078],[-155.4765,19.2078],[-155.4723,19.2042],[-155.4719,19.2012],[-155.4688,19.1982],[-155.467,19.1931],[-155.4651,19.1906],[-155.446,19.1759],[-155.4377,19.1657],[-155.435,19.1635],[-155.4329,19.1648],[-155.4322,19.1664],[-155.4303,19.1669],[-155.4296,19.1676],[-155.4272,19.1707],[-155.4259,19.1743],[-155.4242,19.1765],[-155.4178,19.1804],[-155.4176,19.181],[-155.4166,19.1815],[-155.4147,19.1848],[-155.4121,19.1845],[-155.4074,19.1871]]]}},{"type":"Feature","properties":{"ahupuaa":"Keaīwa","moku":"Kaʻū"},"geometry":{"type":"Polygon","coordinates":[[[-155.3973,19.1903],[-155.4269,19.2086],[-155.4567,19.2195],[-155.4734,19.2357],[-155.4815,19.2415],[-155.4908,19.2462],[-155.4912,19.2487],[-155.4919,19.2492],[-155.4951,19.25],[-155.4992,19.252],[-155.5012,19.2506],[-155.5015,19.2498],[-155.5003,19.2486],[-155.4801,19.2354],[-155.4769,19.2341],[-155.4749,19.232],[-155.4716,19.2299],[-155.4711,19.2285],[-155.4701,19.2278],[-155.4691,19.2255],[-155.4678,19.2245],[-155.4675,19.2236],[-155.4651,19.2223],[-155.4644,19.2211],[-155.4629,19.221],[-155.4607,19.2193],[-155.4609,19.2178],[-155.4605,19.2168],[-155.4508,19.2121],[-155.4306,19.2038],[-155.4074,19.1871],[-155.4058,19.1875],[-155.4016,19.1872],[-155.3988,19.1885],[-155.3987,19.1892],[-155.3973,19.1899],[-155.3973,19.1903]]]}},{"type":"Feature","properties":{"ahupuaa":"Pāʻauʻau 2","moku":"Kaʻū"},"geometry":{"type":"Polygon","coordinates":[[[-155.5067,19.2327],[-155.5118,19.2351],[-155.5113,19.2386],[-155.5121,19.2406],[-155.5151,19.2453],[-155.5174,19.2474],[-155.5217,19.2534],[-155.5234,19.255],[-155.5255,19.2556],[-155.5307,19.2596],[-155.5332,19.2606],[-155.534,19.2626],[-155.5357,19.2643],[-155.5361,19.2666],[-155.5391,19.2717],[-155.5392,19.2738],[-155.5408,19.2758],[-155.5407,19.2781],[-155.5429,19.2826],[-155.5461,19.2851],[-155.5472,19.285],[-155.5477,19.2856],[-155.5497,19.2849],[-155.5511,19.2864],[-155.555,19.2841],[-155.5562,19.2825],[-155.5521,19.2801],[-155.55,19.2768],[-155.549,19.2736],[-155.5464,19.2708],[-155.546,19.2678],[-155.5468,19.2648],[-155.5461,19.2628],[-155.545,19.2615],[-155.5449,19.2605],[-155.54,19.254],[-155.5356,19.2515],[-155.5329,19.2483],[-155.5302,19.2466],[-155.5295,19.2445],[-155.5276,19.242],[-155.5278,19.2409],[-155.5252,19.2388],[-155.5246,19.2374],[-155.5232,19.2364],[-155.5111,19.2315],[-155.5059,19.2266],[-155.5043,19.2271],[-155.5019,19.2261],[-155.4981,19.2225],[-155.4943,19.2205],[-155.4895,19.2167],[-155.4875,19.2132],[-155.4819,19.208],[-155.4773,19.202],[-155.4606,19.1792],[-155.4512,19.1652],[-155.446,19.1588],[-155.4432,19.1574],[-155.4429,19.1581],[-155.4355,19.1629],[-155.435,19.1635],[-155.4377,19.1657],[-155.446,19.1759],[-155.4651,19.1906],[-155.467,19.1931],[-155.4688,19.1982],[-155.4719,19.2012],[-155.4723,19.2042],[-155.4765,19.2078],[-155.4779,19.2078],[-155.4804,19.209],[-155.4819,19.2106],[-155.4821,19.2122],[-155.4843,19.2144],[-155.4849,19.2168],[-155.4865,19.2197],[-155.4898,19.2201],[-155.4916,19.2219],[-155.4917,19.2228],[-155.4932,19.2246],[-155.4992,19.2262],[-155.5,19.2272],[-155.5013,19.2274],[-155.5043,19.2295],[-155.5053,19.2315],[-155.5067,19.2327]]]}},{"type":"Feature","properties":{"ahupuaa":"Kaʻalaʻala, Kanaio","moku":"Kaʻū"},"geometry":{"type":"Polygon","coordinates":[[[-155.4765,19.2851],[-155.4768,19.2829],[-155.4748,19.2777],[-155.4784,19.2783],[-155.487,19.2855],[-155.4911,19.2844],[-155.4945,19.2803],[-155.4977,19.2706],[-155.498,19.2658],[-155.4974,19.2621],[-155.4989,19.257],[-155.4982,19.2551],[-155.4992,19.252],[-155.4951,19.25],[-155.4922,19.2494],[-155.4912,19.2487],[-155.4908,19.2462],[-155.4815,19.2415],[-155.4734,19.2357],[-155.4567,19.2195],[-155.4269,19.2086],[-155.3973,19.1903],[-155.3952,19.1925],[-155.3952,19.1933],[-155.3941,19.1947],[-155.3919,19.1955],[-155.3909,19.1966],[-155.388,19.1981],[-155.3844,19.199],[-155.3831,19.1986],[-155.3811,19.1989],[-155.3804,19.1985],[-155.3805,19.1989],[-155.38,19.199],[-155.3791,19.199],[-155.379,19.1986],[-155.378,19.1993],[-155.3754,19.1994],[-155.3731,19.2007],[-155.371,19.2006],[-155.3707,19.2011],[-155.3681,19.2017],[-155.367,19.2026],[-155.3658,19.2027],[-155.3576,19.206],[-155.3573,19.207],[-155.3548,19.2083],[-155.3542,19.2093],[-155.3534,19.2096],[-155.353,19.2106],[-155.3505,19.2122],[-155.3486,19.2124],[-155.3486,19.2131],[-155.3479,19.2134],[-155.3476,19.2142],[-155.3464,19.2148],[-155.3463,19.2169],[-155.3451,19.2183],[-155.3439,19.2189],[-155.3426,19.2243],[-155.3422,19.2249],[-155.3412,19.2251],[-155.341,19.2264],[-155.3385,19.2296],[-155.3386,19.231],[-155.3357,19.2327],[-155.3357,19.2333],[-155.3344,19.2345],[-155.3313,19.2358],[-155.3315,19.2364],[-155.3305,19.2368],[-155.4259,19.2362],[-155.4311,19.2284],[-155.4346,19.2275],[-155.4473,19.2304],[-155.4546,19.2296],[-155.456,19.2334],[-155.4542,19.234],[-155.4547,19.2388],[-155.4451,19.2506],[-155.4429,19.2521],[-155.4403,19.2548],[-155.4572,19.2686],[-155.4647,19.2753],[-155.4664,19.2774],[-155.4765,19.2851]]]}},{"type":"Feature","properties":{"ahupuaa":"Wailau, Nīnole, Kaʻa","moku":"Kaʻū"},"geometry":{"type":"Polygon","coordinates":[[[-155.4765,19.2851],[-155.4811,19.2931],[-155.5074,19.3215],[-155.5143,19.3321],[-155.5173,19.3418],[-155.5277,19.3242],[-155.5589,19.2846],[-155.5779,19.2652],[-155.6188,19.2285],[-155.6078,19.196],[-155.6034,19.1958],[-155.5893,19.1914],[-155.5742,19.181],[-155.573,19.1807],[-155.5688,19.1773],[-155.5675,19.1729],[-155.5675,19.1711],[-155.5665,19.1702],[-155.5614,19.1661],[-155.5387,19.15],[-155.5369,19.1477],[-155.5328,19.1453],[-155.5268,19.1394],[-155.5095,19.1244],[-155.5096,19.1258],[-155.5101,19.1259],[-155.5109,19.1274],[-155.5103,19.1286],[-155.5123,19.1293],[-155.5112,19.1297],[-155.5102,19.1293],[-155.5102,19.1298],[-155.5097,19.1298],[-155.5102,19.1292],[-155.5098,19.129],[-155.5091,19.1295],[-155.5092,19.1302],[-155.5084,19.1302],[-155.5073,19.1314],[-155.505,19.1319],[-155.5071,19.1336],[-155.5072,19.1364],[-155.5084,19.138],[-155.5126,19.14],[-155.5141,19.1414],[-155.5152,19.1449],[-155.5215,19.1566],[-155.5242,19.1608],[-155.5264,19.1621],[-155.5261,19.1637],[-155.5382,19.1718],[-155.5411,19.1776],[-155.5435,19.1783],[-155.5449,19.1797],[-155.5468,19.1801],[-155.5499,19.1848],[-155.5724,19.202],[-155.5865,19.2201],[-155.5849,19.2237],[-155.5828,19.2358],[-155.5779,19.233],[-155.5742,19.2293],[-155.5728,19.2286],[-155.5721,19.227],[-155.5724,19.2252],[-155.5661,19.2232],[-155.5638,19.2211],[-155.5469,19.2091],[-155.5414,19.2042],[-155.5358,19.2023],[-155.533,19.1995],[-155.5154,19.1854],[-155.51,19.1803],[-155.5046,19.1698],[-155.5026,19.167],[-155.503,19.1664],[-155.5018,19.1646],[-155.4988,19.1645],[-155.4976,19.1618],[-155.4957,19.1615],[-155.4947,19.1593],[-155.4931,19.1587],[-155.4912,19.1564],[-155.4891,19.1548],[-155.4887,19.1456],[-155.4877,19.1417],[-155.4915,19.1382],[-155.4905,19.1372],[-155.485,19.1378],[-155.4834,19.1384],[-155.4824,19.1395],[-155.4794,19.1402],[-155.4769,19.142],[-155.4712,19.1443],[-155.4657,19.1448],[-155.4652,19.144],[-155.4645,19.1443],[-155.4635,19.1437],[-155.461,19.1448],[-155.4593,19.145],[-155.4573,19.1462],[-155.4566,19.146],[-155.4656,19.1622],[-155.4753,19.1778],[-155.4835,19.1959],[-155.4852,19.1972],[-155.486,19.199],[-155.4872,19.2001],[-155.4889,19.2002],[-155.4909,19.2021],[-155.4959,19.2044],[-155.4987,19.2072],[-155.501,19.2119],[-155.5079,19.216],[-155.51,19.2197],[-155.5112,19.2202],[-155.5059,19.2266],[-155.5111,19.2315],[-155.5239,19.2368],[-155.5252,19.2388],[-155.5278,19.2409],[-155.5276,19.242],[-155.5295,19.2445],[-155.5302,19.2466],[-155.5329,19.2483],[-155.5356,19.2515],[-155.54,19.254],[-155.5449,19.2605],[-155.545,19.2615],[-155.5465,19.2637],[-155.5468,19.2652],[-155.546,19.2684],[-155.5466,19.2712],[-155.549,19.2736],[-155.55,19.2768],[-155.5521,19.2801],[-155.5562,19.2825],[-155.555,19.2841],[-155.5511,19.2864],[-155.5497,19.2849],[-155.5477,19.2856],[-155.5472,19.285],[-155.5461,19.2851],[-155.5429,19.2826],[-155.5407,19.2781],[-155.5408,19.2758],[-155.5392,19.2738],[-155.5391,19.2717],[-155.5361,19.2666],[-155.5357,19.2643],[-155.534,19.2626],[-155.5332,19.2606],[-155.5307,19.2596],[-155.5255,19.2556],[-155.5234,19.255],[-155.5217,19.2534],[-155.5174,19.2474],[-155.5151,19.2453],[-155.5121,19.2406],[-155.5113,19.2386],[-155.5118,19.2351],[-155.5106,19.2345],[-155.5059,19.2396],[-155.5047,19.2432],[-155.5012,19.2506],[-155.4993,19.2516],[-155.4982,19.2551],[-155.4989,19.257],[-155.4974,19.2621],[-155.498,19.2658],[-155.4977,19.2706],[-155.4945,19.2803],[-155.4911,19.2844],[-155.487,19.2855],[-155.4784,19.2783],[-155.4748,19.2777],[-155.4768,19.2829],[-155.4765,19.2851]]]}},{"type":"Feature","properties":{"ahupuaa":"Kahuku","moku":"Kaʻū"},"geometry":{"type":"Polygon","coordinates":[[[-155.6845,19.1761],[-155.6551,19.1939],[-155.6555,19.196],[-155.6424,19.206],[-155.6375,19.2104],[-155.6355,19.2154],[-155.6303,19.2178],[-155.5779,19.2652],[-155.5589,19.2846],[-155.5555,19.2888],[-155.5277,19.3242],[-155.5173,19.3418],[-155.519,19.3477],[-155.5788,19.4313],[-155.5986,19.4626],[-155.752,19.4069],[-155.7532,19.4064],[-155.7544,19.3986],[-155.779,19.3974],[-155.7812,19.3904],[-155.7818,19.387],[-155.792,19.3138],[-155.8079,19.2851],[-155.8096,19.2776],[-155.8118,19.2632],[-155.779,19.2303],[-155.7769,19.217],[-155.7755,19.2127],[-155.7778,19.2068],[-155.7724,19.1867],[-155.7724,19.1819],[-155.7618,19.183],[-155.7711,19.167],[-155.7849,19.1231],[-155.8073,19.0981],[-155.8063,19.0941],[-155.8149,19.0822],[-155.8367,19.0174],[-155.8353,19.0178],[-155.835,19.0186],[-155.8331,19.0182],[-155.8315,19.0189],[-155.8271,19.016],[-155.822,19.0153],[-155.8216,19.0146],[-155.8196,19.0134],[-155.8186,19.0136],[-155.8172,19.0127],[-155.817,19.0121],[-155.8152,19.0125],[-155.8143,19.0119],[-155.8137,19.0126],[-155.8127,19.0128],[-155.8125,19.0123],[-155.8112,19.0122],[-155.8096,19.0108],[-155.8073,19.0102],[-155.8061,19.0112],[-155.8035,19.0111],[-155.8022,19.01],[-155.8011,19.0104],[-155.8005,19.01],[-155.799,19.0109],[-155.7985,19.0104],[-155.7974,19.0104],[-155.797,19.01],[-155.7974,19.0095],[-155.795,19.0067],[-155.7953,19.0044],[-155.7946,19.0039],[-155.7935,19.0041],[-155.7939,19.0026],[-155.7926,19.0026],[-155.7923,19.0016],[-155.7908,19.0],[-155.7874,18.9983],[-155.7869,18.9985],[-155.7851,18.9978],[-155.7848,18.9972],[-155.7828,18.996],[-155.7825,18.9962],[-155.7812,18.9941],[-155.7807,18.9943],[-155.779,18.9925],[-155.778,18.9923],[-155.7775,18.9908],[-155.7755,18.9899],[-155.7743,18.9899],[-155.7733,18.9883],[-155.7728,18.9886],[-155.7719,18.9883],[-155.7689,18.9858],[-155.7681,18.9859],[-155.7657,18.984],[-155.7627,18.983],[-155.762,18.9815],[-155.761,18.981],[-155.7611,18.9793],[-155.7601,18.9777],[-155.7581,18.9769],[-155.7547,18.9766],[-155.7537,18.9753],[-155.752,18.9745],[-155.7517,18.9748],[-155.7511,18.9741],[-155.7252,19.0],[-155.7245,19.0],[-155.7086,19.0157],[-155.7066,19.0235],[-155.7059,19.0354],[-155.707,19.0378],[-155.7087,19.0453],[-155.7064,19.0462],[-155.7,19.0466],[-155.6895,19.0447],[-155.6806,19.0465],[-155.6769,19.0688],[-155.6756,19.0673],[-155.6725,19.0675],[-155.6668,19.0708],[-155.6641,19.0742],[-155.6651,19.0822],[-155.6743,19.125],[-155.6819,19.1718],[-155.6845,19.1761]]]}},{"type":"Feature","properties":{"ahupuaa":"Kapāpala","moku":"Kaʻū"},"geometry":{"type":"Polygon","coordinates":[[[-155.2428,19.2687],[-155.2577,19.3495],[-155.2661,19.3791],[-155.2659,19.3992],[-155.2839,19.4064],[-155.2905,19.4188],[-155.462,19.5272],[-155.4644,19.5301],[-155.5555,19.5038],[-155.5986,19.4626],[-155.5788,19.4313],[-155.519,19.3477],[-155.5143,19.3321],[-155.5074,19.3215],[-155.4811,19.2931],[-155.4765,19.2851],[-155.4664,19.2774],[-155.4647,19.2753],[-155.4572,19.2686],[-155.4403,19.2548],[-155.4429,19.2521],[-155.4451,19.2506],[-155.4547,19.2388],[-155.4542,19.234],[-155.456,19.2334],[-155.4546,19.2296],[-155.4473,19.2304],[-155.4346,19.2275],[-155.4311,19.2284],[-155.4259,19.2362],[-155.3303,19.2367],[-155.3237,19.2398],[-155.3193,19.2409],[-155.3162,19.2424],[-155.3126,19.2464],[-155.3113,19.2469],[-155.3092,19.249],[-155.3046,19.2554],[-155.3023,19.257],[-155.3011,19.2588],[-155.2963,19.2613],[-155.2937,19.2633],[-155.2909,19.2634],[-155.2903,19.2638],[-155.2875,19.2636],[-155.2862,19.264],[-155.2854,19.2653],[-155.2845,19.2657],[-155.2786,19.2668],[-155.2762,19.266],[-155.2762,19.2652],[-155.273,19.2676],[-155.2661,19.2687],[-155.2654,19.2698],[-155.2641,19.2699],[-155.2625,19.2712],[-155.2603,19.2711],[-155.2592,19.2695],[-155.2585,19.2692],[-155.2567,19.2694],[-155.2551,19.2705],[-155.2497,19.2678],[-155.2471,19.2677],[-155.2428,19.2687]]]}},{"type":"Feature","properties":{"ahupuaa":"Kaʻohe 1-3","moku":"Kona"},"geometry":{"type":"Polygon","coordinates":[[[-155.7925,19.3127],[-155.7908,19.322],[-155.8598,19.3198],[-155.8623,19.32],[-155.8671,19.3215],[-155.8741,19.3222],[-155.8802,19.3222],[-155.8904,19.3204],[-155.8909,19.3195],[-155.8907,19.3185],[-155.8896,19.3174],[-155.8891,19.3145],[-155.8877,19.3135],[-155.8814,19.3157],[-155.8746,19.3163],[-155.8671,19.3145],[-155.86,19.3134],[-155.7925,19.3127]]]}},{"type":"Feature","properties":{"ahupuaa":"Keauhou","moku":"Kaʻū"},"geometry":{"type":"Polygon","coordinates":[[[-155.299,19.5205],[-155.34,19.557],[-155.3529,19.5899],[-155.4644,19.5301],[-155.462,19.5272],[-155.2905,19.4188],[-155.2839,19.4064],[-155.2659,19.3992],[-155.2661,19.3791],[-155.2577,19.3495],[-155.2428,19.2687],[-155.239,19.2669],[-155.2339,19.2663],[-155.2344,19.2653],[-155.2337,19.2649],[-155.2328,19.2652],[-155.2332,19.2632],[-155.2329,19.2626],[-155.2317,19.2628],[-155.2297,19.262],[-155.2284,19.262],[-155.2257,19.2604],[-155.2243,19.2601],[-155.2224,19.2609],[-155.2197,19.2601],[-155.219,19.2591],[-155.2164,19.2597],[-155.2139,19.2583],[-155.2136,19.259],[-155.2153,19.3166],[-155.2249,19.3542],[-155.217,19.3752],[-155.2388,19.4147],[-155.2396,19.4246],[-155.299,19.5205]]]}},{"type":"Feature","properties":{"ahupuaa":"Kaʻohe Mauka","moku":"Hāmākua"},"geometry":{"type":"Polygon","coordinates":[[[-155.3412,19.919],[-155.3627,19.931],[-155.3631,19.9307],[-155.364,19.9297],[-155.3651,19.9271],[-155.3681,19.9236],[-155.3766,19.8961],[-155.3825,19.8887],[-155.3832,19.8865],[-155.3931,19.8972],[-155.41,19.8937],[-155.41,19.9029],[-155.4398,19.9069],[-155.4421,19.9088],[-155.4736,19.9142],[-155.4813,19.9128],[-155.4839,19.9131],[-155.4962,19.9117],[-155.5299,19.88],[-155.5629,19.8607],[-155.5643,19.8582],[-155.5742,19.8462],[-155.5817,19.8447],[-155.5948,19.834],[-155.602,19.8374],[-155.6053,19.8381],[-155.6069,19.839],[-155.6092,19.8388],[-155.6112,19.8409],[-155.6155,19.8428],[-155.6179,19.8429],[-155.6198,19.844],[-155.6255,19.8419],[-155.6362,19.8247],[-155.6332,19.7977],[-155.6345,19.7921],[-155.6345,19.7898],[-155.6327,19.7637],[-155.6621,19.78],[-155.6691,19.7848],[-155.6989,19.7739],[-155.7006,19.7481],[-155.7126,19.7354],[-155.7137,19.7312],[-155.7168,19.7269],[-155.7206,19.726],[-155.7219,19.7249],[-155.7272,19.7159],[-155.7278,19.7124],[-155.7302,19.7083],[-155.7319,19.7064],[-155.7324,19.6862],[-155.7303,19.6838],[-155.7295,19.6817],[-155.7307,19.677],[-155.7233,19.6636],[-155.5986,19.4626],[-155.5555,19.5038],[-155.4961,19.712],[-155.4589,19.7538],[-155.4194,19.7474],[-155.4078,19.7939],[-155.3825,19.8619],[-155.3676,19.8822],[-155.3673,19.8839],[-155.3665,19.8851],[-155.3657,19.8857],[-155.3636,19.8861],[-155.361,19.8883],[-155.3592,19.8906],[-155.3581,19.8949],[-155.3562,19.8957],[-155.3525,19.9003],[-155.351,19.9007],[-155.3489,19.9034],[-155.3462,19.9076],[-155.3462,19.9118],[-155.3446,19.9144],[-155.3424,19.9165],[-155.3412,19.919]]]}},{"type":"Feature","properties":{"ahupuaa":"Pāʻauhau-mauka","moku":"Hāmākua"},"geometry":{"type":"Polygon","coordinates":[[[-155.5169,19.9749],[-155.5346,19.9881],[-155.5811,19.9782],[-155.5831,19.9656],[-155.6011,19.9319],[-155.6442,19.8561],[-155.6364,19.8519],[-155.634,19.8517],[-155.6313,19.8502],[-155.6307,19.8481],[-155.6291,19.8464],[-155.627,19.8453],[-155.6252,19.8446],[-155.6198,19.844],[-155.6179,19.8429],[-155.6155,19.8428],[-155.6112,19.8409],[-155.6092,19.8388],[-155.6069,19.839],[-155.6053,19.8381],[-155.602,19.8374],[-155.5948,19.834],[-155.5817,19.8447],[-155.5742,19.8462],[-155.5643,19.8582],[-155.5629,19.8607],[-155.5299,19.88],[-155.4962,19.9117],[-155.4839,19.9131],[-155.4813,19.9128],[-155.4801,19.9164],[-155.48,19.9193],[-155.4811,19.9233],[-155.4802,19.9253],[-155.4801,19.9269],[-155.4789,19.929],[-155.4766,19.931],[-155.477,19.9328],[-155.4748,19.936],[-155.475,19.9408],[-155.4744,19.944],[-155.4753,19.9451],[-155.4751,19.9463],[-155.4755,19.9472],[-155.474,19.9526],[-155.4733,19.9534],[-155.4736,19.9545],[-155.4731,19.9559],[-155.4733,19.9575],[-155.4707,19.9603],[-155.4696,19.9639],[-155.4708,19.9677],[-155.5169,19.9749]]]}},{"type":"Feature","properties":{"ahupuaa":"Paʻalaea","moku":"Hāmākua"},"geometry":{"type":"Polygon","coordinates":[[[-155.4557,20.0986],[-155.4573,20.0991],[-155.4578,20.096],[-155.4603,20.0926],[-155.4634,20.0789],[-155.4647,20.075],[-155.4652,20.0694],[-155.4674,20.065],[-155.4655,20.0659],[-155.4615,20.0821],[-155.4557,20.0986]]]}},{"type":"Feature","properties":{"ahupuaa":"Manowaialeʻe","moku":"Hāmākua"},"geometry":{"type":"Polygon","coordinates":[[[-155.3026,19.9715],[-155.297,19.9794],[-155.2965,19.9815],[-155.2934,19.9854],[-155.2939,19.9891],[-155.293,19.991],[-155.2932,19.9924],[-155.2908,19.9987],[-155.2911,19.9997],[-155.29,20.0011],[-155.2888,20.0011],[-155.2873,20.0035],[-155.29,20.0026],[-155.3003,19.9958],[-155.3395,19.9201],[-155.3381,19.9207],[-155.3336,19.9255],[-155.3319,19.9282],[-155.33,19.9331],[-155.3286,19.9347],[-155.327,19.9356],[-155.327,19.9369],[-155.3241,19.9422],[-155.3233,19.9454],[-155.3214,19.9483],[-155.3183,19.9501],[-155.3151,19.9561],[-155.3147,19.9585],[-155.314,19.9595],[-155.3131,19.9599],[-155.3125,19.961],[-155.3094,19.9623],[-155.309,19.964],[-155.307,19.9648],[-155.3058,19.9673],[-155.3058,19.969],[-155.3049,19.9704],[-155.3026,19.9715]]]}},{"type":"Feature","properties":{"ahupuaa":"Niupea, Kealakaha","moku":"Hāmākua"},"geometry":{"type":"Polygon","coordinates":[[[-155.2933,20.0215],[-155.2977,20.0234],[-155.2992,20.0249],[-155.3011,20.0251],[-155.3016,20.0258],[-155.3081,20.028],[-155.3093,20.0288],[-155.3094,20.0297],[-155.3101,20.0292],[-155.311,20.0293],[-155.3137,20.0313],[-155.3154,20.0231],[-155.3202,20.0149],[-155.3221,20.0098],[-155.3387,19.9372],[-155.3066,19.9939],[-155.297,20.0112],[-155.2963,20.0133],[-155.2953,20.0141],[-155.2946,20.0168],[-155.2939,20.0177],[-155.294,20.0196],[-155.2933,20.0215]]]}},{"type":"Feature","properties":{"ahupuaa":"ʻĀʻāmanu","moku":"Hāmākua"},"geometry":{"type":"Polygon","coordinates":[[[-155.3541,20.0494],[-155.3557,20.05],[-155.3573,20.0491],[-155.3588,20.0466],[-155.3595,20.0465],[-155.3607,20.0453],[-155.3613,20.0432],[-155.3645,20.0411],[-155.3645,20.0404],[-155.3659,20.0391],[-155.3658,20.038],[-155.3666,20.038],[-155.3674,20.0373],[-155.371,20.0321],[-155.3744,20.0287],[-155.3746,20.0259],[-155.3755,20.0242],[-155.3754,20.022],[-155.3761,20.0212],[-155.375,20.0209],[-155.3734,20.0215],[-155.3721,20.023],[-155.3689,20.0233],[-155.3682,20.0262],[-155.3664,20.0273],[-155.366,20.029],[-155.3644,20.0318],[-155.3578,20.0361],[-155.3566,20.0408],[-155.3565,20.0436],[-155.3555,20.045],[-155.355,20.0469],[-155.3543,20.0475],[-155.3541,20.0494]]]}},{"type":"Feature","properties":{"ahupuaa":"Kaʻala","moku":"Hāmākua"},"geometry":{"type":"Polygon","coordinates":[[[-155.3137,20.0313],[-155.3161,20.0323],[-155.3174,20.0311],[-155.3175,20.0277],[-155.3185,20.0243],[-155.3198,20.0238],[-155.322,20.0202],[-155.3231,20.0159],[-155.3231,20.0133],[-155.3248,20.0093],[-155.326,20.008],[-155.3262,20.0047],[-155.3268,20.0031],[-155.3257,20.0003],[-155.3273,19.9971],[-155.3279,19.9941],[-155.3292,19.9918],[-155.329,19.9898],[-155.3297,19.9891],[-155.3313,19.984],[-155.3326,19.9818],[-155.3338,19.9811],[-155.3352,19.9791],[-155.3354,19.9779],[-155.3348,19.9762],[-155.3354,19.973],[-155.3391,19.9693],[-155.3395,19.9686],[-155.3392,19.9673],[-155.3414,19.965],[-155.3413,19.9629],[-155.3424,19.9615],[-155.3427,19.9587],[-155.3434,19.9562],[-155.3449,19.9534],[-155.345,19.9522],[-155.3615,19.9303],[-155.3412,19.919],[-155.3395,19.9201],[-155.3421,19.9244],[-155.3354,19.9512],[-155.3221,20.0098],[-155.3202,20.0149],[-155.3154,20.0231],[-155.3137,20.0313]]]}},{"type":"Feature","properties":{"ahupuaa":"Hōʻea, Manowaikohau","moku":"Hāmākua"},"geometry":{"type":"Polygon","coordinates":[[[-155.3161,20.0323],[-155.3224,20.0333],[-155.3233,20.0343],[-155.3283,20.036],[-155.3319,20.0386],[-155.3316,20.0368],[-155.3334,20.0348],[-155.3337,20.0324],[-155.3355,20.0301],[-155.3353,20.0271],[-155.3368,20.0258],[-155.3378,20.0236],[-155.34,20.0207],[-155.3428,20.0109],[-155.344,20.0096],[-155.3455,20.0056],[-155.3436,20.0028],[-155.3437,20.0005],[-155.3448,19.9984],[-155.3431,19.9985],[-155.3431,19.9975],[-155.342,19.9959],[-155.3419,19.9949],[-155.3425,19.9942],[-155.3444,19.9877],[-155.3455,19.9864],[-155.3476,19.9855],[-155.3498,19.9821],[-155.3497,19.9808],[-155.3507,19.9794],[-155.3506,19.9781],[-155.3514,19.9767],[-155.3516,19.9728],[-155.3527,19.9719],[-155.353,19.9699],[-155.3542,19.9681],[-155.354,19.9664],[-155.3567,19.9623],[-155.3566,19.9606],[-155.3572,19.9585],[-155.358,19.9576],[-155.3581,19.9553],[-155.3589,19.9535],[-155.3603,19.9521],[-155.3607,19.9495],[-155.3603,19.9479],[-155.3612,19.9467],[-155.3607,19.9443],[-155.3613,19.9431],[-155.3614,19.9414],[-155.36,19.9387],[-155.3591,19.9382],[-155.3587,19.9356],[-155.359,19.9349],[-155.3612,19.9343],[-155.3616,19.9324],[-155.3627,19.931],[-155.3615,19.9303],[-155.345,19.9522],[-155.3449,19.9534],[-155.3434,19.9562],[-155.3427,19.9587],[-155.3424,19.9615],[-155.3413,19.9629],[-155.3414,19.965],[-155.3392,19.9673],[-155.3395,19.9686],[-155.3391,19.9693],[-155.3354,19.973],[-155.3348,19.9762],[-155.3354,19.9779],[-155.3352,19.9791],[-155.3338,19.9811],[-155.3326,19.9818],[-155.3309,19.9847],[-155.3297,19.9891],[-155.329,19.9898],[-155.329,19.9924],[-155.3279,19.9941],[-155.3273,19.9971],[-155.3257,20.0003],[-155.3268,20.0031],[-155.3262,20.0047],[-155.326,20.008],[-155.3248,20.0093],[-155.3231,20.0133],[-155.3231,20.0159],[-155.322,20.0202],[-155.3198,20.0238],[-155.3185,20.0243],[-155.3175,20.0277],[-155.3176,20.0305],[-155.3161,20.0323]]]}},{"type":"Feature","properties":{"ahupuaa":"Kainehe","moku":"Hāmākua"},"geometry":{"type":"Polygon","coordinates":[[[-155.3573,19.9943],[-155.3563,19.9953],[-155.3559,19.9982],[-155.3549,20.0003],[-155.354,20.0048],[-155.3534,20.0054],[-155.3524,20.0112],[-155.3515,20.0138],[-155.3521,20.0159],[-155.3508,20.0178],[-155.3494,20.0185],[-155.3484,20.0203],[-155.3485,20.0253],[-155.3477,20.0282],[-155.3478,20.0308],[-155.3466,20.0348],[-155.3442,20.0383],[-155.3442,20.0412],[-155.3495,20.0371],[-155.3507,20.0352],[-155.3506,20.0338],[-155.3513,20.0329],[-155.3501,20.0314],[-155.3497,20.0296],[-155.3507,20.0269],[-155.3501,20.0256],[-155.3511,20.0249],[-155.3509,20.0224],[-155.3525,20.0197],[-155.3532,20.0169],[-155.356,20.0137],[-155.3573,20.013],[-155.3591,20.0085],[-155.3618,20.0064],[-155.3616,20.0056],[-155.36,20.0048],[-155.36,20.0006],[-155.3597,19.9998],[-155.3589,19.9995],[-155.3573,19.9943]]]}},{"type":"Feature","properties":{"ahupuaa":"Kūkaʻiau","moku":"Hāmākua"},"geometry":{"type":"Polygon","coordinates":[[[-155.3319,20.0386],[-155.3341,20.0411],[-155.3354,20.0412],[-155.336,20.0418],[-155.3381,20.0418],[-155.3422,20.0441],[-155.3437,20.0428],[-155.3442,20.0414],[-155.3442,20.0383],[-155.3466,20.0348],[-155.3478,20.0308],[-155.3477,20.0282],[-155.3485,20.0253],[-155.3484,20.0203],[-155.3494,20.0185],[-155.3508,20.0178],[-155.3521,20.0159],[-155.3515,20.0138],[-155.3524,20.0112],[-155.3534,20.0054],[-155.354,20.0048],[-155.3549,20.0003],[-155.3559,19.9982],[-155.3563,19.9953],[-155.3573,19.9943],[-155.3581,19.9922],[-155.361,19.9891],[-155.3627,19.9847],[-155.3645,19.983],[-155.3658,19.9796],[-155.3659,19.9779],[-155.3652,19.9774],[-155.3645,19.9754],[-155.3645,19.9705],[-155.3649,19.9693],[-155.3644,19.968],[-155.3659,19.9654],[-155.3659,19.9627],[-155.3784,19.9436],[-155.3804,19.9388],[-155.3931,19.8972],[-155.3832,19.8865],[-155.3825,19.8887],[-155.3766,19.8961],[-155.3681,19.9236],[-155.3651,19.9271],[-155.364,19.9297],[-155.3619,19.9318],[-155.3612,19.9343],[-155.3588,19.9351],[-155.3591,19.9382],[-155.36,19.9387],[-155.3614,19.9414],[-155.3613,19.9431],[-155.3607,19.9443],[-155.3612,19.9467],[-155.3603,19.9479],[-155.3607,19.9492],[-155.3603,19.9521],[-155.3589,19.9535],[-155.3581,19.9553],[-155.358,19.9576],[-155.3572,19.9585],[-155.3566,19.9606],[-155.3567,19.9623],[-155.354,19.9664],[-155.3542,19.9681],[-155.353,19.9699],[-155.3527,19.9719],[-155.3516,19.9728],[-155.3514,19.9767],[-155.3506,19.9781],[-155.3507,19.9794],[-155.3497,19.9808],[-155.3498,19.9821],[-155.3476,19.9855],[-155.3448,19.9871],[-155.3429,19.9918],[-155.3425,19.9942],[-155.3419,19.9949],[-155.342,19.9959],[-155.343,19.9972],[-155.3431,19.9985],[-155.3448,19.9984],[-155.3437,20.0005],[-155.3436,20.0028],[-155.3455,20.0056],[-155.344,20.0096],[-155.3428,20.0109],[-155.34,20.0207],[-155.3378,20.0236],[-155.3368,20.0258],[-155.3353,20.0271],[-155.3355,20.0301],[-155.3337,20.0324],[-155.3334,20.0348],[-155.3316,20.0368],[-155.3319,20.0386]]]}},{"type":"Feature","properties":{"ahupuaa":"Koholālele","moku":"Hāmākua"},"geometry":{"type":"Polygon","coordinates":[[[-155.3422,20.0441],[-155.3445,20.0465],[-155.3455,20.0491],[-155.3471,20.0483],[-155.3487,20.0489],[-155.3507,20.0485],[-155.3512,20.048],[-155.3515,20.0458],[-155.3522,20.0454],[-155.3529,20.0437],[-155.3526,20.0401],[-155.3549,20.034],[-155.3552,20.0335],[-155.3572,20.0331],[-155.3574,20.0319],[-155.3587,20.0311],[-155.3621,20.0275],[-155.3622,20.0248],[-155.3631,20.0239],[-155.363,20.0232],[-155.3639,20.0225],[-155.3634,20.0167],[-155.365,20.015],[-155.3662,20.0102],[-155.3718,20.0021],[-155.3758,19.9987],[-155.3791,19.992],[-155.3797,19.9876],[-155.3822,19.985],[-155.3806,19.9832],[-155.3827,19.9811],[-155.3844,19.9761],[-155.3858,19.9743],[-155.3857,19.9727],[-155.3883,19.97],[-155.3885,19.9682],[-155.388,19.9658],[-155.3899,19.964],[-155.3902,19.9605],[-155.3894,19.9582],[-155.3915,19.9561],[-155.3911,19.9526],[-155.3914,19.95],[-155.3933,19.9473],[-155.3938,19.9449],[-155.396,19.9419],[-155.3981,19.9413],[-155.4004,19.9379],[-155.408,19.9325],[-155.4101,19.9275],[-155.41,19.8937],[-155.3931,19.8972],[-155.3792,19.9422],[-155.3659,19.9627],[-155.3659,19.9654],[-155.3645,19.9674],[-155.3649,19.9693],[-155.3645,19.9705],[-155.3645,19.9754],[-155.3652,19.9774],[-155.3659,19.9779],[-155.3658,19.9796],[-155.3645,19.983],[-155.3627,19.9847],[-155.361,19.9891],[-155.3581,19.9922],[-155.3573,19.9942],[-155.3589,19.9995],[-155.3597,19.9998],[-155.36,20.0006],[-155.36,20.0048],[-155.3616,20.0056],[-155.3618,20.0064],[-155.3591,20.0085],[-155.3573,20.013],[-155.356,20.0137],[-155.3532,20.0169],[-155.3525,20.0197],[-155.3509,20.0224],[-155.3511,20.0249],[-155.3501,20.0256],[-155.3507,20.0269],[-155.3497,20.0296],[-155.3501,20.0314],[-155.3513,20.0329],[-155.3506,20.0338],[-155.3507,20.0352],[-155.3495,20.0371],[-155.3445,20.0408],[-155.3437,20.0428],[-155.3422,20.0441]]]}},{"type":"Feature","properties":{"ahupuaa":"Kaʻohe","moku":"Hāmākua"},"geometry":{"type":"Polygon","coordinates":[[[-155.3507,20.0485],[-155.3532,20.0494],[-155.3542,20.0493],[-155.3543,20.0475],[-155.355,20.0469],[-155.3555,20.045],[-155.3565,20.0436],[-155.3566,20.0408],[-155.3578,20.0361],[-155.3642,20.032],[-155.366,20.029],[-155.3664,20.0273],[-155.3682,20.0262],[-155.3696,20.0214],[-155.3707,20.0208],[-155.368,20.0191],[-155.3706,20.0108],[-155.3769,20.0131],[-155.3817,20.0141],[-155.3821,20.0116],[-155.3836,20.0104],[-155.3849,20.0085],[-155.3891,20.0089],[-155.3919,20.01],[-155.3909,20.0142],[-155.3878,20.0183],[-155.3918,20.0187],[-155.3926,20.0183],[-155.3954,20.0196],[-155.3965,20.0194],[-155.3988,20.0124],[-155.4216,20.0206],[-155.4276,20.0078],[-155.4441,20.0133],[-155.4468,20.008],[-155.4478,20.0071],[-155.4473,20.0051],[-155.4481,20.0036],[-155.4481,20.0024],[-155.4486,20.002],[-155.4478,20.0014],[-155.4473,20.0],[-155.4478,19.9982],[-155.4471,19.9961],[-155.4479,19.9957],[-155.4481,19.9947],[-155.448,19.9919],[-155.4485,19.9908],[-155.4482,19.9892],[-155.4493,19.9881],[-155.449,19.9851],[-155.4512,19.9833],[-155.4516,19.9821],[-155.4513,19.9806],[-155.4517,19.9772],[-155.4526,19.9764],[-155.4534,19.9766],[-155.4542,19.9755],[-155.4563,19.9745],[-155.4578,19.9698],[-155.4575,19.9689],[-155.4589,19.9675],[-155.4591,19.9663],[-155.4583,19.9609],[-155.4589,19.9588],[-155.4579,19.9566],[-155.4577,19.9549],[-155.4585,19.9532],[-155.4571,19.9507],[-155.4561,19.9474],[-155.4546,19.9451],[-155.4544,19.9414],[-155.4536,19.9408],[-155.4532,19.939],[-155.4537,19.9374],[-155.4534,19.9337],[-155.4515,19.9298],[-155.4501,19.9282],[-155.4494,19.9262],[-155.4498,19.9245],[-155.4493,19.9225],[-155.4487,19.9211],[-155.4472,19.9195],[-155.4473,19.9175],[-155.4457,19.9158],[-155.445,19.9133],[-155.4437,19.9122],[-155.4432,19.9104],[-155.4414,19.9079],[-155.4398,19.9069],[-155.41,19.9029],[-155.4098,19.9284],[-155.408,19.9325],[-155.4004,19.9379],[-155.3981,19.9413],[-155.396,19.9419],[-155.3938,19.9449],[-155.3933,19.9473],[-155.3914,19.95],[-155.3911,19.9526],[-155.3915,19.9561],[-155.3894,19.9582],[-155.3902,19.9605],[-155.3899,19.964],[-155.388,19.9658],[-155.3885,19.9682],[-155.3883,19.97],[-155.3857,19.9727],[-155.3858,19.9743],[-155.3844,19.9761],[-155.3827,19.9811],[-155.3806,19.9832],[-155.3822,19.985],[-155.3797,19.9876],[-155.3791,19.992],[-155.3758,19.9987],[-155.3718,20.0021],[-155.3662,20.0102],[-155.365,20.015],[-155.3634,20.0167],[-155.3639,20.0225],[-155.363,20.0232],[-155.3631,20.0239],[-155.3622,20.0248],[-155.3621,20.0275],[-155.3587,20.0311],[-155.3574,20.0319],[-155.3572,20.0331],[-155.3552,20.0335],[-155.3549,20.034],[-155.3526,20.0401],[-155.3529,20.0437],[-155.3522,20.0454],[-155.3515,20.0458],[-155.3514,20.0474],[-155.3507,20.0485]]]}},{"type":"Feature","properties":{"ahupuaa":"Paʻauilo","moku":"Hāmākua"},"geometry":{"type":"Polygon","coordinates":[[[-155.3557,20.05],[-155.3572,20.0512],[-155.3605,20.0526],[-155.3623,20.0518],[-155.363,20.0496],[-155.3669,20.045],[-155.3682,20.0443],[-155.3688,20.0432],[-155.371,20.0413],[-155.3711,20.0398],[-155.3729,20.0377],[-155.3744,20.0367],[-155.3745,20.036],[-155.3756,20.0355],[-155.3768,20.0334],[-155.3773,20.031],[-155.3796,20.0289],[-155.3789,20.0235],[-155.3798,20.0212],[-155.3835,20.0166],[-155.3818,20.0159],[-155.3817,20.0141],[-155.3769,20.0131],[-155.3706,20.0108],[-155.368,20.0191],[-155.3707,20.0208],[-155.3696,20.0214],[-155.3689,20.0233],[-155.3721,20.023],[-155.3734,20.0215],[-155.375,20.0209],[-155.3761,20.0212],[-155.3754,20.022],[-155.3755,20.0242],[-155.3746,20.0259],[-155.3745,20.0285],[-155.371,20.0321],[-155.3674,20.0373],[-155.3666,20.038],[-155.3658,20.038],[-155.3659,20.0391],[-155.3645,20.0404],[-155.3645,20.0411],[-155.3613,20.0432],[-155.3607,20.0453],[-155.3595,20.0465],[-155.3588,20.0466],[-155.3586,20.0475],[-155.3571,20.0493],[-155.3557,20.05]]]}},{"type":"Feature","properties":{"ahupuaa":"Hauola","moku":"Hāmākua"},"geometry":{"type":"Polygon","coordinates":[[[-155.3606,20.0526],[-155.3649,20.0548],[-155.3674,20.0573],[-155.3685,20.057],[-155.3747,20.0416],[-155.3837,20.0249],[-155.3886,20.0169],[-155.3909,20.0142],[-155.3919,20.01],[-155.3891,20.0089],[-155.3849,20.0085],[-155.3836,20.0104],[-155.3821,20.0116],[-155.3816,20.0129],[-155.3818,20.0159],[-155.3835,20.0166],[-155.38,20.0208],[-155.3789,20.0235],[-155.3789,20.0247],[-155.3794,20.0252],[-155.3795,20.0291],[-155.3773,20.031],[-155.3768,20.0334],[-155.3756,20.0355],[-155.3745,20.036],[-155.3744,20.0367],[-155.3731,20.0375],[-155.3711,20.0398],[-155.371,20.0413],[-155.3688,20.0432],[-155.3682,20.0443],[-155.3669,20.045],[-155.363,20.0496],[-155.3624,20.0517],[-155.3606,20.0526]]]}},{"type":"Feature","properties":{"ahupuaa":"Kamoauau","moku":"Hāmākua"},"geometry":{"type":"Polygon","coordinates":[[[-155.3736,20.0589],[-155.3749,20.0607],[-155.3843,20.0479],[-155.3867,20.0441],[-155.3896,20.0372],[-155.3922,20.0344],[-155.3961,20.0281],[-155.394,20.0269],[-155.3959,20.0249],[-155.3933,20.0249],[-155.3835,20.0466],[-155.3803,20.0507],[-155.3792,20.0513],[-155.3736,20.0589]]]}},{"type":"Feature","properties":{"ahupuaa":"Pāhoehoe B 1-3","moku":"Kona"},"geometry":{"type":"Polygon","coordinates":[[[-155.7902,19.3267],[-155.8129,19.3319],[-155.8623,19.324],[-155.8788,19.324],[-155.889,19.3214],[-155.8903,19.3216],[-155.8906,19.3209],[-155.8904,19.3204],[-155.8887,19.3205],[-155.8802,19.3222],[-155.8741,19.3222],[-155.8671,19.3215],[-155.8623,19.32],[-155.8598,19.3198],[-155.7908,19.322],[-155.7902,19.3267]]]}},{"type":"Feature","properties":{"ahupuaa":"Opihilala","moku":"Hāmākua"},"geometry":{"type":"Polygon","coordinates":[[[-155.3685,20.057],[-155.3715,20.0575],[-155.3726,20.0584],[-155.3731,20.0573],[-155.3731,20.0551],[-155.3767,20.0525],[-155.3782,20.0499],[-155.378,20.0482],[-155.3803,20.044],[-155.3807,20.0404],[-155.3804,20.0386],[-155.3815,20.0374],[-155.3816,20.036],[-155.3824,20.0352],[-155.3831,20.0331],[-155.3825,20.0307],[-155.3835,20.0301],[-155.3843,20.0286],[-155.3844,20.0259],[-155.3856,20.0242],[-155.3862,20.0243],[-155.3876,20.0186],[-155.3837,20.0249],[-155.3747,20.0416],[-155.3685,20.057]]]}},{"type":"Feature","properties":{"ahupuaa":"Mānienie","moku":"Hāmākua"},"geometry":{"type":"Polygon","coordinates":[[[-155.3726,20.0584],[-155.3736,20.0589],[-155.3792,20.0513],[-155.3803,20.0507],[-155.3835,20.0466],[-155.3933,20.0249],[-155.3905,20.025],[-155.3856,20.0242],[-155.3844,20.0259],[-155.3843,20.0286],[-155.3835,20.0301],[-155.3825,20.0307],[-155.3831,20.0327],[-155.3827,20.0345],[-155.3816,20.036],[-155.3814,20.0376],[-155.3804,20.0386],[-155.3807,20.0404],[-155.3803,20.044],[-155.378,20.0482],[-155.3782,20.0499],[-155.3767,20.0525],[-155.3731,20.0551],[-155.3731,20.0573],[-155.3726,20.0584]]]}},{"type":"Feature","properties":{"ahupuaa":"Kamaui","moku":"Hāmākua"},"geometry":{"type":"Polygon","coordinates":[[[-155.3749,20.0607],[-155.3773,20.0625],[-155.3795,20.0625],[-155.3796,20.0618],[-155.3818,20.0593],[-155.3847,20.0575],[-155.386,20.0548],[-155.3872,20.0483],[-155.3887,20.0459],[-155.3902,20.0418],[-155.3917,20.0397],[-155.3921,20.0371],[-155.3955,20.0315],[-155.3965,20.0299],[-155.4009,20.0313],[-155.4011,20.0308],[-155.3961,20.0281],[-155.3922,20.0344],[-155.3896,20.0372],[-155.3867,20.0441],[-155.3843,20.0479],[-155.3749,20.0607]]]}},{"type":"Feature","properties":{"ahupuaa":"Pohakuhaku","moku":"Hāmākua"},"geometry":{"type":"Polygon","coordinates":[[[-155.3795,20.0625],[-155.3807,20.0635],[-155.3832,20.0645],[-155.3852,20.064],[-155.3867,20.0642],[-155.3871,20.0634],[-155.3883,20.0627],[-155.3882,20.0617],[-155.4009,20.0313],[-155.3965,20.0299],[-155.3921,20.0371],[-155.3917,20.0397],[-155.3902,20.0418],[-155.3887,20.0459],[-155.3872,20.0483],[-155.3854,20.0564],[-155.3843,20.0579],[-155.3818,20.0593],[-155.3796,20.0618],[-155.3795,20.0625]]]}},{"type":"Feature","properties":{"ahupuaa":"Kemau","moku":"Hāmākua"},"geometry":{"type":"Polygon","coordinates":[[[-155.3867,20.0642],[-155.388,20.0647],[-155.3885,20.0655],[-155.391,20.0662],[-155.3925,20.064],[-155.3925,20.0631],[-155.395,20.0599],[-155.3959,20.0564],[-155.3953,20.0527],[-155.3987,20.0453],[-155.3986,20.0444],[-155.4016,20.0385],[-155.4018,20.0315],[-155.4051,20.0273],[-155.4037,20.0273],[-155.4011,20.0308],[-155.3882,20.0617],[-155.3883,20.0627],[-155.3871,20.0634],[-155.3867,20.0642]]]}},{"type":"Feature","properties":{"ahupuaa":"Kamoku","moku":"Hāmākua"},"geometry":{"type":"Polygon","coordinates":[[[-155.5545,20.0748],[-155.5618,20.0741],[-155.5638,20.0744],[-155.5701,20.0733],[-155.5735,20.0346],[-155.5804,20.0344],[-155.5796,20.0295],[-155.5854,20.0278],[-155.5861,20.0259],[-155.586,20.0179],[-155.5853,20.0162],[-155.585,20.0058],[-155.5838,20.0036],[-155.5811,19.9782],[-155.5515,19.9845],[-155.5394,19.9939],[-155.5503,20.006],[-155.5489,20.0077],[-155.5482,20.0219],[-155.5546,20.0224],[-155.5532,20.0346],[-155.5499,20.0428],[-155.5632,20.0441],[-155.5636,20.0493],[-155.5627,20.0612],[-155.562,20.0642],[-155.5545,20.0748]]]}},{"type":"Feature","properties":{"ahupuaa":"Alaeakila, Kaapahu","moku":"Hāmākua"},"geometry":{"type":"Polygon","coordinates":[[[-155.391,20.0662],[-155.3939,20.0674],[-155.395,20.0686],[-155.3963,20.0687],[-155.397,20.07],[-155.399,20.0709],[-155.4004,20.0743],[-155.402,20.0758],[-155.4044,20.0763],[-155.4117,20.0584],[-155.4174,20.0494],[-155.4219,20.0509],[-155.4232,20.05],[-155.424,20.0463],[-155.4281,20.0432],[-155.4282,20.0424],[-155.4306,20.0393],[-155.4317,20.0388],[-155.4318,20.038],[-155.4338,20.0357],[-155.4353,20.0355],[-155.4376,20.0298],[-155.439,20.029],[-155.439,20.027],[-155.4383,20.025],[-155.4386,20.024],[-155.4408,20.0214],[-155.442,20.0211],[-155.4422,20.0196],[-155.4436,20.0175],[-155.4432,20.0162],[-155.444,20.0157],[-155.4439,20.0135],[-155.4276,20.0078],[-155.4216,20.0206],[-155.3988,20.0124],[-155.3965,20.0194],[-155.3954,20.0196],[-155.3926,20.0183],[-155.392,20.0187],[-155.3878,20.0183],[-155.3862,20.0243],[-155.3905,20.025],[-155.3959,20.0249],[-155.394,20.0269],[-155.4011,20.0308],[-155.4037,20.0273],[-155.4051,20.0273],[-155.4019,20.0312],[-155.4014,20.0359],[-155.4016,20.0385],[-155.3986,20.0444],[-155.3987,20.0453],[-155.3953,20.0527],[-155.3959,20.0555],[-155.3958,20.0579],[-155.395,20.0599],[-155.3925,20.0631],[-155.3925,20.064],[-155.391,20.0662]]]}},{"type":"Feature","properties":{"ahupuaa":"Waikaʻalulu","moku":"Hāmākua"},"geometry":{"type":"Polygon","coordinates":[[[-155.4121,20.0577],[-155.4042,20.0767],[-155.4054,20.0767],[-155.4082,20.0685],[-155.4097,20.0674],[-155.4108,20.0656],[-155.4111,20.0629],[-155.4148,20.0579],[-155.4153,20.0567],[-155.4152,20.0551],[-155.4172,20.0536],[-155.4173,20.0528],[-155.4198,20.0502],[-155.4174,20.0494],[-155.4121,20.0577]]]}},{"type":"Feature","properties":{"ahupuaa":"Papalele","moku":"Hāmākua"},"geometry":{"type":"Polygon","coordinates":[[[-155.4054,20.0767],[-155.4056,20.0771],[-155.4059,20.0768],[-155.4071,20.0772],[-155.4101,20.077],[-155.4115,20.0732],[-155.4133,20.071],[-155.4134,20.0692],[-155.4147,20.0673],[-155.415,20.0651],[-155.4145,20.0618],[-155.4179,20.0582],[-155.4192,20.0555],[-155.4195,20.0536],[-155.4207,20.0525],[-155.421,20.0513],[-155.4219,20.0509],[-155.4198,20.0502],[-155.4173,20.0528],[-155.4172,20.0536],[-155.4152,20.0551],[-155.4153,20.0567],[-155.4148,20.0579],[-155.4111,20.0629],[-155.4108,20.0656],[-155.4097,20.0674],[-155.4082,20.0685],[-155.4054,20.0767]]]}},{"type":"Feature","properties":{"ahupuaa":"Kalopā","moku":"Hāmākua"},"geometry":{"type":"Polygon","coordinates":[[[-155.4099,20.0772],[-155.4126,20.0783],[-155.4128,20.0796],[-155.414,20.0808],[-155.4149,20.0813],[-155.4159,20.0809],[-155.4165,20.0825],[-155.4176,20.0823],[-155.4182,20.0827],[-155.4186,20.0823],[-155.4198,20.0805],[-155.419,20.0798],[-155.4195,20.076],[-155.4224,20.072],[-155.4238,20.0717],[-155.4251,20.0705],[-155.425,20.0691],[-155.4266,20.0678],[-155.4273,20.0661],[-155.4287,20.0656],[-155.4317,20.0617],[-155.4326,20.0612],[-155.4341,20.0586],[-155.4339,20.0578],[-155.4351,20.0532],[-155.4364,20.0524],[-155.4374,20.0507],[-155.4389,20.0494],[-155.4425,20.0425],[-155.4539,20.0328],[-155.4535,20.0287],[-155.4551,20.02],[-155.4597,20.012],[-155.4627,20.0014],[-155.4644,19.9908],[-155.4695,19.9754],[-155.4708,19.9677],[-155.4696,19.9639],[-155.4707,19.9603],[-155.4733,19.9575],[-155.4731,19.9559],[-155.4736,19.9552],[-155.4733,19.9534],[-155.474,19.9526],[-155.4755,19.9472],[-155.4751,19.9463],[-155.4753,19.9451],[-155.4744,19.944],[-155.475,19.9408],[-155.4748,19.936],[-155.477,19.9328],[-155.4766,19.931],[-155.4789,19.929],[-155.4801,19.9269],[-155.4802,19.9253],[-155.4811,19.9233],[-155.48,19.9193],[-155.4801,19.9164],[-155.4813,19.9128],[-155.4736,19.9142],[-155.4421,19.9088],[-155.4434,19.9108],[-155.4437,19.9122],[-155.445,19.9133],[-155.4457,19.9158],[-155.4473,19.9175],[-155.4472,19.9195],[-155.4487,19.9211],[-155.4493,19.9225],[-155.4498,19.9245],[-155.4494,19.9262],[-155.4501,19.9282],[-155.4515,19.9298],[-155.4534,19.9337],[-155.4537,19.9374],[-155.4532,19.939],[-155.4536,19.9408],[-155.4544,19.9414],[-155.4546,19.9451],[-155.4561,19.9474],[-155.4571,19.9507],[-155.4585,19.9532],[-155.4577,19.9549],[-155.4579,19.9566],[-155.4589,19.9588],[-155.4583,19.9609],[-155.4591,19.967],[-155.4575,19.9689],[-155.4578,19.9698],[-155.4563,19.9745],[-155.4542,19.9755],[-155.4534,19.9766],[-155.4526,19.9764],[-155.4517,19.9772],[-155.4513,19.9806],[-155.4516,19.9821],[-155.4512,19.9833],[-155.449,19.9851],[-155.4493,19.9881],[-155.4482,19.9892],[-155.4485,19.9908],[-155.448,19.9919],[-155.4481,19.9947],[-155.4479,19.9957],[-155.4471,19.9961],[-155.4478,19.9982],[-155.4473,20.0],[-155.4478,20.0014],[-155.4486,20.002],[-155.4481,20.0024],[-155.4481,20.0036],[-155.4473,20.0051],[-155.4478,20.0071],[-155.4468,20.008],[-155.4439,20.0135],[-155.444,20.0157],[-155.4432,20.0162],[-155.4436,20.0175],[-155.4422,20.0196],[-155.442,20.0211],[-155.4408,20.0214],[-155.4383,20.0247],[-155.439,20.027],[-155.439,20.029],[-155.4376,20.0298],[-155.4353,20.0355],[-155.4338,20.0357],[-155.4318,20.038],[-155.4317,20.0388],[-155.4306,20.0393],[-155.4282,20.0424],[-155.4281,20.0432],[-155.424,20.0463],[-155.4234,20.0497],[-155.421,20.0513],[-155.4207,20.0525],[-155.4195,20.0536],[-155.4192,20.0555],[-155.4179,20.0582],[-155.4147,20.0614],[-155.4147,20.0673],[-155.4134,20.0692],[-155.4135,20.0706],[-155.4115,20.0732],[-155.4099,20.0772]]]}},{"type":"Feature","properties":{"ahupuaa":"Weha, Mahakuolo","moku":"Hāmākua"},"geometry":{"type":"Polygon","coordinates":[[[-155.4182,20.0827],[-155.42,20.0827],[-155.4201,20.0834],[-155.4207,20.0831],[-155.4221,20.0842],[-155.423,20.084],[-155.4257,20.0849],[-155.4289,20.0868],[-155.4289,20.0874],[-155.4296,20.0878],[-155.4298,20.0874],[-155.4302,20.088],[-155.4314,20.0877],[-155.4329,20.0883],[-155.4333,20.0879],[-155.4345,20.0832],[-155.4343,20.0804],[-155.4353,20.0764],[-155.435,20.0754],[-155.4384,20.069],[-155.4381,20.0666],[-155.4391,20.0659],[-155.4396,20.0648],[-155.4406,20.0645],[-155.4423,20.0624],[-155.4456,20.0599],[-155.4455,20.0577],[-155.4466,20.0561],[-155.4481,20.0559],[-155.4484,20.0534],[-155.4515,20.0506],[-155.4516,20.0497],[-155.4533,20.0483],[-155.454,20.0467],[-155.4551,20.0463],[-155.4542,20.0383],[-155.4466,20.0391],[-155.4425,20.0425],[-155.4389,20.0494],[-155.4374,20.0507],[-155.4364,20.0524],[-155.4351,20.0532],[-155.4339,20.0578],[-155.4341,20.0586],[-155.4326,20.0612],[-155.4317,20.0617],[-155.4287,20.0656],[-155.4273,20.0661],[-155.4266,20.0678],[-155.425,20.0691],[-155.4251,20.0705],[-155.4238,20.0717],[-155.4224,20.072],[-155.4195,20.076],[-155.419,20.0798],[-155.4198,20.0805],[-155.4182,20.0827]]]}},{"type":"Feature","properties":{"ahupuaa":"Pāʻauhau","moku":"Hāmākua"},"geometry":{"type":"Polygon","coordinates":[[[-155.4329,20.0883],[-155.4333,20.0891],[-155.4365,20.0892],[-155.4374,20.0864],[-155.4411,20.0849],[-155.4436,20.083],[-155.4452,20.0801],[-155.4478,20.0771],[-155.4494,20.0735],[-155.452,20.0718],[-155.4535,20.0696],[-155.4564,20.0674],[-155.4566,20.0643],[-155.4581,20.062],[-155.4588,20.0599],[-155.4637,20.0535],[-155.464,20.0511],[-155.4634,20.0501],[-155.4647,20.0487],[-155.4646,20.0474],[-155.469,20.0417],[-155.4692,20.0408],[-155.4719,20.0388],[-155.4722,20.0374],[-155.4739,20.0352],[-155.4751,20.035],[-155.4764,20.0341],[-155.4763,20.0335],[-155.477,20.0329],[-155.4781,20.033],[-155.4788,20.032],[-155.4789,20.0307],[-155.4798,20.0306],[-155.4805,20.0288],[-155.482,20.0289],[-155.4831,20.0247],[-155.4827,20.0237],[-155.484,20.0229],[-155.4849,20.0214],[-155.489,20.0199],[-155.4903,20.0182],[-155.4921,20.0178],[-155.4933,20.0161],[-155.495,20.011],[-155.496,20.0096],[-155.497,20.0091],[-155.4975,20.0023],[-155.4991,19.9994],[-155.4989,19.9979],[-155.4998,19.9961],[-155.5013,19.9954],[-155.5014,19.9929],[-155.5028,19.9915],[-155.5021,19.9843],[-155.4988,19.9806],[-155.5169,19.9749],[-155.4708,19.9677],[-155.4693,19.9762],[-155.4644,19.9908],[-155.4627,20.0014],[-155.4604,20.0097],[-155.4595,20.0125],[-155.4551,20.02],[-155.4535,20.0287],[-155.4539,20.0328],[-155.4466,20.0391],[-155.4542,20.0383],[-155.4551,20.0463],[-155.454,20.0467],[-155.4533,20.0483],[-155.4516,20.0497],[-155.4515,20.0506],[-155.4484,20.0534],[-155.4481,20.0559],[-155.4466,20.0561],[-155.4455,20.0577],[-155.4456,20.0599],[-155.4423,20.0624],[-155.4406,20.0645],[-155.4396,20.0648],[-155.4391,20.0659],[-155.4381,20.0666],[-155.4384,20.069],[-155.435,20.0754],[-155.4353,20.0764],[-155.4343,20.0804],[-155.4345,20.0832],[-155.4336,20.0858],[-155.4337,20.0868],[-155.4329,20.0883]]]}},{"type":"Feature","properties":{"ahupuaa":"Kalua, Pakiloa, ʻŌuhi, Kaao","moku":"Hāmākua"},"geometry":{"type":"Polygon","coordinates":[[[-155.4365,20.0892],[-155.4377,20.0916],[-155.4374,20.0923],[-155.4391,20.0913],[-155.4398,20.0916],[-155.4396,20.092],[-155.44,20.0923],[-155.4402,20.0916],[-155.4411,20.0921],[-155.4412,20.0927],[-155.4417,20.0925],[-155.4439,20.0934],[-155.4455,20.0933],[-155.4471,20.0939],[-155.45,20.0936],[-155.4519,20.0955],[-155.4524,20.0953],[-155.4533,20.0959],[-155.4557,20.0986],[-155.4615,20.0821],[-155.4655,20.0659],[-155.4674,20.065],[-155.467,20.063],[-155.4642,20.0625],[-155.4648,20.0618],[-155.4648,20.0604],[-155.4654,20.0608],[-155.4678,20.0566],[-155.4626,20.0552],[-155.46,20.0579],[-155.4566,20.0643],[-155.4564,20.0674],[-155.4535,20.0696],[-155.452,20.0718],[-155.4494,20.0735],[-155.4478,20.0771],[-155.4452,20.0801],[-155.4436,20.083],[-155.4411,20.0849],[-155.4374,20.0864],[-155.4365,20.0892]]]}},{"type":"Feature","properties":{"ahupuaa":"Papaʻanui","moku":"Hāmākua"},"geometry":{"type":"Polygon","coordinates":[[[-155.4573,20.0991],[-155.4595,20.0997],[-155.4603,20.0995],[-155.4606,20.0999],[-155.4617,20.0995],[-155.4619,20.1005],[-155.4629,20.1003],[-155.4643,20.0946],[-155.4651,20.0831],[-155.4661,20.0783],[-155.47,20.0663],[-155.4705,20.0626],[-155.4734,20.0581],[-155.4711,20.0575],[-155.4706,20.0567],[-155.47,20.0572],[-155.4678,20.0566],[-155.4654,20.0608],[-155.4648,20.0604],[-155.4648,20.0618],[-155.4642,20.0625],[-155.467,20.063],[-155.4674,20.065],[-155.4652,20.0694],[-155.4647,20.075],[-155.4634,20.0789],[-155.4603,20.0926],[-155.4578,20.096],[-155.4573,20.0991]]]}},{"type":"Feature","properties":{"ahupuaa":"Namoku, Papuaʻa","moku":"Hāmākua"},"geometry":{"type":"Polygon","coordinates":[[[-155.4678,20.1007],[-155.4691,20.101],[-155.4709,20.0913],[-155.4714,20.085],[-155.4725,20.0834],[-155.4732,20.0792],[-155.475,20.0762],[-155.4758,20.0636],[-155.4792,20.0538],[-155.4784,20.0537],[-155.4759,20.0576],[-155.4689,20.0805],[-155.4669,20.0889],[-155.4678,20.1007]]]}},{"type":"Feature","properties":{"ahupuaa":"Haina","moku":"Hāmākua"},"geometry":{"type":"Polygon","coordinates":[[[-155.4629,20.1003],[-155.4636,20.101],[-155.4648,20.1005],[-155.4654,20.1013],[-155.4661,20.1006],[-155.4666,20.1012],[-155.4671,20.1006],[-155.4678,20.1007],[-155.4669,20.0889],[-155.4689,20.0805],[-155.4756,20.0591],[-155.474,20.0581],[-155.4734,20.0581],[-155.4705,20.0626],[-155.47,20.0663],[-155.4661,20.0783],[-155.4651,20.0831],[-155.4643,20.0946],[-155.4629,20.1003]]]}},{"type":"Feature","properties":{"ahupuaa":"Nienie","moku":"Hāmākua"},"geometry":{"type":"Polygon","coordinates":[[[-155.4691,20.101],[-155.4704,20.1008],[-155.4711,20.1012],[-155.4711,20.1017],[-155.4723,20.1011],[-155.4718,20.1007],[-155.4725,20.0969],[-155.4722,20.0956],[-155.4728,20.0949],[-155.4726,20.0941],[-155.4738,20.0935],[-155.4734,20.0919],[-155.4745,20.0887],[-155.4741,20.0872],[-155.4766,20.0792],[-155.4783,20.0762],[-155.4779,20.0736],[-155.4788,20.0721],[-155.4785,20.0695],[-155.4789,20.0674],[-155.4836,20.0703],[-155.4914,20.0709],[-155.4913,20.0698],[-155.4996,20.0698],[-155.5011,20.0699],[-155.5033,20.071],[-155.5047,20.071],[-155.5115,20.059],[-155.5132,20.055],[-155.5155,20.0442],[-155.5192,20.0373],[-155.5224,20.0377],[-155.523,20.0241],[-155.5254,20.0117],[-155.5489,20.0077],[-155.5503,20.006],[-155.5394,19.9939],[-155.5515,19.9845],[-155.5346,19.9881],[-155.5169,19.9749],[-155.4988,19.9806],[-155.5021,19.9843],[-155.5028,19.9915],[-155.5014,19.9929],[-155.5013,19.9954],[-155.4996,19.9964],[-155.4989,19.9979],[-155.4989,20.0],[-155.4977,20.0015],[-155.497,20.0091],[-155.496,20.0096],[-155.495,20.011],[-155.4933,20.0161],[-155.4924,20.0175],[-155.4903,20.0182],[-155.489,20.0199],[-155.4855,20.0214],[-155.4852,20.0211],[-155.484,20.0229],[-155.4827,20.0237],[-155.4831,20.0247],[-155.482,20.0289],[-155.4805,20.0288],[-155.4798,20.0306],[-155.4789,20.0307],[-155.4788,20.032],[-155.4781,20.033],[-155.477,20.0329],[-155.4763,20.0335],[-155.4764,20.0341],[-155.4751,20.035],[-155.4739,20.0352],[-155.4722,20.0374],[-155.4719,20.0388],[-155.4695,20.0404],[-155.469,20.0417],[-155.4664,20.0447],[-155.4646,20.0474],[-155.4645,20.0491],[-155.4634,20.0501],[-155.464,20.0511],[-155.4639,20.0528],[-155.4626,20.0552],[-155.47,20.0572],[-155.4706,20.0567],[-155.4711,20.0575],[-155.474,20.0581],[-155.4756,20.059],[-155.4759,20.0576],[-155.4784,20.0537],[-155.4792,20.0538],[-155.4758,20.0636],[-155.475,20.0762],[-155.4732,20.0792],[-155.4725,20.0834],[-155.4714,20.085],[-155.4709,20.0913],[-155.4691,20.101]]]}},{"type":"Feature","properties":{"ahupuaa":"Kaihoʻonā","moku":"Kohala"},"geometry":{"type":"Polygon","coordinates":[[[-155.8119,20.1497],[-155.8123,20.151],[-155.8167,20.1508],[-155.8252,20.1471],[-155.8314,20.1454],[-155.8366,20.143],[-155.8424,20.1421],[-155.8445,20.1405],[-155.8468,20.137],[-155.8517,20.1327],[-155.8622,20.1206],[-155.8697,20.1147],[-155.8837,20.1063],[-155.8836,20.1054],[-155.8821,20.1044],[-155.8816,20.1048],[-155.8813,20.1035],[-155.8804,20.1037],[-155.8352,20.1398],[-155.8212,20.145],[-155.816,20.148],[-155.8119,20.1497]]]}},{"type":"Feature","properties":{"ahupuaa":"Koloaha, Kulihaʻi","moku":"Hāmākua"},"geometry":{"type":"Polygon","coordinates":[[[-155.4713,20.1017],[-155.4724,20.1033],[-155.4741,20.103],[-155.4753,20.1041],[-155.4776,20.1041],[-155.4794,20.1047],[-155.4798,20.1043],[-155.4796,20.1009],[-155.4803,20.0997],[-155.4802,20.0972],[-155.481,20.0952],[-155.4809,20.0925],[-155.4818,20.0914],[-155.4821,20.088],[-155.4846,20.0864],[-155.4851,20.0841],[-155.4871,20.0808],[-155.4872,20.0793],[-155.4881,20.0782],[-155.4881,20.0775],[-155.4908,20.0744],[-155.4908,20.0726],[-155.4914,20.072],[-155.4914,20.0709],[-155.4836,20.0703],[-155.4789,20.0674],[-155.4785,20.0695],[-155.4788,20.0721],[-155.4779,20.0736],[-155.4783,20.0762],[-155.4766,20.0792],[-155.4741,20.0872],[-155.4745,20.0887],[-155.4734,20.0919],[-155.4738,20.0935],[-155.4726,20.0941],[-155.4718,20.1006],[-155.4723,20.1011],[-155.4713,20.1017]]]}},{"type":"Feature","properties":{"ahupuaa":"Papaki","moku":"Hāmākua"},"geometry":{"type":"Polygon","coordinates":[[[-155.4812,20.1059],[-155.4821,20.1061],[-155.4881,20.0938],[-155.4884,20.0931],[-155.4878,20.0916],[-155.4854,20.093],[-155.4852,20.0942],[-155.4837,20.0968],[-155.4835,20.0987],[-155.4815,20.1018],[-155.4817,20.1025],[-155.481,20.1041],[-155.4812,20.1059]]]}},{"type":"Feature","properties":{"ahupuaa":"Au 1-2, Āhualoa","moku":"Hāmākua"},"geometry":{"type":"Polygon","coordinates":[[[-155.4821,20.1061],[-155.4852,20.1067],[-155.486,20.1062],[-155.4884,20.1074],[-155.4914,20.0946],[-155.4972,20.0805],[-155.499,20.0769],[-155.5047,20.071],[-155.5033,20.071],[-155.5011,20.0699],[-155.4913,20.0698],[-155.4916,20.0714],[-155.4908,20.0726],[-155.4908,20.0744],[-155.4881,20.0775],[-155.4881,20.0782],[-155.4872,20.0793],[-155.4871,20.0808],[-155.4851,20.0841],[-155.4846,20.0864],[-155.4823,20.0876],[-155.4818,20.0914],[-155.4809,20.0925],[-155.481,20.0952],[-155.4802,20.0972],[-155.4803,20.0997],[-155.4796,20.1009],[-155.4799,20.1033],[-155.4794,20.1047],[-155.4802,20.1058],[-155.481,20.1059],[-155.4817,20.1012],[-155.4835,20.0987],[-155.4837,20.0968],[-155.4852,20.0942],[-155.4854,20.093],[-155.4878,20.0916],[-155.4884,20.0931],[-155.4821,20.1061]]]}},{"type":"Feature","properties":{"ahupuaa":"Kuilei 1-2","moku":"Hāmākua"},"geometry":{"type":"Polygon","coordinates":[[[-155.4884,20.1074],[-155.4901,20.1077],[-155.4916,20.1087],[-155.492,20.1082],[-155.4932,20.104],[-155.4951,20.1009],[-155.495,20.0992],[-155.4962,20.0972],[-155.4985,20.0852],[-155.5047,20.071],[-155.499,20.0769],[-155.4972,20.0805],[-155.4914,20.0946],[-155.4884,20.1074]]]}},{"type":"Feature","properties":{"ahupuaa":"Kahuā 2","moku":"Kohala"},"geometry":{"type":"Polygon","coordinates":[[[-155.7447,20.1281],[-155.7668,20.1262],[-155.7734,20.1261],[-155.7752,20.127],[-155.7783,20.1298],[-155.7808,20.1304],[-155.7876,20.1333],[-155.7993,20.1317],[-155.8131,20.1252],[-155.8193,20.1169],[-155.822,20.1089],[-155.8319,20.0998],[-155.837,20.091],[-155.8479,20.0801],[-155.8557,20.0678],[-155.8541,20.0663],[-155.8542,20.0658],[-155.8533,20.0657],[-155.8495,20.0684],[-155.8162,20.0955],[-155.8118,20.0996],[-155.7928,20.1086],[-155.7893,20.1091],[-155.7858,20.111],[-155.7789,20.1112],[-155.7747,20.1101],[-155.7742,20.1105],[-155.7724,20.1102],[-155.7714,20.1095],[-155.7707,20.1097],[-155.7696,20.1088],[-155.7666,20.11],[-155.7633,20.115],[-155.7481,20.1196],[-155.749,20.1218],[-155.7479,20.1239],[-155.7452,20.1267],[-155.7447,20.1281]]]}},{"type":"Feature","properties":{"ahupuaa":"Kiʻiokalani","moku":"Kohala"},"geometry":{"type":"Polygon","coordinates":[[[-155.8067,20.1531],[-155.8071,20.1534],[-155.8111,20.1531],[-155.8109,20.1525],[-155.8189,20.1512],[-155.8252,20.1482],[-155.8358,20.1455],[-155.836,20.1462],[-155.8385,20.1457],[-155.8425,20.1441],[-155.8461,20.144],[-155.8543,20.1337],[-155.8631,20.1254],[-155.8671,20.1209],[-155.8836,20.107],[-155.8838,20.1063],[-155.8697,20.1147],[-155.8622,20.1206],[-155.8517,20.1327],[-155.8468,20.137],[-155.8445,20.1405],[-155.8424,20.1421],[-155.8366,20.143],[-155.8314,20.1454],[-155.8252,20.1471],[-155.8167,20.1508],[-155.8123,20.151],[-155.8084,20.152],[-155.8067,20.1531]]]}},{"type":"Feature","properties":{"ahupuaa":"Pōhakulua","moku":"Kohala"},"geometry":{"type":"Polygon","coordinates":[[[-155.7718,20.1493],[-155.7738,20.1514],[-155.7922,20.1562],[-155.8067,20.1531],[-155.8084,20.152],[-155.8123,20.151],[-155.8109,20.1482],[-155.8035,20.151],[-155.7954,20.1524],[-155.7838,20.1515],[-155.7831,20.1488],[-155.7741,20.1505],[-155.7718,20.1493]]]}},{"type":"Feature","properties":{"ahupuaa":"Makiloa, Pahinahina","moku":"Kohala"},"geometry":{"type":"Polygon","coordinates":[[[-155.8607,20.0749],[-155.8581,20.0798],[-155.8394,20.103],[-155.8334,20.1111],[-155.8275,20.1223],[-155.8185,20.1276],[-155.8144,20.1315],[-155.8029,20.1374],[-155.8004,20.1384],[-155.7906,20.1396],[-155.783,20.1445],[-155.7868,20.1435],[-155.79,20.1444],[-155.794,20.1442],[-155.8045,20.141],[-155.8124,20.1367],[-155.8237,20.1324],[-155.8235,20.1308],[-155.8325,20.1274],[-155.868,20.084],[-155.8675,20.0838],[-155.8681,20.0832],[-155.8675,20.0825],[-155.8675,20.0815],[-155.8661,20.0802],[-155.8654,20.0804],[-155.8654,20.0779],[-155.8645,20.0773],[-155.8647,20.0761],[-155.8641,20.0755],[-155.8631,20.0757],[-155.8621,20.0745],[-155.8607,20.0749]]]}},{"type":"Feature","properties":{"ahupuaa":"Puanui","moku":"Kohala"},"geometry":{"type":"Polygon","coordinates":[[[-155.7956,20.1555],[-155.7956,20.1567],[-155.8046,20.1544],[-155.818,20.1529],[-155.8474,20.1456],[-155.8837,20.1115],[-155.8827,20.1117],[-155.8821,20.1107],[-155.8828,20.1105],[-155.8826,20.1099],[-155.8831,20.1099],[-155.8827,20.1095],[-155.8553,20.1349],[-155.8465,20.144],[-155.826,20.1486],[-155.8172,20.1523],[-155.8091,20.1533],[-155.8067,20.1531],[-155.7956,20.1555]]]}},{"type":"Feature","properties":{"ahupuaa":"Kahuā 1","moku":"Kohala"},"geometry":{"type":"Polygon","coordinates":[[[-155.7652,20.1414],[-155.7746,20.1459],[-155.778,20.1458],[-155.783,20.1445],[-155.7906,20.1396],[-155.8004,20.1384],[-155.8144,20.1315],[-155.8185,20.1276],[-155.8275,20.1223],[-155.8334,20.1111],[-155.8394,20.103],[-155.8581,20.0798],[-155.8608,20.0747],[-155.8594,20.0744],[-155.8596,20.0739],[-155.8591,20.074],[-155.8587,20.0728],[-155.8582,20.0729],[-155.8585,20.0722],[-155.858,20.0722],[-155.8579,20.0712],[-155.8574,20.0714],[-155.856,20.07],[-155.8554,20.0687],[-155.8479,20.0801],[-155.837,20.091],[-155.8319,20.0998],[-155.822,20.1089],[-155.8193,20.1169],[-155.8131,20.1252],[-155.807,20.1284],[-155.7993,20.1317],[-155.7871,20.1333],[-155.7808,20.1304],[-155.7783,20.1298],[-155.7752,20.127],[-155.7734,20.1261],[-155.7668,20.1262],[-155.7447,20.1281],[-155.7448,20.1314],[-155.7435,20.1361],[-155.7652,20.1414]]]}},{"type":"Feature","properties":{"ahupuaa":"Pōhakulua, Ahulua","moku":"Kohala"},"geometry":{"type":"Polygon","coordinates":[[[-155.8109,20.1482],[-155.8119,20.1497],[-155.816,20.148],[-155.8212,20.145],[-155.8352,20.1398],[-155.8805,20.1037],[-155.8802,20.1033],[-155.8795,20.1035],[-155.8794,20.1027],[-155.8788,20.1026],[-155.8795,20.1022],[-155.8792,20.101],[-155.8787,20.101],[-155.8782,20.0997],[-155.8353,20.1361],[-155.8319,20.1373],[-155.8154,20.1457],[-155.8133,20.1473],[-155.8109,20.1482]]]}},{"type":"Feature","properties":{"ahupuaa":"Kalala 1-2, Kokiʻo","moku":"Kohala"},"geometry":{"type":"Polygon","coordinates":[[[-155.7656,20.1453],[-155.7741,20.1505],[-155.7831,20.1488],[-155.7838,20.1515],[-155.7954,20.1524],[-155.801,20.1516],[-155.8133,20.1473],[-155.8154,20.1457],[-155.8319,20.1373],[-155.8353,20.1361],[-155.8782,20.0998],[-155.8777,20.0995],[-155.8774,20.0986],[-155.878,20.0984],[-155.8765,20.0962],[-155.8764,20.0951],[-155.875,20.0948],[-155.8751,20.0931],[-155.8742,20.0931],[-155.8747,20.0915],[-155.8742,20.0908],[-155.8728,20.0904],[-155.8729,20.0896],[-155.872,20.0895],[-155.8724,20.0886],[-155.8711,20.0875],[-155.8716,20.0864],[-155.8708,20.0861],[-155.8708,20.0854],[-155.8701,20.0855],[-155.8698,20.0847],[-155.868,20.084],[-155.8325,20.1274],[-155.8235,20.1308],[-155.8237,20.1324],[-155.8124,20.1367],[-155.8045,20.141],[-155.794,20.1442],[-155.79,20.1444],[-155.7868,20.1435],[-155.778,20.1458],[-155.7746,20.1459],[-155.7652,20.1414],[-155.765,20.1433],[-155.7656,20.1453]]]}},{"type":"Feature","properties":{"ahupuaa":"Puaiki","moku":"Kohala"},"geometry":{"type":"Polygon","coordinates":[[[-155.8836,20.107],[-155.8671,20.1209],[-155.8631,20.1254],[-155.8543,20.1337],[-155.8461,20.144],[-155.8425,20.1441],[-155.8385,20.1457],[-155.836,20.1462],[-155.8358,20.1455],[-155.8252,20.1482],[-155.8189,20.1512],[-155.8109,20.1525],[-155.8111,20.1531],[-155.8172,20.1523],[-155.826,20.1486],[-155.8465,20.144],[-155.8553,20.1349],[-155.8828,20.1095],[-155.8824,20.1093],[-155.8836,20.107]]]}},{"type":"Feature","properties":{"ahupuaa":"Kehena 2","moku":"Kohala"},"geometry":{"type":"Polygon","coordinates":[[[-155.7446,20.1636],[-155.7621,20.1646],[-155.7636,20.1622],[-155.7672,20.1626],[-155.7682,20.1639],[-155.7752,20.1638],[-155.7752,20.1645],[-155.7761,20.1646],[-155.7771,20.1634],[-155.7807,20.1632],[-155.8014,20.1592],[-155.8126,20.1552],[-155.8204,20.1545],[-155.8285,20.1526],[-155.8324,20.1509],[-155.8326,20.1519],[-155.8369,20.1513],[-155.8402,20.1501],[-155.8494,20.1485],[-155.8873,20.1202],[-155.8866,20.1197],[-155.8866,20.1189],[-155.8875,20.1185],[-155.8874,20.1178],[-155.8862,20.117],[-155.8852,20.1171],[-155.8851,20.1163],[-155.8844,20.1162],[-155.8848,20.115],[-155.8837,20.1144],[-155.8853,20.1129],[-155.8829,20.1131],[-155.8828,20.1126],[-155.8838,20.1118],[-155.8838,20.1115],[-155.8835,20.1116],[-155.8474,20.1456],[-155.819,20.1527],[-155.8046,20.1544],[-155.7956,20.1567],[-155.7956,20.1555],[-155.7922,20.1562],[-155.7738,20.1514],[-155.7711,20.1486],[-155.7656,20.1453],[-155.765,20.1433],[-155.7652,20.1414],[-155.7435,20.1361],[-155.7426,20.1393],[-155.7417,20.1405],[-155.7421,20.1417],[-155.7408,20.1452],[-155.7392,20.1475],[-155.7368,20.1496],[-155.7342,20.1564],[-155.733,20.1581],[-155.7362,20.1584],[-155.7375,20.1599],[-155.739,20.1571],[-155.7394,20.1546],[-155.7421,20.1494],[-155.7435,20.1483],[-155.7449,20.1478],[-155.746,20.148],[-155.7473,20.1488],[-155.7475,20.1502],[-155.7454,20.1548],[-155.7458,20.1599],[-155.7446,20.1636]]]}},{"type":"Feature","properties":{"ahupuaa":"Kehena 1, Kipi","moku":"Kohala"},"geometry":{"type":"Polygon","coordinates":[[[-155.7827,20.1655],[-155.784,20.1668],[-155.7857,20.1669],[-155.7907,20.1638],[-155.798,20.1641],[-155.8045,20.1635],[-155.8148,20.1607],[-155.8197,20.1586],[-155.824,20.1583],[-155.8308,20.1567],[-155.8384,20.1568],[-155.8454,20.1548],[-155.8902,20.1231],[-155.8901,20.1227],[-155.8888,20.122],[-155.8886,20.1211],[-155.8872,20.1202],[-155.8494,20.1485],[-155.8402,20.1501],[-155.8369,20.1513],[-155.8326,20.1519],[-155.8324,20.1509],[-155.8285,20.1526],[-155.8204,20.1545],[-155.8126,20.1552],[-155.8014,20.1592],[-155.7783,20.1635],[-155.7827,20.1655]]]}},{"type":"Feature","properties":{"ahupuaa":"Kaupalaoa","moku":"Kohala"},"geometry":{"type":"Polygon","coordinates":[[[-155.7857,20.1669],[-155.7867,20.1685],[-155.7919,20.1676],[-155.8006,20.1684],[-155.8109,20.1662],[-155.8145,20.1633],[-155.8174,20.1618],[-155.8307,20.1594],[-155.8375,20.1588],[-155.8477,20.1568],[-155.8917,20.1257],[-155.8915,20.1242],[-155.8902,20.1231],[-155.8454,20.1548],[-155.8384,20.1568],[-155.8308,20.1567],[-155.824,20.1583],[-155.8197,20.1586],[-155.8148,20.1607],[-155.8045,20.1635],[-155.798,20.1641],[-155.7907,20.1638],[-155.7857,20.1669]]]}},{"type":"Feature","properties":{"ahupuaa":"Māhukona, Hihiu, K","moku":"Kohala"},"geometry":{"type":"Polygon","coordinates":[[[-155.8331,20.1941],[-155.8327,20.1963],[-155.8392,20.197],[-155.8718,20.1944],[-155.9023,20.1886],[-155.9032,20.1882],[-155.9035,20.1871],[-155.9024,20.1867],[-155.9016,20.1845],[-155.9003,20.1838],[-155.9009,20.1837],[-155.902,20.1819],[-155.9022,20.1802],[-155.9013,20.1793],[-155.881,20.183],[-155.8723,20.1859],[-155.863,20.1865],[-155.8469,20.1885],[-155.8387,20.1906],[-155.8395,20.193],[-155.8331,20.1941]]]}},{"type":"Feature","properties":{"ahupuaa":"Kaiholena","moku":"Kohala"},"geometry":{"type":"Polygon","coordinates":[[[-155.7857,20.1708],[-155.7909,20.1718],[-155.804,20.1755],[-155.8221,20.1723],[-155.825,20.1707],[-155.825,20.1703],[-155.8273,20.1699],[-155.8314,20.1682],[-155.8494,20.1655],[-155.8525,20.1645],[-155.8647,20.158],[-155.88,20.1526],[-155.8958,20.1452],[-155.896,20.1427],[-155.8943,20.1396],[-155.8929,20.1389],[-155.8926,20.1374],[-155.8931,20.1369],[-155.8931,20.1355],[-155.8911,20.1317],[-155.8916,20.1304],[-155.8813,20.1367],[-155.8725,20.143],[-155.8521,20.1546],[-155.8484,20.1588],[-155.843,20.1604],[-155.8321,20.1615],[-155.8277,20.1631],[-155.8197,20.1644],[-155.8154,20.1661],[-155.8109,20.1662],[-155.8006,20.1684],[-155.7919,20.1676],[-155.7875,20.1683],[-155.7867,20.1685],[-155.7857,20.1708]]]}},{"type":"Feature","properties":{"ahupuaa":"Nunuluiki","moku":"Kohala"},"geometry":{"type":"Polygon","coordinates":[[[-155.7976,20.1968],[-155.8041,20.1974],[-155.8034,20.194],[-155.8038,20.1916],[-155.8,20.1809],[-155.7942,20.1804],[-155.7925,20.1788],[-155.7908,20.1798],[-155.7894,20.1797],[-155.7901,20.181],[-155.7895,20.1827],[-155.7923,20.1834],[-155.793,20.1853],[-155.7929,20.1865],[-155.7953,20.1876],[-155.7962,20.1885],[-155.7976,20.1968]]]}},{"type":"Feature","properties":{"ahupuaa":"Kamano","moku":"Kohala"},"geometry":{"type":"Polygon","coordinates":[[[-155.8392,20.197],[-155.8396,20.1986],[-155.852,20.1976],[-155.8723,20.1968],[-155.903,20.1917],[-155.9018,20.1888],[-155.9022,20.1885],[-155.8718,20.1944],[-155.8392,20.197]]]}},{"type":"Feature","properties":{"ahupuaa":"Kaipuhaʻa, Lamaloloa","moku":"Kohala"},"geometry":{"type":"Polygon","coordinates":[[[-155.8,20.1809],[-155.8046,20.1832],[-155.8093,20.1823],[-155.82,20.1822],[-155.8224,20.1784],[-155.8264,20.1788],[-155.8289,20.178],[-155.8331,20.1832],[-155.8557,20.1772],[-155.8598,20.1757],[-155.8639,20.1762],[-155.8684,20.1755],[-155.8852,20.171],[-155.9,20.1629],[-155.8989,20.1622],[-155.8985,20.1605],[-155.8988,20.1587],[-155.8981,20.1575],[-155.8983,20.1561],[-155.8974,20.1529],[-155.8952,20.1508],[-155.8953,20.1473],[-155.8965,20.1456],[-155.8957,20.1452],[-155.88,20.1526],[-155.8647,20.158],[-155.8525,20.1645],[-155.8431,20.1667],[-155.84,20.1667],[-155.8314,20.1682],[-155.8273,20.1699],[-155.825,20.1703],[-155.825,20.1707],[-155.8221,20.1723],[-155.804,20.1755],[-155.7909,20.1718],[-155.7857,20.1708],[-155.7896,20.1732],[-155.7904,20.177],[-155.7942,20.1804],[-155.8,20.1809]]]}},{"type":"Feature","properties":{"ahupuaa":"Puʻukole, Koea, Lapakahi","moku":"Kohala"},"geometry":{"type":"Polygon","coordinates":[[[-155.8331,20.1832],[-155.8381,20.1891],[-155.8387,20.1906],[-155.8469,20.1885],[-155.863,20.1865],[-155.8723,20.1859],[-155.881,20.183],[-155.9013,20.1793],[-155.9009,20.179],[-155.9005,20.1775],[-155.9008,20.177],[-155.9004,20.177],[-155.8998,20.1741],[-155.901,20.1734],[-155.901,20.1723],[-155.9016,20.1718],[-155.8998,20.1696],[-155.8995,20.1664],[-155.9004,20.1639],[-155.8999,20.1629],[-155.8852,20.171],[-155.8684,20.1755],[-155.8639,20.1762],[-155.8598,20.1757],[-155.8557,20.1772],[-155.8331,20.1832]]]}},{"type":"Feature","properties":{"ahupuaa":"Pololū","moku":"Kohala"},"geometry":{"type":"Polygon","coordinates":[[[-155.7285,20.2014],[-155.7307,20.2033],[-155.7313,20.2056],[-155.7355,20.203],[-155.7361,20.2019],[-155.7379,20.2005],[-155.7376,20.1997],[-155.7391,20.1968],[-155.7392,20.1932],[-155.7418,20.1906],[-155.7421,20.1897],[-155.7437,20.1885],[-155.7438,20.1849],[-155.7429,20.1851],[-155.7452,20.1725],[-155.7463,20.1636],[-155.7446,20.1636],[-155.7458,20.1599],[-155.7453,20.1554],[-155.7475,20.1502],[-155.7473,20.1488],[-155.746,20.148],[-155.7449,20.1478],[-155.7435,20.1483],[-155.7421,20.1494],[-155.7394,20.1546],[-155.739,20.1571],[-155.7375,20.1599],[-155.7362,20.1584],[-155.733,20.1581],[-155.7313,20.16],[-155.7305,20.1618],[-155.7301,20.1699],[-155.7287,20.1719],[-155.7285,20.1732],[-155.7287,20.1762],[-155.7306,20.181],[-155.7284,20.1831],[-155.7294,20.185],[-155.7295,20.1868],[-155.7292,20.1908],[-155.7284,20.1928],[-155.7289,20.1954],[-155.7282,20.1987],[-155.7285,20.2014]]]}},{"type":"Feature","properties":{"ahupuaa":"Nunulunui","moku":"Kohala"},"geometry":{"type":"Polygon","coordinates":[[[-155.8166,20.2057],[-155.8177,20.2069],[-155.8198,20.2076],[-155.8199,20.2057],[-155.824,20.201],[-155.8278,20.1972],[-155.8331,20.1941],[-155.829,20.1947],[-155.8255,20.1921],[-155.8237,20.1836],[-155.8237,20.1786],[-155.8224,20.1784],[-155.82,20.1822],[-155.8117,20.1823],[-155.8137,20.1955],[-155.8118,20.2049],[-155.8166,20.2057]]]}},{"type":"Feature","properties":{"ahupuaa":"Kapunapuna","moku":"Kohala"},"geometry":{"type":"Polygon","coordinates":[[[-155.8552,20.2033],[-155.8557,20.206],[-155.8643,20.2066],[-155.8775,20.2084],[-155.8875,20.209],[-155.9017,20.209],[-155.9013,20.2077],[-155.9018,20.2059],[-155.8993,20.2056],[-155.8812,20.2039],[-155.8707,20.2044],[-155.8594,20.2031],[-155.8552,20.2033]]]}},{"type":"Feature","properties":{"ahupuaa":"Makanikahio 1-2, Auau","moku":"Kohala"},"geometry":{"type":"Polygon","coordinates":[[[-155.7313,20.2056],[-155.7332,20.2108],[-155.735,20.2096],[-155.7398,20.2011],[-155.7408,20.2001],[-155.7463,20.1818],[-155.7468,20.1734],[-155.7482,20.1636],[-155.7463,20.1636],[-155.7461,20.1646],[-155.7452,20.1725],[-155.7429,20.1851],[-155.7438,20.1849],[-155.7437,20.1885],[-155.7421,20.1897],[-155.7418,20.1906],[-155.7392,20.1932],[-155.7391,20.1968],[-155.7376,20.1997],[-155.7379,20.2005],[-155.7361,20.2019],[-155.7355,20.203],[-155.7313,20.2056]]]}},{"type":"Feature","properties":{"ahupuaa":"Awalua","moku":"Kohala"},"geometry":{"type":"Polygon","coordinates":[[[-155.901,20.2167],[-155.9017,20.2163],[-155.9021,20.2141],[-155.9028,20.2138],[-155.9032,20.2128],[-155.9019,20.2117],[-155.9016,20.2104],[-155.8881,20.211],[-155.8715,20.2093],[-155.8636,20.208],[-155.8524,20.2077],[-155.8523,20.211],[-155.8579,20.2121],[-155.8679,20.212],[-155.8828,20.2133],[-155.901,20.2167]]]}},{"type":"Feature","properties":{"ahupuaa":"Makapala, Niuliʻi","moku":"Kohala"},"geometry":{"type":"Polygon","coordinates":[[[-155.7332,20.2108],[-155.7334,20.2122],[-155.7321,20.2131],[-155.7307,20.2161],[-155.7309,20.2199],[-155.732,20.2198],[-155.733,20.2185],[-155.7337,20.2183],[-155.7338,20.2189],[-155.7332,20.2194],[-155.7346,20.2199],[-155.7355,20.221],[-155.7367,20.2204],[-155.7372,20.2213],[-155.7387,20.2221],[-155.7397,20.2235],[-155.7395,20.225],[-155.7442,20.2293],[-155.7461,20.2273],[-155.7481,20.2268],[-155.7487,20.2274],[-155.7484,20.23],[-155.7493,20.2298],[-155.7501,20.2305],[-155.7542,20.2258],[-155.7535,20.2245],[-155.7546,20.224],[-155.7549,20.2233],[-155.7538,20.2229],[-155.7535,20.2211],[-155.7541,20.2204],[-155.7547,20.2207],[-155.7546,20.2191],[-155.7562,20.216],[-155.7566,20.2155],[-155.7575,20.2157],[-155.7569,20.2133],[-155.7556,20.2124],[-155.7558,20.2115],[-155.7578,20.2115],[-155.7579,20.2085],[-155.759,20.2072],[-155.7589,20.2064],[-155.7603,20.2053],[-155.7606,20.204],[-155.762,20.2034],[-155.7633,20.2019],[-155.7637,20.2006],[-155.7647,20.2004],[-155.7653,20.1981],[-155.7663,20.1967],[-155.7666,20.1949],[-155.768,20.1939],[-155.7681,20.1931],[-155.7695,20.1924],[-155.7692,20.1917],[-155.7699,20.1898],[-155.7698,20.1872],[-155.7689,20.1854],[-155.7688,20.184],[-155.7693,20.181],[-155.7691,20.1789],[-155.7696,20.1778],[-155.7694,20.1763],[-155.7689,20.1758],[-155.7697,20.1733],[-155.7691,20.1728],[-155.7689,20.1715],[-155.7702,20.1693],[-155.7686,20.1655],[-155.7691,20.1639],[-155.7682,20.1639],[-155.7672,20.1626],[-155.7636,20.1622],[-155.7621,20.1646],[-155.7482,20.1636],[-155.7468,20.1734],[-155.7466,20.18],[-155.746,20.1831],[-155.7451,20.1848],[-155.7444,20.1891],[-155.7408,20.2001],[-155.7398,20.2011],[-155.735,20.2096],[-155.7332,20.2108]]]}},{"type":"Feature","properties":{"ahupuaa":"ʻĀʻamakaō","moku":"Kohala"},"geometry":{"type":"Polygon","coordinates":[[[-155.7501,20.2305],[-155.7523,20.2293],[-155.7541,20.2268],[-155.756,20.2265],[-155.7582,20.2251],[-155.7589,20.2254],[-155.759,20.2242],[-155.7607,20.224],[-155.7611,20.2223],[-155.7631,20.222],[-155.7632,20.2215],[-155.7625,20.2207],[-155.7643,20.22],[-155.7645,20.2195],[-155.7647,20.2168],[-155.7642,20.216],[-155.7653,20.2139],[-155.7653,20.2111],[-155.7671,20.2085],[-155.767,20.2078],[-155.7679,20.2072],[-155.7677,20.2067],[-155.7693,20.2054],[-155.7715,20.2047],[-155.7719,20.2035],[-155.7736,20.2017],[-155.775,20.2009],[-155.7764,20.201],[-155.7778,20.199],[-155.7784,20.1958],[-155.7775,20.1945],[-155.7774,20.1928],[-155.7761,20.1915],[-155.777,20.1885],[-155.7783,20.1876],[-155.7784,20.1843],[-155.7775,20.183],[-155.7784,20.1822],[-155.7781,20.1814],[-155.7784,20.1799],[-155.7796,20.1794],[-155.779,20.1782],[-155.7791,20.1766],[-155.7801,20.1763],[-155.7806,20.1756],[-155.7822,20.1717],[-155.781,20.1702],[-155.7813,20.1682],[-155.7825,20.167],[-155.7822,20.1658],[-155.7827,20.1655],[-155.782,20.1649],[-155.7776,20.1634],[-155.7771,20.1634],[-155.7761,20.1646],[-155.7752,20.1645],[-155.7752,20.1638],[-155.7691,20.1639],[-155.7686,20.1655],[-155.7702,20.1693],[-155.7689,20.1715],[-155.7691,20.1728],[-155.7697,20.1733],[-155.7689,20.1758],[-155.7694,20.1763],[-155.7696,20.1778],[-155.7691,20.1789],[-155.7693,20.181],[-155.7688,20.184],[-155.7689,20.1854],[-155.7698,20.1872],[-155.7699,20.1898],[-155.7692,20.1917],[-155.7695,20.1924],[-155.7681,20.1931],[-155.768,20.1939],[-155.7666,20.1949],[-155.7663,20.1967],[-155.7653,20.1981],[-155.7647,20.2004],[-155.7637,20.2006],[-155.7633,20.2019],[-155.762,20.2034],[-155.7606,20.204],[-155.7603,20.2053],[-155.7589,20.2064],[-155.759,20.2072],[-155.7579,20.2085],[-155.7578,20.2115],[-155.7558,20.2115],[-155.7556,20.2124],[-155.7569,20.2133],[-155.7575,20.2157],[-155.7566,20.2155],[-155.7562,20.216],[-155.7546,20.2191],[-155.7547,20.2207],[-155.7541,20.2204],[-155.7535,20.2211],[-155.7538,20.2229],[-155.7549,20.2233],[-155.7546,20.224],[-155.7535,20.2245],[-155.7542,20.2258],[-155.7501,20.2305]]]}},{"type":"Feature","properties":{"ahupuaa":"Kukuipahu","moku":"Kohala"},"geometry":{"type":"Polygon","coordinates":[[[-155.8935,20.2357],[-155.8964,20.2368],[-155.8965,20.2348],[-155.8973,20.2347],[-155.8972,20.234],[-155.8983,20.2328],[-155.8982,20.2317],[-155.8996,20.2301],[-155.8991,20.2296],[-155.8996,20.229],[-155.8989,20.2278],[-155.8992,20.2275],[-155.8984,20.227],[-155.8992,20.2254],[-155.8988,20.2242],[-155.9,20.2229],[-155.8999,20.2221],[-155.9011,20.2203],[-155.9005,20.2198],[-155.9008,20.2191],[-155.9004,20.2186],[-155.9012,20.2168],[-155.8828,20.2133],[-155.8679,20.212],[-155.8579,20.2121],[-155.8523,20.211],[-155.8506,20.2111],[-155.8417,20.2089],[-155.8414,20.2163],[-155.8426,20.2219],[-155.8472,20.2225],[-155.8576,20.2215],[-155.8649,20.225],[-155.8692,20.2281],[-155.8799,20.2325],[-155.8836,20.2345],[-155.8856,20.2344],[-155.8935,20.2357]]]}},{"type":"Feature","properties":{"ahupuaa":"Pāhoehoe A 1-4, Mau","moku":"Kona"},"geometry":{"type":"Polygon","coordinates":[[[-155.8129,19.3319],[-155.862,19.3431],[-155.8794,19.3435],[-155.8826,19.3432],[-155.884,19.3438],[-155.886,19.3438],[-155.8861,19.3404],[-155.8854,19.3398],[-155.8848,19.3372],[-155.8849,19.3351],[-155.8841,19.3327],[-155.8856,19.331],[-155.8851,19.3296],[-155.8858,19.3274],[-155.8872,19.3267],[-155.8881,19.3255],[-155.889,19.3256],[-155.8888,19.3252],[-155.8896,19.3249],[-155.8892,19.3243],[-155.8901,19.3242],[-155.8898,19.3225],[-155.8903,19.3216],[-155.889,19.3214],[-155.8788,19.324],[-155.8623,19.324],[-155.8129,19.3319]]]}},{"type":"Feature","properties":{"ahupuaa":"Honokua","moku":"Kona"},"geometry":{"type":"Polygon","coordinates":[[[-155.7902,19.3267],[-155.785,19.3632],[-155.8598,19.3621],[-155.8839,19.356],[-155.8905,19.3556],[-155.889,19.3539],[-155.8892,19.3528],[-155.8897,19.3525],[-155.8891,19.3524],[-155.8892,19.3508],[-155.8873,19.3485],[-155.8874,19.3476],[-155.8858,19.3448],[-155.886,19.3438],[-155.884,19.3438],[-155.8826,19.3432],[-155.8794,19.3435],[-155.862,19.3431],[-155.7902,19.3267]]]}},{"type":"Feature","properties":{"ahupuaa":"Waiea","moku":"Kona"},"geometry":{"type":"Polygon","coordinates":[[[-155.785,19.3632],[-155.8593,19.3738],[-155.8705,19.3746],[-155.8747,19.3737],[-155.8778,19.3736],[-155.8862,19.3716],[-155.8947,19.3681],[-155.8935,19.3651],[-155.892,19.3637],[-155.8922,19.362],[-155.8914,19.362],[-155.891,19.3612],[-155.8905,19.3593],[-155.8912,19.3585],[-155.8909,19.3572],[-155.8903,19.3569],[-155.8908,19.3563],[-155.8905,19.3556],[-155.8839,19.356],[-155.8598,19.3621],[-155.785,19.3632]]]}},{"type":"Feature","properties":{"ahupuaa":"Kalāhiki","moku":"Kona"},"geometry":{"type":"Polygon","coordinates":[[[-155.785,19.3632],[-155.862,19.3895],[-155.8609,19.3841],[-155.8775,19.3824],[-155.8833,19.3804],[-155.896,19.3771],[-155.8954,19.3757],[-155.8969,19.3736],[-155.8961,19.3718],[-155.897,19.3715],[-155.8974,19.3706],[-155.8946,19.3684],[-155.8862,19.3716],[-155.8778,19.3736],[-155.8747,19.3737],[-155.8705,19.3746],[-155.8611,19.374],[-155.785,19.3632]]]}},{"type":"Feature","properties":{"ahupuaa":"Kauhakō","moku":"Kona"},"geometry":{"type":"Polygon","coordinates":[[[-155.862,19.3895],[-155.8723,19.39],[-155.883,19.3882],[-155.8939,19.3839],[-155.8992,19.3814],[-155.9005,19.3801],[-155.897,19.379],[-155.896,19.3771],[-155.8833,19.3804],[-155.8775,19.3824],[-155.8609,19.3841],[-155.862,19.3895]]]}},{"type":"Feature","properties":{"ahupuaa":"Hoʻokena","moku":"Kona"},"geometry":{"type":"Polygon","coordinates":[[[-155.7812,19.3904],[-155.8619,19.3957],[-155.8874,19.3911],[-155.8956,19.3874],[-155.9015,19.382],[-155.9005,19.3802],[-155.8992,19.3814],[-155.8926,19.3845],[-155.8816,19.3885],[-155.8723,19.39],[-155.862,19.3895],[-155.785,19.3632],[-155.7812,19.3904]]]}},{"type":"Feature","properties":{"ahupuaa":"Keālia 2","moku":"Kona"},"geometry":{"type":"Polygon","coordinates":[[[-155.779,19.3974],[-155.8627,19.4006],[-155.8805,19.3965],[-155.8858,19.3936],[-155.8938,19.3912],[-155.902,19.3897],[-155.9011,19.3876],[-155.9011,19.3868],[-155.902,19.3865],[-155.902,19.386],[-155.9014,19.3845],[-155.9017,19.3842],[-155.9013,19.3839],[-155.9013,19.3823],[-155.8956,19.3874],[-155.8874,19.3911],[-155.8619,19.3957],[-155.7812,19.3904],[-155.779,19.3974]]]}},{"type":"Feature","properties":{"ahupuaa":"Awakeʻe","moku":"Kona"},"geometry":{"type":"Polygon","coordinates":[[[-155.972,19.7527],[-155.9778,19.7579],[-156.0071,19.7986],[-156.0107,19.8022],[-156.0136,19.8038],[-156.0138,19.803],[-156.0147,19.8027],[-156.0154,19.8016],[-156.0173,19.8017],[-156.0174,19.8008],[-156.0186,19.7999],[-156.0187,19.7993],[-156.0205,19.7983],[-156.0217,19.7959],[-156.0223,19.7959],[-156.0227,19.7965],[-156.0229,19.7961],[-156.0259,19.7955],[-156.005,19.7744],[-156.0012,19.7713],[-155.9921,19.7641],[-155.9861,19.7614],[-155.972,19.7527]]]}},{"type":"Feature","properties":{"ahupuaa":"Kauleolī 1-2","moku":"Kona"},"geometry":{"type":"Polygon","coordinates":[[[-155.9101,19.4005],[-155.8949,19.4005],[-155.8807,19.4021],[-155.8683,19.4072],[-155.8675,19.408],[-155.8818,19.4054],[-155.8845,19.4058],[-155.888,19.4051],[-155.8971,19.4071],[-155.9025,19.4073],[-155.9068,19.4067],[-155.9065,19.4057],[-155.9071,19.4042],[-155.9084,19.4034],[-155.9087,19.4021],[-155.9101,19.4005]]]}},{"type":"Feature","properties":{"ahupuaa":"Kiʻilae","moku":"Kona"},"geometry":{"type":"Polygon","coordinates":[[[-155.7532,19.4064],[-155.7709,19.4449],[-155.7713,19.4471],[-155.8648,19.4135],[-155.8807,19.4124],[-155.8917,19.4128],[-155.9049,19.4103],[-155.9054,19.41],[-155.9054,19.4087],[-155.9066,19.4077],[-155.9068,19.4067],[-155.9025,19.4073],[-155.8971,19.4071],[-155.888,19.4051],[-155.8845,19.4058],[-155.8818,19.4054],[-155.7834,19.4223],[-155.7532,19.4064]]]}},{"type":"Feature","properties":{"ahupuaa":"Keālia 1","moku":"Kona"},"geometry":{"type":"Polygon","coordinates":[[[-155.7532,19.4064],[-155.7834,19.4223],[-155.8671,19.4081],[-155.8683,19.4072],[-155.8807,19.4021],[-155.8949,19.4005],[-155.9101,19.4005],[-155.9112,19.398],[-155.9107,19.3978],[-155.9105,19.3969],[-155.9109,19.3966],[-155.9099,19.3958],[-155.9092,19.3937],[-155.9079,19.3924],[-155.9075,19.391],[-155.9058,19.3892],[-155.9038,19.3883],[-155.902,19.3865],[-155.9011,19.3868],[-155.902,19.3897],[-155.8938,19.3912],[-155.8858,19.3936],[-155.8805,19.3965],[-155.8627,19.4006],[-155.779,19.3974],[-155.7585,19.3983],[-155.7544,19.3986],[-155.7532,19.4064]]]}},{"type":"Feature","properties":{"ahupuaa":"Kēōkea","moku":"Kona"},"geometry":{"type":"Polygon","coordinates":[[[-155.7713,19.4471],[-155.7719,19.4505],[-155.7768,19.4576],[-155.8656,19.4255],[-155.8837,19.4226],[-155.9065,19.4197],[-155.9127,19.4181],[-155.9127,19.4176],[-155.9105,19.4161],[-155.9094,19.4162],[-155.9079,19.4149],[-155.9075,19.4153],[-155.9068,19.415],[-155.9058,19.4127],[-155.9064,19.4123],[-155.9058,19.4115],[-155.9053,19.4117],[-155.9049,19.4103],[-155.8917,19.4128],[-155.8807,19.4124],[-155.8648,19.4135],[-155.7713,19.4471]]]}},{"type":"Feature","properties":{"ahupuaa":"Hōnaunau","moku":"Kona"},"geometry":{"type":"Polygon","coordinates":[[[-155.8656,19.4255],[-155.7768,19.4576],[-155.7852,19.4697],[-155.8698,19.4446],[-155.8903,19.4416],[-155.9148,19.4347],[-155.9207,19.4336],[-155.9209,19.433],[-155.9206,19.4331],[-155.9207,19.4321],[-155.92,19.4314],[-155.9202,19.4309],[-155.9196,19.4301],[-155.9192,19.4278],[-155.918,19.4274],[-155.918,19.4269],[-155.9173,19.4266],[-155.9174,19.426],[-155.9169,19.426],[-155.9172,19.4257],[-155.9144,19.4255],[-155.9119,19.4246],[-155.9115,19.4238],[-155.9117,19.4226],[-155.9109,19.4227],[-155.9114,19.4222],[-155.9113,19.4215],[-155.9133,19.4217],[-155.9139,19.4205],[-155.9144,19.4204],[-155.9141,19.4195],[-155.9128,19.4192],[-155.9127,19.4181],[-155.9065,19.4197],[-155.8837,19.4226],[-155.8656,19.4255]]]}},{"type":"Feature","properties":{"ahupuaa":"Keʻei 1","moku":"Kona"},"geometry":{"type":"Polygon","coordinates":[[[-155.8762,19.465],[-155.8845,19.4746],[-155.8942,19.4684],[-155.8995,19.4665],[-155.9162,19.4651],[-155.9225,19.4655],[-155.923,19.4643],[-155.9235,19.4643],[-155.9245,19.463],[-155.9254,19.4606],[-155.9179,19.4574],[-155.9123,19.4573],[-155.906,19.4582],[-155.8958,19.4574],[-155.8901,19.4591],[-155.8762,19.465]]]}},{"type":"Feature","properties":{"ahupuaa":"Keʻei 2","moku":"Kona"},"geometry":{"type":"Polygon","coordinates":[[[-155.8698,19.4446],[-155.7852,19.4697],[-155.7913,19.4785],[-155.8762,19.465],[-155.8901,19.4591],[-155.8958,19.4574],[-155.903,19.4582],[-155.9123,19.4573],[-155.9179,19.4574],[-155.9254,19.4606],[-155.9271,19.4596],[-155.9278,19.46],[-155.9272,19.4596],[-155.9283,19.4593],[-155.9262,19.4573],[-155.9256,19.4573],[-155.9255,19.4574],[-155.9257,19.4576],[-155.9256,19.4577],[-155.9243,19.4572],[-155.9241,19.4563],[-155.9232,19.4557],[-155.9219,19.4533],[-155.9218,19.4511],[-155.9214,19.4506],[-155.9226,19.4486],[-155.922,19.448],[-155.9223,19.4475],[-155.921,19.4467],[-155.9205,19.4449],[-155.9205,19.444],[-155.9209,19.4439],[-155.9205,19.4438],[-155.9202,19.4425],[-155.921,19.4406],[-155.9208,19.4391],[-155.9216,19.4382],[-155.9214,19.4374],[-155.9218,19.4373],[-155.9207,19.4336],[-155.9148,19.4347],[-155.8903,19.4416],[-155.8698,19.4446]]]}},{"type":"Feature","properties":{"ahupuaa":"Kahauloa 2","moku":"Kona"},"geometry":{"type":"Polygon","coordinates":[[[-155.7957,19.4847],[-155.8765,19.4922],[-155.879,19.4861],[-155.8837,19.4817],[-155.891,19.4776],[-155.8984,19.472],[-155.9047,19.4696],[-155.9093,19.4689],[-155.9162,19.4689],[-155.9187,19.4697],[-155.9216,19.4691],[-155.9222,19.4684],[-155.9216,19.4681],[-155.922,19.4674],[-155.9217,19.4672],[-155.9227,19.4659],[-155.9225,19.4655],[-155.9162,19.4651],[-155.8995,19.4665],[-155.8942,19.4684],[-155.8845,19.4746],[-155.8762,19.465],[-155.7913,19.4785],[-155.7957,19.4847]]]}},{"type":"Feature","properties":{"ahupuaa":"Kealakekua, Kīloa 1","moku":"Kona"},"geometry":{"type":"Polygon","coordinates":[[[-155.8097,19.5239],[-155.8189,19.528],[-155.8273,19.5243],[-155.8338,19.5269],[-155.8733,19.5023],[-155.877,19.5009],[-155.8924,19.5012],[-155.9167,19.4901],[-155.9251,19.4848],[-155.928,19.4819],[-155.9214,19.4786],[-155.9198,19.4766],[-155.9199,19.4743],[-155.9187,19.4723],[-155.9209,19.471],[-155.9212,19.4715],[-155.9224,19.4712],[-155.9228,19.4701],[-155.9212,19.4692],[-155.9187,19.4697],[-155.9162,19.4689],[-155.9093,19.4689],[-155.9047,19.4696],[-155.8984,19.472],[-155.891,19.4776],[-155.8837,19.4817],[-155.879,19.4861],[-155.8765,19.4922],[-155.7972,19.4849],[-155.7827,19.4818],[-155.769,19.4827],[-155.7613,19.4927],[-155.7593,19.5],[-155.7613,19.5063],[-155.7629,19.5256],[-155.7788,19.5221],[-155.7862,19.5226],[-155.7939,19.5219],[-155.8018,19.5222],[-155.8097,19.5239]]]}},{"type":"Feature","properties":{"ahupuaa":"Keʻekeʻe 1-2, Kanakau","moku":"Kona"},"geometry":{"type":"Polygon","coordinates":[[[-155.847,19.5243],[-155.8506,19.5228],[-155.8506,19.5227],[-155.8514,19.5264],[-155.8597,19.5232],[-155.8686,19.5215],[-155.8827,19.5203],[-155.8883,19.5191],[-155.8963,19.5144],[-155.8982,19.5196],[-155.8971,19.5235],[-155.9068,19.5223],[-155.9187,19.5189],[-155.9225,19.5195],[-155.9303,19.5182],[-155.9307,19.5175],[-155.9386,19.5149],[-155.9429,19.5142],[-155.9549,19.5107],[-155.9543,19.51],[-155.9545,19.5092],[-155.9532,19.5084],[-155.9529,19.5075],[-155.9515,19.5072],[-155.9509,19.5066],[-155.9513,19.5047],[-155.9522,19.5043],[-155.9519,19.5035],[-155.9511,19.5037],[-155.9513,19.5024],[-155.9504,19.5017],[-155.9505,19.4993],[-155.9498,19.498],[-155.9501,19.4976],[-155.9491,19.4974],[-155.9491,19.4969],[-155.9479,19.4961],[-155.9488,19.4944],[-155.9485,19.4929],[-155.9499,19.4909],[-155.9502,19.4882],[-155.9508,19.4872],[-155.9503,19.486],[-155.9492,19.4854],[-155.9487,19.4838],[-155.9467,19.4838],[-155.9463,19.4832],[-155.9425,19.4839],[-155.9425,19.4835],[-155.941,19.4831],[-155.9411,19.4827],[-155.9405,19.483],[-155.9407,19.4824],[-155.9401,19.4822],[-155.9404,19.4818],[-155.9391,19.4809],[-155.9354,19.4857],[-155.9287,19.4906],[-155.9273,19.4939],[-155.9245,19.4937],[-155.9212,19.4943],[-155.9157,19.4961],[-155.9123,19.4991],[-155.9104,19.4997],[-155.907,19.5025],[-155.9027,19.5032],[-155.8927,19.5082],[-155.8701,19.5146],[-155.8672,19.5186],[-155.8561,19.52],[-155.847,19.5243]]]}},{"type":"Feature","properties":{"ahupuaa":"Kaʻawaloa","moku":"Kona"},"geometry":{"type":"Polygon","coordinates":[[[-155.8733,19.5023],[-155.8338,19.5269],[-155.8458,19.5257],[-155.847,19.5243],[-155.8561,19.52],[-155.8672,19.5186],[-155.8701,19.5146],[-155.8927,19.5082],[-155.9027,19.5032],[-155.907,19.5025],[-155.9104,19.4997],[-155.9123,19.4991],[-155.9157,19.4961],[-155.9212,19.4943],[-155.9245,19.4937],[-155.9273,19.4939],[-155.9287,19.4906],[-155.9354,19.4857],[-155.9391,19.4809],[-155.9372,19.4789],[-155.9353,19.4784],[-155.935,19.4788],[-155.9338,19.4787],[-155.9335,19.4794],[-155.9339,19.4802],[-155.9338,19.4802],[-155.9337,19.4802],[-155.9336,19.4802],[-155.9335,19.4802],[-155.9329,19.4827],[-155.9319,19.4821],[-155.9309,19.4825],[-155.928,19.4819],[-155.9251,19.4848],[-155.9167,19.4901],[-155.8924,19.5012],[-155.877,19.5009],[-155.8733,19.5023]]]}},{"type":"Feature","properties":{"ahupuaa":"Honalo, Māʻihi 1-2","moku":"Kona"},"geometry":{"type":"Polygon","coordinates":[[[-155.8426,19.5708],[-155.8472,19.575],[-155.8593,19.5733],[-155.8597,19.5738],[-155.928,19.5528],[-155.9395,19.5488],[-155.9596,19.5479],[-155.9608,19.5468],[-155.9586,19.5451],[-155.9579,19.5437],[-155.9579,19.5428],[-155.9586,19.542],[-155.9583,19.5417],[-155.9593,19.5409],[-155.9572,19.5374],[-155.9574,19.5353],[-155.9557,19.5323],[-155.9562,19.5319],[-155.9562,19.5302],[-155.9572,19.5296],[-155.9564,19.5287],[-155.9565,19.5269],[-155.9558,19.5251],[-155.9563,19.5233],[-155.9575,19.5216],[-155.9586,19.5212],[-155.9604,19.5195],[-155.9602,19.5173],[-155.9599,19.5163],[-155.9595,19.5163],[-155.9596,19.5137],[-155.9565,19.5124],[-155.9554,19.5105],[-155.9429,19.5142],[-155.9386,19.5149],[-155.9307,19.5175],[-155.9303,19.5182],[-155.9225,19.5195],[-155.9187,19.5189],[-155.9074,19.5222],[-155.8971,19.5235],[-155.8982,19.5196],[-155.8963,19.5144],[-155.8883,19.5191],[-155.8816,19.5205],[-155.8761,19.5206],[-155.8686,19.5215],[-155.8597,19.5232],[-155.8514,19.5264],[-155.8506,19.5227],[-155.847,19.5243],[-155.8458,19.5257],[-155.8338,19.5269],[-155.8273,19.5243],[-155.8189,19.528],[-155.8097,19.5239],[-155.8018,19.5222],[-155.7939,19.5219],[-155.7862,19.5226],[-155.7788,19.5221],[-155.7786,19.5405],[-155.7765,19.5532],[-155.7875,19.5557],[-155.794,19.5549],[-155.7967,19.5557],[-155.8023,19.5535],[-155.8098,19.5589],[-155.8384,19.5596],[-155.8426,19.5708]]]}},{"type":"Feature","properties":{"ahupuaa":"Kahaluʻu","moku":"Kona"},"geometry":{"type":"Polygon","coordinates":[[[-155.9576,19.5725],[-155.9132,19.583],[-155.8583,19.6139],[-155.8601,19.6208],[-155.8963,19.6089],[-155.9227,19.6009],[-155.9226,19.6],[-155.932,19.598],[-155.9406,19.5944],[-155.9587,19.5898],[-155.9706,19.5857],[-155.9689,19.5844],[-155.9665,19.5805],[-155.9675,19.5787],[-155.9689,19.5779],[-155.9682,19.5773],[-155.9685,19.5753],[-155.9675,19.5744],[-155.9678,19.5725],[-155.9576,19.5725]]]}},{"type":"Feature","properties":{"ahupuaa":"Keauhou 1","moku":"Kona"},"geometry":{"type":"Polygon","coordinates":[[[-155.9007,19.5692],[-155.8583,19.5944],[-155.8569,19.6086],[-155.8583,19.6139],[-155.9132,19.583],[-155.9576,19.5725],[-155.9604,19.5725],[-155.9645,19.5725],[-155.9677,19.5725],[-155.9678,19.5725],[-155.9672,19.5714],[-155.9682,19.5681],[-155.9666,19.5643],[-155.9658,19.564],[-155.9652,19.5645],[-155.9645,19.5641],[-155.9651,19.5625],[-155.9617,19.5624],[-155.9512,19.5605],[-155.9381,19.5601],[-155.9007,19.5692]]]}},{"type":"Feature","properties":{"ahupuaa":"Hōlualoa 3","moku":"Kona"},"geometry":{"type":"Polygon","coordinates":[[[-155.9255,19.6154],[-155.9269,19.6175],[-155.9316,19.6157],[-155.9393,19.6141],[-155.9445,19.6116],[-155.9539,19.6097],[-155.9594,19.6098],[-155.9659,19.6084],[-155.9756,19.6053],[-155.9745,19.6038],[-155.9632,19.6064],[-155.9521,19.6075],[-155.9368,19.6124],[-155.9316,19.6133],[-155.9255,19.6154]]]}},{"type":"Feature","properties":{"ahupuaa":"Hōlualoa 4","moku":"Kona"},"geometry":{"type":"Polygon","coordinates":[[[-155.9053,19.617],[-155.9067,19.6211],[-155.9316,19.6133],[-155.9368,19.6124],[-155.9521,19.6075],[-155.9632,19.6064],[-155.9745,19.6038],[-155.9745,19.6028],[-155.9764,19.6017],[-155.9766,19.6003],[-155.9762,19.5995],[-155.9558,19.6038],[-155.907,19.6161],[-155.9053,19.617]]]}},{"type":"Feature","properties":{"ahupuaa":"Kaumalumalu, Pāhoehoe","moku":"Kona"},"geometry":{"type":"Polygon","coordinates":[[[-155.932,19.598],[-155.9226,19.6],[-155.9227,19.6009],[-155.8963,19.6089],[-155.8601,19.6208],[-155.8596,19.6459],[-155.9064,19.6163],[-155.9558,19.6038],[-155.9762,19.5995],[-155.9743,19.5985],[-155.9734,19.5962],[-155.9717,19.5945],[-155.9712,19.5924],[-155.9722,19.591],[-155.9716,19.5906],[-155.9719,19.5878],[-155.9706,19.5857],[-155.9587,19.5898],[-155.9406,19.5944],[-155.932,19.598]]]}},{"type":"Feature","properties":{"ahupuaa":"Puapuaʻa 2","moku":"Kona"},"geometry":{"type":"Polygon","coordinates":[[[-155.9807,19.6112],[-155.9695,19.6191],[-155.9619,19.6221],[-155.9464,19.6262],[-155.9377,19.6303],[-155.95,19.6266],[-155.956,19.6263],[-155.9676,19.624],[-155.9752,19.6213],[-155.9848,19.616],[-155.9839,19.6146],[-155.9826,19.6142],[-155.9828,19.6124],[-155.9824,19.6117],[-155.9814,19.6118],[-155.9807,19.6112]]]}},{"type":"Feature","properties":{"ahupuaa":"Puaʻa 2-3, Waiʻaha 1","moku":"Kona"},"geometry":{"type":"Polygon","coordinates":[[[-155.9193,19.6427],[-155.9276,19.6441],[-155.9457,19.6394],[-155.95,19.6389],[-155.9547,19.6377],[-155.96,19.6374],[-155.9716,19.6343],[-155.99,19.6324],[-155.9912,19.6317],[-155.9882,19.6285],[-155.9882,19.6265],[-155.9874,19.6248],[-155.9858,19.6239],[-155.9871,19.6202],[-155.9864,19.6194],[-155.9863,19.6172],[-155.9848,19.616],[-155.9752,19.6213],[-155.9676,19.624],[-155.956,19.6263],[-155.95,19.6266],[-155.9377,19.6303],[-155.9193,19.6427]]]}},{"type":"Feature","properties":{"ahupuaa":"Puaʻa 1","moku":"Kona"},"geometry":{"type":"Polygon","coordinates":[[[-155.9193,19.6427],[-155.8743,19.6722],[-155.9199,19.6487],[-155.9315,19.6461],[-155.9327,19.6448],[-155.9458,19.6413],[-155.9558,19.6394],[-155.9586,19.6391],[-155.9611,19.6395],[-155.9689,19.6361],[-155.9902,19.6336],[-155.9901,19.633],[-155.9906,19.633],[-155.9908,19.6322],[-155.9716,19.6343],[-155.96,19.6374],[-155.9547,19.6377],[-155.95,19.6389],[-155.9457,19.6394],[-155.9276,19.6441],[-155.9193,19.6427]]]}},{"type":"Feature","properties":{"ahupuaa":"Lanihau 1-2, Moeauo","moku":"Kona"},"geometry":{"type":"Polygon","coordinates":[[[-155.9218,19.6483],[-155.9214,19.6503],[-155.9224,19.6517],[-155.9342,19.6486],[-155.9358,19.654],[-155.936,19.6574],[-155.9392,19.6599],[-155.9402,19.6627],[-155.9403,19.667],[-155.9418,19.6681],[-155.9422,19.6693],[-155.9404,19.6714],[-155.94,19.6728],[-155.9512,19.6676],[-155.9552,19.6664],[-155.9742,19.6569],[-155.9953,19.6436],[-156.0012,19.6407],[-156.0084,19.6436],[-156.0118,19.6459],[-156.0137,19.6447],[-156.0098,19.643],[-156.0084,19.6415],[-156.0058,19.6402],[-156.0052,19.6388],[-156.0045,19.6391],[-156.0034,19.638],[-156.0017,19.6378],[-156.0013,19.637],[-155.9998,19.6375],[-155.9994,19.6372],[-155.9995,19.6376],[-155.998,19.6379],[-155.9979,19.6382],[-155.9985,19.6382],[-155.9984,19.6386],[-155.9978,19.6382],[-155.9971,19.6388],[-155.9974,19.6394],[-155.9967,19.6385],[-155.9968,19.6398],[-155.9951,19.6399],[-155.9942,19.6388],[-155.9938,19.6368],[-155.9924,19.6358],[-155.9909,19.6356],[-155.9902,19.6348],[-155.9901,19.6336],[-155.9698,19.6359],[-155.9611,19.6395],[-155.9586,19.6391],[-155.9558,19.6394],[-155.9458,19.6413],[-155.9327,19.6448],[-155.9315,19.6461],[-155.9218,19.6483]]]}},{"type":"Feature","properties":{"ahupuaa":"Hōlualoa 1-2","moku":"Kona"},"geometry":{"type":"Polygon","coordinates":[[[-155.9053,19.617],[-155.8596,19.6459],[-155.8743,19.6722],[-155.9377,19.6303],[-155.9464,19.6262],[-155.9619,19.6221],[-155.9695,19.6191],[-155.9807,19.6109],[-155.9791,19.6096],[-155.9787,19.6086],[-155.9777,19.6081],[-155.9763,19.6055],[-155.9756,19.6053],[-155.9659,19.6084],[-155.9594,19.6098],[-155.9539,19.6097],[-155.9445,19.6116],[-155.9393,19.6141],[-155.9316,19.6157],[-155.9269,19.6175],[-155.9255,19.6154],[-155.9067,19.6211],[-155.9053,19.617]]]}},{"type":"Feature","properties":{"ahupuaa":"Kau","moku":"Kona"},"geometry":{"type":"Polygon","coordinates":[[[-156.0506,19.7615],[-156.0496,19.7607],[-156.0491,19.7594],[-156.0495,19.758],[-156.0493,19.7565],[-156.0,19.7348],[-155.9894,19.733],[-155.9776,19.7321],[-155.9645,19.7326],[-155.9589,19.732],[-155.9505,19.7335],[-155.9509,19.735],[-155.9545,19.7352],[-155.9665,19.7342],[-155.9685,19.7352],[-155.9774,19.7366],[-155.987,19.7393],[-156.0003,19.7442],[-156.009,19.7458],[-156.0506,19.7615]]]}},{"type":"Feature","properties":{"ahupuaa":"Keahuolū","moku":"Kona"},"geometry":{"type":"Polygon","coordinates":[[[-155.9232,19.6818],[-155.931,19.6875],[-155.9552,19.6767],[-155.9623,19.6746],[-155.9681,19.6722],[-155.974,19.6709],[-155.9812,19.6678],[-155.9838,19.6676],[-155.9869,19.666],[-155.9965,19.6635],[-156.033,19.6562],[-156.0313,19.6555],[-156.0313,19.6545],[-156.0317,19.6544],[-156.0309,19.6541],[-156.0314,19.6533],[-156.0308,19.6519],[-156.0288,19.6496],[-156.0289,19.6492],[-156.0278,19.6486],[-156.028,19.6482],[-156.0266,19.6473],[-156.0243,19.6471],[-156.0216,19.6483],[-156.0203,19.6482],[-156.0193,19.6474],[-156.0179,19.6471],[-156.0167,19.6476],[-156.0138,19.6448],[-156.0118,19.6459],[-156.0084,19.6436],[-156.0012,19.6407],[-155.9953,19.6436],[-155.9742,19.6569],[-155.9552,19.6664],[-155.9517,19.6674],[-155.9459,19.6703],[-155.9417,19.6718],[-155.936,19.6753],[-155.9305,19.6768],[-155.9232,19.6818]]]}},{"type":"Feature","properties":{"ahupuaa":"Makalawena","moku":"Kona"},"geometry":{"type":"Polygon","coordinates":[[[-155.9688,19.7511],[-155.9861,19.7614],[-155.9921,19.7641],[-156.0012,19.7713],[-156.005,19.7744],[-156.0259,19.7954],[-156.0261,19.793],[-156.0278,19.7925],[-156.0291,19.7909],[-156.0306,19.7903],[-156.0334,19.7907],[-156.0343,19.7902],[-155.9936,19.7632],[-155.9869,19.7609],[-155.9756,19.7539],[-155.9717,19.7518],[-155.9688,19.7511]]]}},{"type":"Feature","properties":{"ahupuaa":"Kealakehe","moku":"Kona"},"geometry":{"type":"Polygon","coordinates":[[[-155.9123,19.6861],[-155.9196,19.7001],[-155.9537,19.6871],[-155.9557,19.6842],[-155.9759,19.6776],[-155.9858,19.6762],[-155.9891,19.6764],[-155.9998,19.6752],[-156.0278,19.6707],[-156.0279,19.6699],[-156.0272,19.6696],[-156.0263,19.67],[-156.0259,19.6692],[-156.0238,19.6696],[-156.0211,19.6692],[-156.0211,19.6686],[-156.0245,19.6683],[-156.0247,19.6691],[-156.0255,19.6689],[-156.0254,19.6683],[-156.0263,19.6682],[-156.0266,19.6693],[-156.0271,19.669],[-156.0277,19.6672],[-156.0282,19.6675],[-156.0301,19.6668],[-156.0311,19.6653],[-156.0309,19.6613],[-156.0316,19.6597],[-156.0313,19.6589],[-156.032,19.6587],[-156.0327,19.6572],[-156.0323,19.6564],[-156.0246,19.6577],[-155.9965,19.6635],[-155.9869,19.666],[-155.9838,19.6676],[-155.9812,19.6678],[-155.974,19.6709],[-155.9681,19.6722],[-155.9623,19.6746],[-155.9552,19.6767],[-155.931,19.6875],[-155.9232,19.6818],[-155.9123,19.6861]]]}},{"type":"Feature","properties":{"ahupuaa":"Honuaʻula","moku":"Kona"},"geometry":{"type":"Polygon","coordinates":[[[-155.8743,19.6722],[-155.8705,19.6888],[-155.8937,19.6866],[-155.9074,19.7048],[-155.9196,19.7001],[-155.9123,19.6861],[-155.9232,19.6818],[-155.9305,19.6768],[-155.936,19.6753],[-155.94,19.6728],[-155.9404,19.6714],[-155.9422,19.6693],[-155.9418,19.6681],[-155.9403,19.667],[-155.9402,19.6627],[-155.9392,19.6599],[-155.936,19.6574],[-155.9358,19.654],[-155.9342,19.6486],[-155.9224,19.6517],[-155.9214,19.6503],[-155.9218,19.6483],[-155.9199,19.6487],[-155.9168,19.6502],[-155.8743,19.6722]]]}},{"type":"Feature","properties":{"ahupuaa":"Kohanaiki","moku":"Kona"},"geometry":{"type":"Polygon","coordinates":[[[-155.9658,19.7058],[-155.9673,19.7106],[-155.9686,19.7092],[-155.9702,19.7088],[-155.9869,19.7076],[-155.9894,19.7063],[-156.0045,19.7022],[-156.0353,19.703],[-156.0491,19.7005],[-156.0477,19.6994],[-156.0453,19.6958],[-156.0452,19.6931],[-156.0442,19.6928],[-156.044,19.6921],[-156.0404,19.6922],[-156.0393,19.6907],[-156.0376,19.6912],[-156.0363,19.6897],[-156.028,19.6922],[-156.0143,19.6943],[-155.9965,19.6992],[-155.9916,19.7001],[-155.9843,19.7028],[-155.9739,19.7033],[-155.9658,19.7058]]]}},{"type":"Feature","properties":{"ahupuaa":"ʻOʻoma 2","moku":"Kona"},"geometry":{"type":"Polygon","coordinates":[[[-155.9673,19.7106],[-155.967,19.7125],[-155.9723,19.7109],[-155.9771,19.7106],[-155.9799,19.7112],[-155.9824,19.7108],[-155.9917,19.7112],[-155.999,19.71],[-156.0177,19.7124],[-156.0496,19.7121],[-156.0481,19.7068],[-156.0489,19.7008],[-156.0353,19.703],[-156.0045,19.7022],[-155.9894,19.7063],[-155.9869,19.7076],[-155.9702,19.7088],[-155.9686,19.7092],[-155.9673,19.7106]]]}},{"type":"Feature","properties":{"ahupuaa":"Honokōhau 1-3","moku":"Kona"},"geometry":{"type":"Polygon","coordinates":[[[-155.9074,19.7048],[-155.9126,19.7117],[-155.9492,19.699],[-155.9556,19.6963],[-155.9712,19.6915],[-155.9867,19.6884],[-155.9944,19.6877],[-156.0128,19.6848],[-156.0319,19.6799],[-156.0307,19.6794],[-156.0297,19.6777],[-156.0292,19.6779],[-156.0275,19.677],[-156.0266,19.6758],[-156.0259,19.6715],[-156.0268,19.6716],[-156.0264,19.6714],[-156.0265,19.6707],[-156.0275,19.6713],[-156.0276,19.6706],[-156.0268,19.6706],[-156.0255,19.6708],[-155.9998,19.6752],[-155.9891,19.6764],[-155.9858,19.6762],[-155.9759,19.6776],[-155.9557,19.6842],[-155.9537,19.6871],[-155.9074,19.7048]]]}},{"type":"Feature","properties":{"ahupuaa":"Kaloko","moku":"Kona"},"geometry":{"type":"Polygon","coordinates":[[[-155.9178,19.7186],[-155.9339,19.7161],[-155.9378,19.7166],[-155.9463,19.7199],[-155.9635,19.7074],[-155.9672,19.7052],[-155.9739,19.7033],[-155.9843,19.7028],[-155.9916,19.7001],[-155.9965,19.6992],[-156.0143,19.6943],[-156.028,19.6922],[-156.0363,19.6897],[-156.0353,19.6886],[-156.0354,19.688],[-156.0341,19.6879],[-156.0333,19.687],[-156.0337,19.685],[-156.0347,19.6833],[-156.0327,19.6812],[-156.0324,19.6801],[-156.0318,19.6799],[-156.0128,19.6848],[-155.9944,19.6877],[-155.983,19.689],[-155.9712,19.6915],[-155.961,19.6945],[-155.9126,19.7117],[-155.9178,19.7186]]]}},{"type":"Feature","properties":{"ahupuaa":"Keauhou 2","moku":"Kona"},"geometry":{"type":"Polygon","coordinates":[[[-155.894,19.7183],[-155.8948,19.7203],[-155.9178,19.7186],[-155.8937,19.6866],[-155.8705,19.6888],[-155.8743,19.6722],[-155.8596,19.6459],[-155.8601,19.6208],[-155.8569,19.6086],[-155.8583,19.5944],[-155.9007,19.5692],[-155.9381,19.5601],[-155.9512,19.5605],[-155.9621,19.5624],[-155.9622,19.5614],[-155.9651,19.5599],[-155.9657,19.56],[-155.9665,19.5588],[-155.966,19.5568],[-155.9669,19.5532],[-155.9664,19.5522],[-155.9648,19.5514],[-155.9623,19.5515],[-155.9612,19.5498],[-155.9605,19.5497],[-155.9604,19.549],[-155.9592,19.5482],[-155.9596,19.5479],[-155.9395,19.5488],[-155.928,19.5528],[-155.8597,19.5738],[-155.8593,19.5733],[-155.8472,19.575],[-155.8426,19.5708],[-155.8384,19.5596],[-155.8098,19.5589],[-155.8023,19.5535],[-155.7967,19.5557],[-155.794,19.5549],[-155.7875,19.5557],[-155.7765,19.5532],[-155.7786,19.5405],[-155.7788,19.5221],[-155.7629,19.5256],[-155.7613,19.5063],[-155.7593,19.5],[-155.7613,19.4927],[-155.769,19.4827],[-155.7827,19.4818],[-155.7957,19.4847],[-155.7719,19.4505],[-155.7709,19.4449],[-155.7532,19.4064],[-155.5986,19.4626],[-155.7263,19.6686],[-155.8142,19.7023],[-155.84,19.7075],[-155.8697,19.7168],[-155.894,19.7183]]]}},{"type":"Feature","properties":{"ahupuaa":"ʻOʻoma 1","moku":"Kona"},"geometry":{"type":"Polygon","coordinates":[[[-155.9731,19.7137],[-155.976,19.7135],[-156.014,19.7175],[-156.0186,19.7195],[-156.0181,19.7249],[-156.0228,19.7269],[-156.0589,19.7246],[-156.0572,19.7219],[-156.0564,19.7216],[-156.0565,19.7209],[-156.0514,19.7176],[-156.0507,19.7159],[-156.0502,19.7161],[-156.0496,19.7155],[-156.049,19.7131],[-156.0496,19.7121],[-156.0177,19.7124],[-155.999,19.71],[-155.9917,19.7112],[-155.9843,19.7108],[-155.9799,19.7112],[-155.9771,19.7106],[-155.9723,19.7109],[-155.9731,19.7137]]]}},{"type":"Feature","properties":{"ahupuaa":"Honuaʻula","moku":"Kona"},"geometry":{"type":"Polygon","coordinates":[[[-155.9463,19.7199],[-155.9505,19.7335],[-155.9589,19.732],[-155.9659,19.7326],[-155.9673,19.7323],[-155.9676,19.7298],[-155.9677,19.7228],[-155.9669,19.7187],[-155.9738,19.7179],[-155.9723,19.7109],[-155.967,19.7125],[-155.9673,19.7106],[-155.9658,19.7058],[-155.9463,19.7199]]]}},{"type":"Feature","properties":{"ahupuaa":"Hamanamana","moku":"Kona"},"geometry":{"type":"Polygon","coordinates":[[[-156.0504,19.7501],[-156.0513,19.75],[-156.0544,19.7478],[-156.055,19.7465],[-155.9988,19.7273],[-155.9895,19.7269],[-155.9894,19.7286],[-155.975,19.7287],[-155.9677,19.728],[-155.9676,19.7298],[-155.9751,19.7303],[-155.9895,19.7302],[-156.0149,19.7361],[-156.0504,19.7501]]]}},{"type":"Feature","properties":{"ahupuaa":"Kalaoa 1-5","moku":"Kona"},"geometry":{"type":"Polygon","coordinates":[[[-155.9988,19.7273],[-156.055,19.7465],[-156.0548,19.7448],[-156.0539,19.743],[-156.0544,19.7392],[-156.053,19.7359],[-156.0567,19.732],[-156.0597,19.731],[-156.0608,19.7299],[-156.0617,19.7274],[-156.06,19.7266],[-156.0589,19.7246],[-156.0228,19.7269],[-156.0181,19.7249],[-156.0186,19.7195],[-156.014,19.7175],[-155.976,19.7135],[-155.9731,19.7137],[-155.9738,19.7179],[-155.9669,19.7187],[-155.9677,19.7228],[-155.9677,19.728],[-155.975,19.7287],[-155.9894,19.7286],[-155.9895,19.7269],[-155.9988,19.7273]]]}},{"type":"Feature","properties":{"ahupuaa":"Haleohiu","moku":"Kona"},"geometry":{"type":"Polygon","coordinates":[[[-155.9673,19.7316],[-155.9781,19.7313],[-155.9885,19.7318],[-155.9997,19.7337],[-156.0494,19.755],[-156.0493,19.7539],[-156.0508,19.7502],[-156.0149,19.7361],[-155.9895,19.7302],[-155.9751,19.7303],[-155.9676,19.7298],[-155.9673,19.7316]]]}},{"type":"Feature","properties":{"ahupuaa":"Makaʻula","moku":"Kona"},"geometry":{"type":"Polygon","coordinates":[[[-155.9673,19.7323],[-155.9776,19.7321],[-155.9848,19.7326],[-156.0,19.7348],[-156.0482,19.7561],[-156.0493,19.7565],[-156.0496,19.756],[-156.0494,19.755],[-155.9997,19.7337],[-155.9854,19.7316],[-155.9696,19.7313],[-155.9673,19.7316],[-155.9673,19.7323]]]}},{"type":"Feature","properties":{"ahupuaa":"Kaulana, Awalua, ʻŌhiki","moku":"Kona"},"geometry":{"type":"Polygon","coordinates":[[[-156.0374,19.7822],[-156.0381,19.7812],[-156.0403,19.7822],[-156.0409,19.7816],[-156.0426,19.7812],[-156.0446,19.7793],[-156.0456,19.7791],[-156.0457,19.7779],[-156.0471,19.7774],[-156.0466,19.7759],[-156.0471,19.7743],[-156.0502,19.7726],[-156.0491,19.7703],[-156.0496,19.7693],[-156.0488,19.7678],[-156.0494,19.767],[-156.0486,19.7651],[-156.0491,19.7643],[-156.0498,19.7642],[-156.0495,19.7636],[-156.05,19.7624],[-156.0507,19.762],[-156.0506,19.7615],[-156.009,19.7458],[-156.0003,19.7442],[-155.987,19.7393],[-155.9774,19.7366],[-155.9685,19.7352],[-155.9665,19.7342],[-155.9545,19.7352],[-155.9509,19.735],[-155.9522,19.7386],[-155.9589,19.7474],[-155.9624,19.7491],[-155.9688,19.7511],[-155.9717,19.7518],[-155.9722,19.75],[-155.9786,19.7527],[-155.9835,19.7557],[-155.9923,19.7589],[-155.9992,19.7622],[-156.0374,19.7822]]]}},{"type":"Feature","properties":{"ahupuaa":"Mahaiʻula","moku":"Kona"},"geometry":{"type":"Polygon","coordinates":[[[-156.0343,19.7902],[-156.0356,19.7887],[-156.0383,19.788],[-156.0389,19.787],[-156.0371,19.7846],[-156.0367,19.783],[-156.0374,19.7822],[-155.995,19.7601],[-155.9835,19.7557],[-155.9798,19.7533],[-155.9722,19.75],[-155.9717,19.7518],[-155.9869,19.7609],[-155.9936,19.7632],[-156.0343,19.7902]]]}},{"type":"Feature","properties":{"ahupuaa":"Kūkiʻo, Maniniʻōwali","moku":"Kona"},"geometry":{"type":"Polygon","coordinates":[[[-155.9624,19.7491],[-155.9752,19.7614],[-155.9843,19.8029],[-155.9914,19.8146],[-155.9962,19.8207],[-155.9971,19.8214],[-155.9982,19.8192],[-155.9996,19.8184],[-156.0012,19.8195],[-156.0012,19.8183],[-156.0017,19.8183],[-156.0012,19.8151],[-156.0028,19.8142],[-156.0056,19.8145],[-156.0071,19.8125],[-156.0067,19.8112],[-156.0071,19.8101],[-156.0084,19.8096],[-156.0091,19.8081],[-156.013,19.8069],[-156.014,19.8052],[-156.0138,19.8039],[-156.0107,19.8022],[-156.0071,19.7986],[-155.9778,19.7579],[-155.972,19.7527],[-155.9688,19.7511],[-155.9624,19.7491]]]}},{"type":"Feature","properties":{"ahupuaa":"Kaʻūpūlehu","moku":"Kona"},"geometry":{"type":"Polygon","coordinates":[[[-155.8948,19.7203],[-155.9062,19.7492],[-155.9116,19.7614],[-155.9187,19.7805],[-155.9477,19.817],[-155.9652,19.8514],[-155.9652,19.851],[-155.9676,19.8501],[-155.9683,19.8493],[-155.9723,19.8485],[-155.9729,19.8478],[-155.9742,19.8474],[-155.9739,19.8472],[-155.9755,19.8456],[-155.9766,19.8454],[-155.9765,19.8451],[-155.9771,19.8453],[-155.9769,19.8449],[-155.978,19.8435],[-155.9801,19.8428],[-155.9799,19.8424],[-155.9808,19.8412],[-155.9812,19.8395],[-155.981,19.8387],[-155.9822,19.8379],[-155.9825,19.8371],[-155.9839,19.8366],[-155.9859,19.8349],[-155.9867,19.8352],[-155.9869,19.8345],[-155.9864,19.8343],[-155.9867,19.8337],[-155.986,19.832],[-155.9864,19.8313],[-155.9885,19.8311],[-155.9912,19.8299],[-155.9947,19.8277],[-155.9954,19.8267],[-155.9976,19.8258],[-155.9977,19.8244],[-155.9973,19.824],[-155.9979,19.8232],[-155.9977,19.8225],[-155.9969,19.8221],[-155.9971,19.8214],[-155.9946,19.8191],[-155.9914,19.8146],[-155.9843,19.8029],[-155.9752,19.7614],[-155.9624,19.7491],[-155.9589,19.7474],[-155.9526,19.7392],[-155.9518,19.7379],[-155.9463,19.7199],[-155.9378,19.7166],[-155.9339,19.7161],[-155.9178,19.7186],[-155.8948,19.7203]]]}},{"type":"Feature","properties":{"ahupuaa":"Puʻuwaʻawaʻa","moku":"Kona"},"geometry":{"type":"Polygon","coordinates":[[[-155.8142,19.7023],[-155.8187,19.7546],[-155.8339,19.7999],[-155.8454,19.8127],[-155.8487,19.8148],[-155.8499,19.8163],[-155.8504,19.8185],[-155.8574,19.8262],[-155.8602,19.8359],[-155.8623,19.839],[-155.8624,19.8439],[-155.8823,19.8657],[-155.9066,19.8875],[-155.9077,19.8859],[-155.9085,19.8855],[-155.9094,19.8859],[-155.9106,19.8857],[-155.9129,19.884],[-155.9124,19.8826],[-155.9127,19.8816],[-155.9136,19.8801],[-155.9153,19.8786],[-155.9151,19.8759],[-155.9174,19.8748],[-155.9185,19.8752],[-155.9211,19.8735],[-155.9227,19.8719],[-155.9237,19.8698],[-155.924,19.865],[-155.9231,19.8638],[-155.9226,19.862],[-155.9227,19.8601],[-155.922,19.8575],[-155.9211,19.8579],[-155.9223,19.8604],[-155.9209,19.8592],[-155.9206,19.8583],[-155.9204,19.8566],[-155.9213,19.8552],[-155.9223,19.8552],[-155.923,19.8561],[-155.9236,19.8559],[-155.9265,19.8543],[-155.9288,19.8522],[-155.931,19.8523],[-155.9374,19.8494],[-155.9389,19.8496],[-155.9393,19.8502],[-155.9402,19.8504],[-155.9408,19.85],[-155.9425,19.8504],[-155.9438,19.8522],[-155.9454,19.8526],[-155.9453,19.8533],[-155.9465,19.854],[-155.9478,19.8527],[-155.9492,19.8532],[-155.9491,19.8529],[-155.9517,19.8528],[-155.9523,19.8523],[-155.955,19.8522],[-155.9562,19.8529],[-155.9564,19.8526],[-155.9571,19.8531],[-155.9584,19.8531],[-155.9611,19.8521],[-155.9629,19.852],[-155.9641,19.8513],[-155.9652,19.8514],[-155.9477,19.817],[-155.9187,19.7805],[-155.9116,19.7614],[-155.9062,19.7492],[-155.894,19.7183],[-155.8697,19.7168],[-155.84,19.7075],[-155.8142,19.7023]]]}},{"type":"Feature","properties":{"ahupuaa":"Puʻuanahulu","moku":"Kona"},"geometry":{"type":"Polygon","coordinates":[[[-155.8848,19.9104],[-155.8898,19.913],[-155.891,19.9117],[-155.8935,19.9109],[-155.8952,19.911],[-155.8949,19.9101],[-155.896,19.9096],[-155.8979,19.9091],[-155.8984,19.9095],[-155.8991,19.9093],[-155.9005,19.9059],[-155.9015,19.9052],[-155.9011,19.9039],[-155.902,19.902],[-155.9011,19.9012],[-155.901,19.9004],[-155.9036,19.8993],[-155.9046,19.8994],[-155.9051,19.8977],[-155.906,19.897],[-155.9072,19.8971],[-155.9068,19.8956],[-155.9045,19.8939],[-155.9047,19.8932],[-155.9062,19.892],[-155.9054,19.8892],[-155.9066,19.8875],[-155.8823,19.8657],[-155.8624,19.8439],[-155.8623,19.839],[-155.8602,19.8359],[-155.8574,19.8262],[-155.8504,19.8185],[-155.8499,19.8163],[-155.8487,19.8148],[-155.8454,19.8127],[-155.8339,19.7999],[-155.8187,19.7546],[-155.8142,19.7023],[-155.7263,19.6686],[-155.7307,19.677],[-155.7295,19.6817],[-155.7303,19.6838],[-155.7324,19.6862],[-155.7319,19.7064],[-155.7302,19.7083],[-155.7278,19.7124],[-155.7272,19.7159],[-155.7219,19.7249],[-155.7206,19.726],[-155.7168,19.7269],[-155.7137,19.7312],[-155.7126,19.7354],[-155.7006,19.7481],[-155.6989,19.7739],[-155.6691,19.7848],[-155.6887,19.7982],[-155.7018,19.8011],[-155.7301,19.8235],[-155.7489,19.8411],[-155.7588,19.8548],[-155.7718,19.8647],[-155.7762,19.8748],[-155.787,19.8878],[-155.8848,19.9104]]]}}]}