{"type":"FeatureCollection","name":"maui ahupuaʻa (State of Hawaiʻi GIS, HistoricCultural/1, SHPD-corrected)","features":[{"type":"Feature","properties":{"id":649,"ahupuaa":"Pāhoa","moku":"Lāhainā","acres":56},"geometry":{"type":"Polygon","coordinates":[[[-156.637,20.8745],[-156.6381,20.8747],[-156.6403,20.8732],[-156.6407,20.8717],[-156.6437,20.8685],[-156.6445,20.8663],[-156.6398,20.868],[-156.64,20.8704],[-156.6368,20.8735],[-156.6373,20.8743],[-156.637,20.8745]]]}},{"type":"Feature","properties":{"id":604,"ahupuaa":"West Kaupakulua","moku":"Hāmākualoa","acres":193},"geometry":{"type":"Polygon","coordinates":[[[-156.3011,20.9414],[-156.3024,20.9411],[-156.3046,20.9393],[-156.305,20.9397],[-156.3046,20.9388],[-156.3053,20.9379],[-156.3053,20.9366],[-156.3064,20.9351],[-156.3049,20.9322],[-156.3033,20.9257],[-156.3012,20.9249],[-156.2982,20.9183],[-156.2981,20.9233],[-156.3002,20.9266],[-156.3009,20.9289],[-156.3014,20.936],[-156.3011,20.9414]]]}},{"type":"Feature","properties":{"id":605,"ahupuaa":"Peahi","moku":"Hāmākualoa","acres":2143},"geometry":{"type":"Polygon","coordinates":[[[-156.2567,20.9341],[-156.2576,20.9354],[-156.258,20.9353],[-156.2579,20.9358],[-156.2584,20.9356],[-156.2586,20.9366],[-156.2589,20.9362],[-156.2598,20.9364],[-156.2605,20.9371],[-156.2603,20.9379],[-156.2609,20.9375],[-156.2625,20.9396],[-156.2633,20.938],[-156.2657,20.9377],[-156.2662,20.9366],[-156.266,20.926],[-156.2683,20.9217],[-156.2694,20.9208],[-156.2689,20.9251],[-156.2694,20.9276],[-156.2692,20.9315],[-156.268,20.9331],[-156.2689,20.9347],[-156.2699,20.9342],[-156.2714,20.9347],[-156.2723,20.9342],[-156.2743,20.935],[-156.2746,20.9356],[-156.2759,20.935],[-156.2775,20.9339],[-156.2781,20.9325],[-156.2802,20.9211],[-156.2771,20.911],[-156.2776,20.9079],[-156.2773,20.903],[-156.2735,20.8954],[-156.2735,20.8943],[-156.2745,20.8935],[-156.2735,20.8929],[-156.2729,20.8905],[-156.2731,20.8887],[-156.274,20.8881],[-156.272,20.8865],[-156.2722,20.8861],[-156.2729,20.8862],[-156.2732,20.8823],[-156.2716,20.8806],[-156.2732,20.8807],[-156.2726,20.8796],[-156.274,20.8782],[-156.2732,20.8777],[-156.2726,20.8761],[-156.2715,20.8754],[-156.2717,20.8749],[-156.2729,20.8748],[-156.2729,20.8741],[-156.271,20.8738],[-156.2717,20.8728],[-156.2707,20.8727],[-156.2701,20.8681],[-156.269,20.8685],[-156.2682,20.8676],[-156.2685,20.8665],[-156.2674,20.8664],[-156.2676,20.8651],[-156.2668,20.8646],[-156.2676,20.8632],[-156.2676,20.8616],[-156.2659,20.8615],[-156.2653,20.8619],[-156.2655,20.861],[-156.2663,20.8605],[-156.2651,20.8602],[-156.2658,20.8593],[-156.2642,20.8583],[-156.2642,20.8572],[-156.2636,20.8567],[-156.264,20.856],[-156.2627,20.8549],[-156.2651,20.8507],[-156.2646,20.8494],[-156.264,20.8491],[-156.264,20.8477],[-156.2623,20.8457],[-156.2624,20.8446],[-156.2615,20.8441],[-156.2617,20.8437],[-156.2604,20.8433],[-156.2589,20.841],[-156.2592,20.8402],[-156.2581,20.8402],[-156.2577,20.839],[-156.2564,20.8377],[-156.2559,20.835],[-156.2548,20.8339],[-156.2542,20.8323],[-156.251,20.8333],[-156.2512,20.8345],[-156.2523,20.8378],[-156.2571,20.8434],[-156.2612,20.854],[-156.2626,20.856],[-156.2623,20.8611],[-156.2634,20.8666],[-156.2687,20.8739],[-156.2698,20.8765],[-156.2713,20.8912],[-156.2711,20.8936],[-156.2697,20.8963],[-156.27,20.8978],[-156.2693,20.8992],[-156.2694,20.9012],[-156.2685,20.9026],[-156.2682,20.9053],[-156.2664,20.9071],[-156.2667,20.9079],[-156.2682,20.9081],[-156.2685,20.9086],[-156.2665,20.9096],[-156.2673,20.9107],[-156.2663,20.9114],[-156.2667,20.9128],[-156.2649,20.9131],[-156.264,20.9153],[-156.2616,20.9168],[-156.2619,20.9182],[-156.2612,20.9194],[-156.2602,20.9197],[-156.2622,20.9216],[-156.2602,20.9227],[-156.2593,20.9262],[-156.2596,20.927],[-156.2583,20.9288],[-156.2584,20.9299],[-156.2576,20.931],[-156.2584,20.932],[-156.2567,20.9341]]]}},{"type":"Feature","properties":{"id":606,"ahupuaa":"Moʻomoku","moku":"Kāʻanapali","acres":295},"geometry":{"type":"Polygon","coordinates":[[[-156.631,20.9386],[-156.6404,20.9423],[-156.6456,20.9417],[-156.6518,20.9445],[-156.6547,20.9446],[-156.655,20.9441],[-156.6548,20.942],[-156.6539,20.941],[-156.6503,20.9394],[-156.6481,20.9395],[-156.6472,20.9391],[-156.6464,20.9379],[-156.6416,20.9371],[-156.6364,20.9346],[-156.6314,20.9377],[-156.631,20.9386]]]}},{"type":"Feature","properties":{"id":607,"ahupuaa":"Halehaku","moku":"Hāmākualoa","acres":3758},"geometry":{"type":"Polygon","coordinates":[[[-156.2443,20.9353],[-156.2446,20.9359],[-156.2451,20.9355],[-156.2473,20.9363],[-156.2478,20.9367],[-156.2479,20.9377],[-156.2494,20.9363],[-156.2505,20.9362],[-156.2524,20.9372],[-156.2525,20.938],[-156.2541,20.9334],[-156.2564,20.9329],[-156.2562,20.9336],[-156.2567,20.9341],[-156.2584,20.932],[-156.2576,20.931],[-156.2584,20.9299],[-156.2583,20.9288],[-156.2596,20.927],[-156.2593,20.9262],[-156.2602,20.9227],[-156.2622,20.9216],[-156.2602,20.9197],[-156.2612,20.9194],[-156.2619,20.9182],[-156.2616,20.9168],[-156.264,20.9153],[-156.2649,20.9131],[-156.2667,20.9128],[-156.2663,20.9114],[-156.2673,20.9107],[-156.2665,20.9096],[-156.2685,20.9086],[-156.2682,20.9081],[-156.2667,20.9079],[-156.2664,20.9071],[-156.2682,20.9053],[-156.2685,20.9026],[-156.2694,20.9012],[-156.2693,20.8992],[-156.27,20.8978],[-156.2697,20.8963],[-156.2713,20.8925],[-156.2698,20.8765],[-156.2687,20.8739],[-156.2634,20.8666],[-156.2623,20.8611],[-156.2626,20.856],[-156.2612,20.854],[-156.2571,20.8434],[-156.2523,20.8378],[-156.2509,20.8334],[-156.2461,20.8341],[-156.2519,20.8607],[-156.2532,20.8633],[-156.2546,20.8639],[-156.2545,20.8649],[-156.2556,20.8658],[-156.2545,20.8666],[-156.2545,20.8674],[-156.2551,20.8679],[-156.2544,20.8683],[-156.2546,20.8691],[-156.254,20.8698],[-156.2541,20.8704],[-156.2526,20.8726],[-156.2534,20.8739],[-156.253,20.8747],[-156.2536,20.8763],[-156.2523,20.8786],[-156.2512,20.8793],[-156.2522,20.8817],[-156.2536,20.8822],[-156.2539,20.883],[-156.2525,20.8845],[-156.2522,20.8866],[-156.2525,20.8877],[-156.2514,20.8882],[-156.2518,20.8891],[-156.2539,20.8892],[-156.2536,20.8899],[-156.2527,20.89],[-156.253,20.8912],[-156.2515,20.8944],[-156.2523,20.8952],[-156.2528,20.8967],[-156.2528,20.8976],[-156.2523,20.8978],[-156.2526,20.8987],[-156.2521,20.8991],[-156.2522,20.9006],[-156.2515,20.9012],[-156.2519,20.9016],[-156.2521,20.9011],[-156.2526,20.9013],[-156.2527,20.9025],[-156.2534,20.9031],[-156.2528,20.9041],[-156.2535,20.9052],[-156.2528,20.9062],[-156.2532,20.9073],[-156.2526,20.9076],[-156.2526,20.9086],[-156.2503,20.9106],[-156.2492,20.915],[-156.2492,20.9163],[-156.2502,20.9178],[-156.2506,20.9212],[-156.2466,20.9306],[-156.2467,20.9332],[-156.2451,20.9341],[-156.2443,20.9353]]]}},{"type":"Feature","properties":{"id":650,"ahupuaa":"Polaiki","moku":"Lāhainā","acres":208},"geometry":{"type":"Polygon","coordinates":[[[-156.6342,20.8744],[-156.6373,20.8743],[-156.6368,20.8735],[-156.64,20.8704],[-156.6398,20.868],[-156.6437,20.8668],[-156.6451,20.8657],[-156.6391,20.8671],[-156.6389,20.8659],[-156.626,20.8648],[-156.6267,20.8667],[-156.6277,20.8667],[-156.6279,20.8672],[-156.6302,20.8682],[-156.6322,20.8719],[-156.6346,20.8715],[-156.635,20.8718],[-156.6355,20.8727],[-156.6351,20.8736],[-156.6341,20.8738],[-156.6342,20.8744]]]}},{"type":"Feature","properties":{"id":651,"ahupuaa":"Waineʻe","moku":"Lāhainā","acres":189},"geometry":{"type":"Polygon","coordinates":[[[-156.6415,20.873],[-156.6422,20.8739],[-156.6429,20.8732],[-156.6446,20.8741],[-156.6555,20.8683],[-156.6578,20.8678],[-156.655,20.8669],[-156.6521,20.8675],[-156.6513,20.8669],[-156.6496,20.8671],[-156.6489,20.8664],[-156.6471,20.866],[-156.6453,20.8663],[-156.6459,20.8657],[-156.6455,20.8655],[-156.6445,20.8663],[-156.6433,20.8691],[-156.6414,20.8708],[-156.6418,20.8711],[-156.6415,20.873]]]}},{"type":"Feature","properties":{"id":652,"ahupuaa":"Keʻanae","moku":"Koʻolau","acres":11770},"geometry":{"type":"Polygon","coordinates":[[[-156.1361,20.8487],[-156.1284,20.8488],[-156.1287,20.8522],[-156.1294,20.8538],[-156.1287,20.8548],[-156.1307,20.8551],[-156.132,20.8559],[-156.1316,20.8571],[-156.1301,20.8582],[-156.1305,20.8584],[-156.1313,20.8578],[-156.1315,20.859],[-156.1332,20.8576],[-156.1335,20.8583],[-156.1342,20.8579],[-156.1347,20.8584],[-156.1379,20.8581],[-156.1379,20.8585],[-156.1388,20.8579],[-156.1439,20.8579],[-156.1444,20.8585],[-156.1439,20.8592],[-156.1441,20.8597],[-156.1434,20.86],[-156.1436,20.8608],[-156.143,20.8618],[-156.1438,20.8625],[-156.1427,20.8633],[-156.1437,20.8635],[-156.1438,20.865],[-156.1449,20.8645],[-156.1461,20.8659],[-156.1475,20.8649],[-156.1473,20.8639],[-156.1481,20.8637],[-156.1479,20.8624],[-156.1484,20.8613],[-156.1494,20.8613],[-156.1523,20.8596],[-156.1568,20.8587],[-156.1595,20.8564],[-156.1597,20.8555],[-156.1621,20.8525],[-156.1669,20.8498],[-156.1681,20.8485],[-156.1709,20.8472],[-156.1713,20.8465],[-156.1711,20.8447],[-156.1719,20.8437],[-156.172,20.8427],[-156.1726,20.8424],[-156.1728,20.8407],[-156.1749,20.838],[-156.1749,20.8366],[-156.1769,20.8354],[-156.1776,20.8342],[-156.178,20.829],[-156.18,20.8278],[-156.1819,20.8242],[-156.1851,20.8212],[-156.1882,20.8195],[-156.1898,20.818],[-156.1921,20.8173],[-156.1969,20.8131],[-156.1976,20.8114],[-156.2001,20.8093],[-156.2015,20.807],[-156.2028,20.8059],[-156.2039,20.8029],[-156.2048,20.7973],[-156.2067,20.7953],[-156.142,20.7305],[-156.1471,20.7933],[-156.1714,20.8169],[-156.1686,20.8155],[-156.1659,20.8151],[-156.1652,20.8145],[-156.1641,20.8148],[-156.1637,20.8133],[-156.1624,20.813],[-156.1621,20.8141],[-156.16,20.816],[-156.1597,20.82],[-156.1575,20.8246],[-156.1543,20.8234],[-156.1519,20.8244],[-156.1486,20.8268],[-156.148,20.8283],[-156.1487,20.8315],[-156.1475,20.832],[-156.1481,20.8332],[-156.1479,20.8341],[-156.1441,20.8384],[-156.1435,20.8403],[-156.1417,20.8428],[-156.1407,20.8468],[-156.1387,20.8483],[-156.1373,20.8482],[-156.1361,20.8487]]]}},{"type":"Feature","properties":{"id":653,"ahupuaa":"Koʻokā","moku":"Lāhainā","acres":6},"geometry":{"type":"Polygon","coordinates":[[[-156.6403,20.8732],[-156.6415,20.873],[-156.6418,20.8711],[-156.6413,20.871],[-156.6407,20.8717],[-156.6403,20.8732]]]}},{"type":"Feature","properties":{"id":654,"ahupuaa":"Waikapū","moku":"Pūʻali Komohana","acres":15611},"geometry":{"type":"Polygon","coordinates":[[[-156.5675,20.8585],[-156.5674,20.8563],[-156.5665,20.855],[-156.5635,20.8537],[-156.5594,20.8529],[-156.5581,20.8514],[-156.5574,20.8492],[-156.5559,20.8482],[-156.5562,20.8459],[-156.5544,20.842],[-156.5561,20.8393],[-156.5556,20.8358],[-156.5563,20.8337],[-156.555,20.8316],[-156.5546,20.8289],[-156.5535,20.8283],[-156.5534,20.8273],[-156.5515,20.8243],[-156.5497,20.8229],[-156.5476,20.8216],[-156.5456,20.8214],[-156.5417,20.8189],[-156.5401,20.8145],[-156.5365,20.814],[-156.5348,20.8128],[-156.5332,20.8129],[-156.5309,20.8119],[-156.5291,20.8119],[-156.5206,20.8125],[-156.5074,20.815],[-156.5147,20.7885],[-156.5139,20.79],[-156.5109,20.7902],[-156.5136,20.7903],[-156.5136,20.7909],[-156.5103,20.7923],[-156.5091,20.7921],[-156.5061,20.7952],[-156.5053,20.7951],[-156.5029,20.7962],[-156.4963,20.7968],[-156.4858,20.7949],[-156.4825,20.7935],[-156.476,20.7901],[-156.4733,20.7893],[-156.4667,20.7841],[-156.4666,20.795],[-156.4713,20.8203],[-156.471,20.8222],[-156.4685,20.8321],[-156.4532,20.8444],[-156.505,20.8682],[-156.5213,20.871],[-156.5255,20.8708],[-156.5342,20.8715],[-156.5384,20.8694],[-156.5429,20.8689],[-156.5496,20.8659],[-156.5515,20.8656],[-156.5524,20.8642],[-156.5549,20.8638],[-156.5575,20.8623],[-156.5589,20.8624],[-156.5624,20.8642],[-156.5636,20.8623],[-156.5653,20.862],[-156.5675,20.8585]]]}},{"type":"Feature","properties":{"id":655,"ahupuaa":"Olowalu","moku":"Lāhainā","acres":5397},"geometry":{"type":"Polygon","coordinates":[[[-156.5905,20.8723],[-156.5972,20.8671],[-156.6004,20.8661],[-156.5985,20.8517],[-156.6053,20.8501],[-156.6093,20.8498],[-156.612,20.8469],[-156.6148,20.8452],[-156.6181,20.844],[-156.6199,20.8415],[-156.6229,20.8402],[-156.638,20.8301],[-156.6336,20.8264],[-156.6305,20.8224],[-156.6289,20.8186],[-156.6284,20.8151],[-156.627,20.8126],[-156.6232,20.8093],[-156.6236,20.8083],[-156.6228,20.8092],[-156.6209,20.8091],[-156.618,20.8074],[-156.6138,20.8097],[-156.6122,20.8101],[-156.6098,20.8102],[-156.6075,20.8096],[-156.5945,20.8289],[-156.5916,20.8315],[-156.5887,20.8333],[-156.5883,20.8353],[-156.5863,20.8392],[-156.5846,20.8407],[-156.5817,20.8406],[-156.5808,20.8442],[-156.5789,20.8465],[-156.5778,20.8488],[-156.5746,20.8509],[-156.5737,20.8526],[-156.5728,20.8532],[-156.5714,20.8564],[-156.5676,20.8574],[-156.5675,20.8585],[-156.569,20.8599],[-156.5699,20.8616],[-156.5715,20.8622],[-156.5727,20.8634],[-156.5749,20.8641],[-156.5768,20.8635],[-156.5777,20.8637],[-156.5787,20.8647],[-156.579,20.8664],[-156.5803,20.868],[-156.583,20.8695],[-156.5845,20.8697],[-156.5856,20.8713],[-156.5879,20.8707],[-156.5905,20.8723]]]}},{"type":"Feature","properties":{"id":656,"ahupuaa":"Makawao","moku":"Hāmākuapoko","acres":7615},"geometry":{"type":"Polygon","coordinates":[[[-156.3096,20.8666],[-156.3116,20.8646],[-156.3153,20.8626],[-156.3319,20.851],[-156.3328,20.8469],[-156.3341,20.8452],[-156.3328,20.8439],[-156.3311,20.8446],[-156.3281,20.844],[-156.3263,20.8423],[-156.3257,20.8403],[-156.3247,20.8399],[-156.3249,20.8384],[-156.3213,20.8332],[-156.3201,20.8334],[-156.319,20.8326],[-156.3174,20.8326],[-156.3161,20.8318],[-156.3156,20.8313],[-156.3156,20.83],[-156.3127,20.8283],[-156.3118,20.8271],[-156.3115,20.8263],[-156.3121,20.8257],[-156.3114,20.8244],[-156.3078,20.8223],[-156.3073,20.821],[-156.3056,20.8198],[-156.3034,20.817],[-156.3006,20.8157],[-156.297,20.815],[-156.2957,20.8138],[-156.2942,20.8136],[-156.2937,20.8116],[-156.2928,20.8103],[-156.2906,20.8085],[-156.2902,20.8076],[-156.2892,20.8073],[-156.2882,20.8059],[-156.2873,20.8057],[-156.2865,20.804],[-156.2844,20.803],[-156.2833,20.8006],[-156.2809,20.8],[-156.272,20.8047],[-156.2428,20.8009],[-156.2722,20.8415],[-156.2722,20.844],[-156.2732,20.8445],[-156.2738,20.8457],[-156.2759,20.845],[-156.2763,20.8457],[-156.277,20.8453],[-156.2783,20.8459],[-156.2791,20.8474],[-156.2829,20.8471],[-156.2837,20.8477],[-156.288,20.8481],[-156.2888,20.8487],[-156.2891,20.8499],[-156.291,20.8505],[-156.2925,20.849],[-156.2943,20.8491],[-156.2955,20.85],[-156.2982,20.854],[-156.2977,20.8559],[-156.2992,20.8565],[-156.3014,20.859],[-156.3007,20.8604],[-156.3017,20.8618],[-156.3026,20.862],[-156.3031,20.863],[-156.3048,20.8639],[-156.3086,20.8641],[-156.3096,20.8666]]]}},{"type":"Feature","properties":{"id":671,"ahupuaa":"ʻŌmaʻopio","moku":"Kula","acres":4206},"geometry":{"type":"Polygon","coordinates":[[[-156.3685,20.8081],[-156.3669,20.8047],[-156.365,20.8027],[-156.3608,20.8016],[-156.3582,20.7997],[-156.3537,20.7985],[-156.3523,20.7963],[-156.35,20.7944],[-156.3486,20.7946],[-156.3466,20.7935],[-156.3449,20.7923],[-156.344,20.791],[-156.3422,20.7907],[-156.3407,20.7912],[-156.3396,20.7902],[-156.3375,20.7898],[-156.336,20.7889],[-156.3345,20.7896],[-156.331,20.7896],[-156.3273,20.7861],[-156.3234,20.7851],[-156.3211,20.781],[-156.3201,20.7801],[-156.3162,20.7786],[-156.3146,20.7774],[-156.3125,20.7771],[-156.3116,20.7747],[-156.3105,20.774],[-156.3041,20.772],[-156.3018,20.7726],[-156.3005,20.7739],[-156.2994,20.7742],[-156.2966,20.7723],[-156.2949,20.7721],[-156.2938,20.7712],[-156.292,20.7709],[-156.2892,20.7694],[-156.2868,20.7695],[-156.2851,20.7687],[-156.2834,20.769],[-156.2984,20.7849],[-156.3098,20.7898],[-156.3211,20.7981],[-156.326,20.7996],[-156.3272,20.8017],[-156.3299,20.8016],[-156.3312,20.8028],[-156.3329,20.8029],[-156.3337,20.8043],[-156.3396,20.8052],[-156.344,20.8095],[-156.3556,20.8176],[-156.3749,20.8199],[-156.3987,20.824],[-156.4071,20.8235],[-156.4045,20.8228],[-156.4024,20.821],[-156.3984,20.8198],[-156.3971,20.8188],[-156.3952,20.8187],[-156.3924,20.8169],[-156.3911,20.8155],[-156.3894,20.8156],[-156.3861,20.8135],[-156.3847,20.8139],[-156.3837,20.8129],[-156.3831,20.8131],[-156.3826,20.8122],[-156.3811,20.8121],[-156.3802,20.8109],[-156.3778,20.8102],[-156.3761,20.8089],[-156.3747,20.8088],[-156.3711,20.8098],[-156.3685,20.8081]]]}},{"type":"Feature","properties":{"id":583,"ahupuaa":"Honokōhau","moku":"Kāʻanapali","acres":8817},"geometry":{"type":"Polygon","coordinates":[[[-156.627,21.0225],[-156.6266,21.0147],[-156.6165,21.004],[-156.6066,20.9832],[-156.6068,20.9806],[-156.6059,20.9789],[-156.6058,20.9747],[-156.6071,20.9707],[-156.6069,20.9682],[-156.6077,20.9656],[-156.6041,20.9577],[-156.6042,20.9535],[-156.6038,20.9528],[-156.6018,20.952],[-156.6,20.95],[-156.5977,20.9444],[-156.5984,20.9418],[-156.5977,20.9404],[-156.5966,20.9399],[-156.5954,20.9381],[-156.5955,20.9369],[-156.5924,20.929],[-156.5923,20.9276],[-156.5933,20.9246],[-156.5922,20.9196],[-156.5928,20.9182],[-156.5919,20.9098],[-156.5924,20.9059],[-156.5883,20.8994],[-156.5884,20.8982],[-156.5865,20.8931],[-156.5868,20.8918],[-156.5863,20.8903],[-156.5803,20.8909],[-156.5755,20.8923],[-156.575,20.8928],[-156.5758,20.8939],[-156.5811,20.8978],[-156.5834,20.9013],[-156.5834,20.9024],[-156.5822,20.905],[-156.5796,20.9067],[-156.5779,20.9093],[-156.577,20.9095],[-156.5757,20.909],[-156.5742,20.9107],[-156.5736,20.9125],[-156.5741,20.9154],[-156.5725,20.9173],[-156.573,20.9181],[-156.5746,20.918],[-156.5756,20.9186],[-156.5763,20.9201],[-156.5761,20.9211],[-156.5784,20.9238],[-156.5794,20.9261],[-156.5794,20.9271],[-156.5789,20.9276],[-156.5793,20.9288],[-156.5786,20.9334],[-156.58,20.9382],[-156.5796,20.9413],[-156.5788,20.9434],[-156.5807,20.9478],[-156.5809,20.953],[-156.5813,20.9537],[-156.5818,20.9535],[-156.5822,20.9585],[-156.5816,20.9598],[-156.582,20.9641],[-156.5815,20.9657],[-156.583,20.9677],[-156.5834,20.9692],[-156.5829,20.9755],[-156.5847,20.9779],[-156.5848,20.9791],[-156.586,20.9802],[-156.5855,20.9824],[-156.5863,20.9853],[-156.5824,20.9912],[-156.581,20.9964],[-156.5832,21.002],[-156.5826,21.0049],[-156.5835,21.0092],[-156.584,21.0186],[-156.585,21.0206],[-156.5854,21.0205],[-156.5844,21.0217],[-156.585,21.0214],[-156.5873,21.0222],[-156.5886,21.0247],[-156.5888,21.0261],[-156.5881,21.0268],[-156.5885,21.0286],[-156.588,21.03],[-156.5886,21.0309],[-156.5893,21.0296],[-156.5914,21.0296],[-156.5918,21.0289],[-156.5932,21.0293],[-156.5932,21.0308],[-156.594,21.0302],[-156.5965,21.031],[-156.5972,21.0305],[-156.5992,21.0305],[-156.6019,21.0314],[-156.6033,21.0312],[-156.6045,21.0301],[-156.6042,21.0293],[-156.6048,21.0291],[-156.6043,21.0283],[-156.6056,21.0279],[-156.6071,21.026],[-156.6076,21.026],[-156.608,21.0248],[-156.6092,21.024],[-156.6091,21.0214],[-156.6103,21.0212],[-156.6126,21.0232],[-156.6166,21.0248],[-156.6169,21.0243],[-156.6187,21.0244],[-156.6189,21.0238],[-156.6206,21.0237],[-156.6213,21.0226],[-156.624,21.0222],[-156.627,21.0225]]]}},{"type":"Feature","properties":{"id":584,"ahupuaa":"Honolua","moku":"Kāʻanapali","acres":4131},"geometry":{"type":"Polygon","coordinates":[[[-156.627,21.0225],[-156.63,21.0239],[-156.6304,21.0254],[-156.6312,21.0244],[-156.6317,21.025],[-156.6318,21.0246],[-156.6326,21.0246],[-156.6328,21.0253],[-156.6346,21.0254],[-156.6373,21.0241],[-156.6389,21.0247],[-156.6391,21.0252],[-156.6397,21.0244],[-156.6401,21.0245],[-156.6402,21.0238],[-156.6412,21.0241],[-156.6408,21.0225],[-156.6413,21.0223],[-156.641,21.02],[-156.6414,21.0192],[-156.6402,21.018],[-156.6401,21.0169],[-156.639,21.0164],[-156.638,21.0149],[-156.6379,21.0133],[-156.6386,21.013],[-156.6408,21.0134],[-156.6416,21.0141],[-156.6411,21.0131],[-156.6423,21.0112],[-156.6431,21.0112],[-156.6436,21.0118],[-156.6437,21.0113],[-156.6442,21.0114],[-156.6453,21.0122],[-156.6453,21.0116],[-156.6468,21.0112],[-156.6459,21.0102],[-156.6464,21.0089],[-156.6471,21.0088],[-156.6481,21.0076],[-156.642,21.0021],[-156.6387,20.9967],[-156.6368,20.9949],[-156.6357,20.9952],[-156.6336,20.9925],[-156.6299,20.9914],[-156.63,20.9889],[-156.6266,20.9846],[-156.6108,20.9508],[-156.607,20.9466],[-156.6049,20.945],[-156.6042,20.9406],[-156.6026,20.9392],[-156.5997,20.9324],[-156.5999,20.9294],[-156.5968,20.9255],[-156.5956,20.9221],[-156.5927,20.9184],[-156.5922,20.9196],[-156.5933,20.9246],[-156.5923,20.9276],[-156.5924,20.929],[-156.5955,20.9369],[-156.5954,20.9381],[-156.5966,20.9399],[-156.5977,20.9404],[-156.5984,20.9418],[-156.5977,20.9444],[-156.6,20.95],[-156.6018,20.952],[-156.6038,20.9528],[-156.6042,20.9535],[-156.6041,20.9577],[-156.6077,20.9656],[-156.6069,20.9682],[-156.6071,20.9707],[-156.6058,20.9747],[-156.6059,20.9789],[-156.6068,20.9806],[-156.6066,20.9832],[-156.6165,21.004],[-156.6266,21.0147],[-156.627,21.0225]]]}},{"type":"Feature","properties":{"id":585,"ahupuaa":"Kahakuloa","moku":"Kāʻanapali","acres":10351},"geometry":{"type":"Polygon","coordinates":[[[-156.581,21.0168],[-156.5841,21.0192],[-156.5835,21.0092],[-156.5826,21.0049],[-156.5832,21.002],[-156.581,20.9964],[-156.5824,20.9912],[-156.5863,20.9853],[-156.5855,20.9824],[-156.586,20.9802],[-156.5848,20.9791],[-156.5847,20.9779],[-156.5829,20.9755],[-156.5834,20.9692],[-156.583,20.9677],[-156.5815,20.9657],[-156.582,20.9641],[-156.5816,20.9598],[-156.5822,20.9585],[-156.5818,20.9535],[-156.5813,20.9537],[-156.5809,20.953],[-156.5807,20.9478],[-156.5788,20.9434],[-156.5796,20.9413],[-156.58,20.9382],[-156.5786,20.9334],[-156.5793,20.9288],[-156.5789,20.9276],[-156.5794,20.9271],[-156.5794,20.9261],[-156.5784,20.9238],[-156.5761,20.9211],[-156.5763,20.9201],[-156.5756,20.9186],[-156.5746,20.918],[-156.573,20.9181],[-156.5725,20.9173],[-156.5714,20.9186],[-156.5703,20.9191],[-156.5696,20.9218],[-156.5683,20.9227],[-156.5685,20.9241],[-156.568,20.9256],[-156.5685,20.9278],[-156.5679,20.9291],[-156.5651,20.9305],[-156.563,20.933],[-156.5631,20.9343],[-156.5651,20.9371],[-156.5642,20.9384],[-156.5645,20.9394],[-156.5631,20.9399],[-156.5624,20.9407],[-156.5606,20.9409],[-156.5579,20.9448],[-156.5572,20.945],[-156.555,20.9442],[-156.5522,20.9456],[-156.5512,20.947],[-156.5462,20.9474],[-156.5453,20.9481],[-156.5421,20.9479],[-156.5375,20.9487],[-156.5359,20.9484],[-156.5261,20.9523],[-156.5232,20.9547],[-156.5183,20.9576],[-156.5197,20.9583],[-156.5194,20.9604],[-156.5205,20.9607],[-156.5212,20.9616],[-156.5209,20.9619],[-156.5242,20.9634],[-156.5255,20.9649],[-156.5251,20.9667],[-156.5257,20.9673],[-156.5268,20.9712],[-156.5266,20.9721],[-156.5256,20.9727],[-156.5265,20.9729],[-156.5269,20.9753],[-156.5262,20.9759],[-156.526,20.9775],[-156.5246,20.9775],[-156.524,20.9787],[-156.5247,20.9793],[-156.5265,20.9795],[-156.5271,20.9802],[-156.5269,20.9808],[-156.5258,20.9806],[-156.525,20.9811],[-156.5252,20.9816],[-156.5264,20.9811],[-156.5267,20.9821],[-156.5263,20.9826],[-156.5269,20.9825],[-156.5262,20.9834],[-156.5266,20.9841],[-156.5259,20.9843],[-156.5257,20.9852],[-156.5273,20.9857],[-156.5295,20.9845],[-156.5324,20.9845],[-156.5356,20.9848],[-156.5363,20.9857],[-156.5361,20.9863],[-156.5372,20.9858],[-156.5374,20.9891],[-156.5388,20.9889],[-156.5395,20.9893],[-156.5403,20.9915],[-156.5397,20.992],[-156.5411,20.9922],[-156.5413,20.994],[-156.5421,20.9945],[-156.5425,20.9955],[-156.5426,20.9979],[-156.5422,20.9987],[-156.5436,20.9993],[-156.5436,21.0006],[-156.5441,21.001],[-156.5434,21.0019],[-156.5459,21.0023],[-156.5471,21.0016],[-156.5478,20.9996],[-156.5491,20.9989],[-156.5493,20.9981],[-156.551,20.9981],[-156.5525,20.9994],[-156.5536,21.003],[-156.5543,21.0032],[-156.5542,21.0045],[-156.5548,21.0045],[-156.5543,21.0052],[-156.5555,21.0059],[-156.555,21.0066],[-156.5551,21.0078],[-156.5545,21.0083],[-156.5549,21.009],[-156.5558,21.0089],[-156.5559,21.0103],[-156.5563,21.0099],[-156.5575,21.0101],[-156.5575,21.012],[-156.5584,21.0113],[-156.5588,21.0124],[-156.5603,21.013],[-156.5619,21.0118],[-156.5648,21.0122],[-156.5656,21.0118],[-156.5685,21.0144],[-156.569,21.0158],[-156.5727,21.0181],[-156.5745,21.0175],[-156.5772,21.0175],[-156.5777,21.0168],[-156.5798,21.0165],[-156.581,21.0168]]]}},{"type":"Feature","properties":{"id":586,"ahupuaa":"Honokahua","moku":"Kāʻanapali","acres":3412},"geometry":{"type":"Polygon","coordinates":[[[-156.6481,21.0076],[-156.65,21.0054],[-156.6531,21.0046],[-156.6538,21.0047],[-156.654,21.0054],[-156.655,21.0059],[-156.6558,21.008],[-156.6562,21.0078],[-156.6567,21.0087],[-156.657,21.0083],[-156.6565,21.0077],[-156.6566,21.0051],[-156.6574,21.0052],[-156.6578,21.0045],[-156.6604,21.0042],[-156.6617,21.0046],[-156.6628,21.0039],[-156.6669,21.0068],[-156.6661,21.0049],[-156.6667,21.0047],[-156.6669,21.0036],[-156.6672,21.0037],[-156.6665,21.0017],[-156.6675,21.0014],[-156.668,21.0023],[-156.6685,21.0022],[-156.6664,21.0003],[-156.6623,20.9988],[-156.6566,20.994],[-156.6553,20.9919],[-156.6517,20.9889],[-156.6453,20.9855],[-156.6387,20.9768],[-156.6327,20.9716],[-156.6314,20.9693],[-156.6256,20.9666],[-156.6236,20.964],[-156.6234,20.9625],[-156.6226,20.9614],[-156.6224,20.9598],[-156.6231,20.9576],[-156.6217,20.9558],[-156.6218,20.9536],[-156.6212,20.9524],[-156.6212,20.9507],[-156.619,20.9492],[-156.62,20.9482],[-156.6198,20.9479],[-156.6182,20.9469],[-156.6145,20.9431],[-156.6177,20.9368],[-156.6175,20.9356],[-156.616,20.9342],[-156.6135,20.9341],[-156.6101,20.9305],[-156.608,20.9265],[-156.6063,20.926],[-156.6018,20.9232],[-156.5979,20.9199],[-156.5957,20.9172],[-156.5923,20.9149],[-156.5932,20.9195],[-156.5956,20.9221],[-156.5968,20.9255],[-156.6,20.9296],[-156.5995,20.9311],[-156.5997,20.9324],[-156.6026,20.9392],[-156.6042,20.9406],[-156.6049,20.945],[-156.607,20.9466],[-156.6108,20.9508],[-156.6266,20.9846],[-156.63,20.9889],[-156.6299,20.9914],[-156.6336,20.9925],[-156.6357,20.9952],[-156.6368,20.9949],[-156.6387,20.9967],[-156.642,21.0021],[-156.6481,21.0076]]]}},{"type":"Feature","properties":{"id":614,"ahupuaa":"Mokupapa","moku":"Hāmākualoa","acres":197},"geometry":{"type":"Polygon","coordinates":[[[-156.226,20.9142],[-156.2261,20.915],[-156.227,20.9146],[-156.2277,20.9155],[-156.2272,20.9166],[-156.2274,20.9175],[-156.2261,20.9194],[-156.2259,20.9208],[-156.2261,20.9212],[-156.2269,20.9209],[-156.2272,20.9217],[-156.2293,20.92],[-156.2289,20.9195],[-156.2321,20.9149],[-156.2309,20.9136],[-156.2325,20.9126],[-156.2327,20.9109],[-156.2344,20.9102],[-156.2367,20.9004],[-156.2353,20.9033],[-156.2314,20.9074],[-156.2291,20.9089],[-156.2286,20.9106],[-156.2278,20.9111],[-156.2275,20.9131],[-156.226,20.9142]]]}},{"type":"Feature","properties":{"id":615,"ahupuaa":"Kahua","moku":"Lāhainā","acres":80},"geometry":{"type":"Polygon","coordinates":[[[-156.6501,20.9215],[-156.6497,20.9225],[-156.6472,20.9225],[-156.6428,20.921],[-156.6457,20.9232],[-156.6486,20.9245],[-156.6555,20.9247],[-156.659,20.9235],[-156.6501,20.9215]]]}},{"type":"Feature","properties":{"id":617,"ahupuaa":"Kapunakea","moku":"Lāhainā","acres":67},"geometry":{"type":"Polygon","coordinates":[[[-156.6383,20.92],[-156.6472,20.9225],[-156.6497,20.9225],[-156.6501,20.9215],[-156.634,20.9175],[-156.6328,20.9186],[-156.6375,20.9203],[-156.6383,20.92]]]}},{"type":"Feature","properties":{"id":587,"ahupuaa":"Nāpili 2-3","moku":"Kāʻanapali","acres":503},"geometry":{"type":"Polygon","coordinates":[[[-156.6665,21.0004],[-156.6669,20.999],[-156.6684,20.9988],[-156.6676,20.9976],[-156.6663,20.9968],[-156.6667,20.9955],[-156.6618,20.9901],[-156.6523,20.985],[-156.6427,20.9759],[-156.6363,20.9737],[-156.6329,20.9717],[-156.6387,20.9768],[-156.6453,20.9855],[-156.6517,20.9889],[-156.6553,20.9919],[-156.6566,20.994],[-156.6623,20.9988],[-156.6665,21.0004]]]}},{"type":"Feature","properties":{"id":588,"ahupuaa":"Nāpili 4-5","moku":"Kāʻanapali","acres":243},"geometry":{"type":"Polygon","coordinates":[[[-156.6667,20.9955],[-156.6675,20.9945],[-156.6683,20.9945],[-156.6629,20.9887],[-156.6604,20.9879],[-156.6542,20.9844],[-156.6503,20.9791],[-156.6435,20.9736],[-156.6407,20.973],[-156.64,20.9721],[-156.6335,20.9705],[-156.6329,20.9717],[-156.6333,20.972],[-156.6363,20.9737],[-156.6427,20.9759],[-156.6523,20.985],[-156.6618,20.9901],[-156.6667,20.9955]]]}},{"type":"Feature","properties":{"id":593,"ahupuaa":"Nāpili 1","moku":"Kāʻanapali","acres":86},"geometry":{"type":"Polygon","coordinates":[[[-156.6329,20.9717],[-156.6335,20.9705],[-156.6307,20.9665],[-156.6261,20.9624],[-156.6225,20.9608],[-156.6236,20.964],[-156.6256,20.9666],[-156.6314,20.9693],[-156.6329,20.9717]]]}},{"type":"Feature","properties":{"id":630,"ahupuaa":"Kuhua","moku":"Lāhainā","acres":234},"geometry":{"type":"Polygon","coordinates":[[[-156.6269,20.9038],[-156.645,20.9069],[-156.6654,20.8982],[-156.6646,20.8961],[-156.6624,20.8952],[-156.6619,20.8954],[-156.6624,20.8964],[-156.6544,20.9025],[-156.6489,20.9034],[-156.643,20.9026],[-156.6329,20.9028],[-156.6293,20.9041],[-156.6279,20.9036],[-156.6269,20.9038]]]}},{"type":"Feature","properties":{"id":589,"ahupuaa":"Honokeana","moku":"Kāʻanapali","acres":555},"geometry":{"type":"Polygon","coordinates":[[[-156.6683,20.9945],[-156.6695,20.9935],[-156.6684,20.9915],[-156.6699,20.9914],[-156.6698,20.9894],[-156.658,20.9805],[-156.6535,20.9778],[-156.65,20.9766],[-156.6479,20.9738],[-156.644,20.9705],[-156.636,20.9659],[-156.6307,20.9645],[-156.627,20.9611],[-156.6227,20.9592],[-156.6225,20.9608],[-156.6261,20.9624],[-156.6307,20.9665],[-156.6335,20.9706],[-156.64,20.9721],[-156.6407,20.973],[-156.6435,20.9736],[-156.6503,20.9791],[-156.6542,20.9844],[-156.6604,20.9879],[-156.6629,20.9887],[-156.6683,20.9945]]]}},{"type":"Feature","properties":{"id":636,"ahupuaa":"Pūʻou","moku":"Lāhainā","acres":105},"geometry":{"type":"Polygon","coordinates":[[[-156.6545,20.8967],[-156.6485,20.8984],[-156.6447,20.8983],[-156.6421,20.8996],[-156.6416,20.9004],[-156.6507,20.9013],[-156.6543,20.9008],[-156.6551,20.8979],[-156.6545,20.8967]]]}},{"type":"Feature","properties":{"id":637,"ahupuaa":"Panaʻewa","moku":"Lāhainā","acres":1590},"geometry":{"type":"Polygon","coordinates":[[[-156.5889,20.8891],[-156.5909,20.8891],[-156.5971,20.8906],[-156.6006,20.8904],[-156.604,20.8922],[-156.6109,20.8941],[-156.6148,20.8965],[-156.6168,20.8969],[-156.6193,20.8967],[-156.6251,20.8986],[-156.6281,20.8985],[-156.6302,20.8996],[-156.6309,20.8996],[-156.6316,20.8986],[-156.6329,20.8982],[-156.6377,20.8979],[-156.6395,20.8983],[-156.6398,20.8974],[-156.6484,20.8951],[-156.655,20.8958],[-156.6586,20.8957],[-156.6613,20.8945],[-156.6617,20.8939],[-156.6631,20.8938],[-156.6643,20.8922],[-156.666,20.8915],[-156.6658,20.8906],[-156.6645,20.8914],[-156.6633,20.8913],[-156.6657,20.8896],[-156.663,20.885],[-156.6598,20.8891],[-156.661,20.8908],[-156.6574,20.892],[-156.6503,20.8895],[-156.647,20.8897],[-156.6455,20.8907],[-156.6441,20.89],[-156.6402,20.8917],[-156.636,20.8907],[-156.6327,20.8889],[-156.6288,20.888],[-156.6212,20.8868],[-156.6178,20.8872],[-156.6127,20.8868],[-156.6083,20.885],[-156.5977,20.8827],[-156.5965,20.8829],[-156.5944,20.8846],[-156.5916,20.8838],[-156.5917,20.885],[-156.5908,20.8861],[-156.5911,20.8871],[-156.5889,20.8891]]]}},{"type":"Feature","properties":{"id":638,"ahupuaa":"East Makaīwa","moku":"Koʻolau","acres":3368},"geometry":{"type":"Polygon","coordinates":[[[-156.1746,20.8734],[-156.1745,20.8745],[-156.1759,20.8766],[-156.1785,20.8776],[-156.1803,20.8791],[-156.1823,20.88],[-156.1831,20.8814],[-156.1868,20.8848],[-156.1914,20.8878],[-156.193,20.8902],[-156.192,20.8918],[-156.1937,20.8908],[-156.1951,20.8891],[-156.1968,20.8883],[-156.1966,20.887],[-156.1976,20.8851],[-156.1985,20.8845],[-156.198,20.8799],[-156.1985,20.8794],[-156.1995,20.8798],[-156.2002,20.8788],[-156.2007,20.876],[-156.2033,20.8735],[-156.2037,20.8721],[-156.2054,20.8709],[-156.2056,20.8669],[-156.2051,20.866],[-156.2058,20.8649],[-156.2056,20.8643],[-156.2062,20.8639],[-156.2059,20.8618],[-156.2064,20.8618],[-156.2075,20.8587],[-156.208,20.8588],[-156.2088,20.858],[-156.2089,20.8572],[-156.2096,20.8573],[-156.2106,20.8564],[-156.2107,20.8555],[-156.2102,20.8553],[-156.2119,20.8532],[-156.2123,20.8506],[-156.2147,20.8468],[-156.216,20.8418],[-156.2186,20.838],[-156.2204,20.8322],[-156.2216,20.8312],[-156.2221,20.8301],[-156.2147,20.8287],[-156.2113,20.8262],[-156.2106,20.8264],[-156.2093,20.8303],[-156.2085,20.8306],[-156.2085,20.8314],[-156.2072,20.8315],[-156.2073,20.8325],[-156.2061,20.8329],[-156.2061,20.8345],[-156.2052,20.8352],[-156.2053,20.8369],[-156.2042,20.8369],[-156.2046,20.8391],[-156.2038,20.8407],[-156.2034,20.841],[-156.2024,20.8407],[-156.201,20.8419],[-156.201,20.8428],[-156.1994,20.8429],[-156.1986,20.8435],[-156.1984,20.8446],[-156.197,20.8454],[-156.1963,20.849],[-156.1944,20.8496],[-156.1947,20.8507],[-156.1935,20.8504],[-156.1919,20.8516],[-156.1886,20.8526],[-156.1879,20.8521],[-156.1867,20.8527],[-156.1857,20.8542],[-156.1859,20.855],[-156.1846,20.8556],[-156.1846,20.8575],[-156.1833,20.8582],[-156.1827,20.8595],[-156.1803,20.8601],[-156.1805,20.8608],[-156.1796,20.8615],[-156.1805,20.8631],[-156.1796,20.8638],[-156.1794,20.8646],[-156.1807,20.866],[-156.18,20.8662],[-156.1794,20.8658],[-156.1786,20.8666],[-156.1772,20.8668],[-156.1773,20.8692],[-156.1762,20.8698],[-156.1762,20.8717],[-156.1746,20.8734]]]}},{"type":"Feature","properties":{"id":639,"ahupuaa":"West Kaupakulua","moku":"Hāmākualoa","acres":649},"geometry":{"type":"Polygon","coordinates":[[[-156.2931,20.8879],[-156.2958,20.8933],[-156.2963,20.8932],[-156.2986,20.8915],[-156.2994,20.8902],[-156.2991,20.8897],[-156.3005,20.8883],[-156.2992,20.8862],[-156.2996,20.8854],[-156.2986,20.8851],[-156.2982,20.8843],[-156.298,20.8804],[-156.2986,20.8807],[-156.2994,20.8803],[-156.2998,20.879],[-156.2993,20.8787],[-156.2995,20.8777],[-156.2986,20.8769],[-156.2984,20.8757],[-156.2892,20.8756],[-156.2864,20.869],[-156.285,20.8636],[-156.2818,20.859],[-156.2816,20.8578],[-156.2804,20.8569],[-156.2791,20.8541],[-156.2776,20.8532],[-156.2767,20.8513],[-156.2757,20.8511],[-156.2741,20.8498],[-156.2719,20.8502],[-156.2721,20.8516],[-156.2737,20.8536],[-156.2733,20.8541],[-156.2778,20.8568],[-156.2785,20.8576],[-156.2785,20.8593],[-156.2798,20.8597],[-156.2813,20.8613],[-156.2821,20.8634],[-156.2831,20.8639],[-156.2838,20.8666],[-156.283,20.8684],[-156.2836,20.8687],[-156.2841,20.87],[-156.2837,20.8737],[-156.2848,20.8741],[-156.2856,20.8774],[-156.2907,20.8828],[-156.2917,20.8863],[-156.2931,20.8879]]]}},{"type":"Feature","properties":{"id":590,"ahupuaa":"ʻAlaeloa","moku":"Kāʻanapali","acres":836},"geometry":{"type":"Polygon","coordinates":[[[-156.6698,20.9894],[-156.6699,20.9884],[-156.6704,20.989],[-156.6706,20.9883],[-156.6712,20.9888],[-156.6717,20.9879],[-156.6725,20.9879],[-156.6731,20.9871],[-156.6723,20.9862],[-156.6729,20.9842],[-156.6748,20.9842],[-156.6748,20.9834],[-156.6734,20.9823],[-156.6631,20.9767],[-156.6601,20.9742],[-156.6485,20.9693],[-156.6402,20.9641],[-156.6384,20.9636],[-156.6368,20.9621],[-156.633,20.9619],[-156.6281,20.9585],[-156.6256,20.9547],[-156.6218,20.9536],[-156.6217,20.9558],[-156.6231,20.9576],[-156.6227,20.9592],[-156.627,20.9611],[-156.6307,20.9645],[-156.636,20.9659],[-156.644,20.9705],[-156.6479,20.9738],[-156.65,20.9766],[-156.6535,20.9778],[-156.658,20.9805],[-156.6698,20.9894]]]}},{"type":"Feature","properties":{"id":591,"ahupuaa":"Mailepai","moku":"Kāʻanapali","acres":870},"geometry":{"type":"Polygon","coordinates":[[[-156.6736,20.9825],[-156.6739,20.9814],[-156.676,20.98],[-156.6758,20.9792],[-156.6763,20.9784],[-156.6659,20.9752],[-156.6622,20.9726],[-156.6615,20.9704],[-156.6566,20.9669],[-156.6477,20.962],[-156.6453,20.9598],[-156.6404,20.9569],[-156.6402,20.9561],[-156.6388,20.9553],[-156.6341,20.9556],[-156.6285,20.9525],[-156.6264,20.9517],[-156.6252,20.9519],[-156.6234,20.9495],[-156.62,20.9482],[-156.619,20.9492],[-156.6212,20.9507],[-156.6212,20.9524],[-156.6218,20.9536],[-156.6256,20.9547],[-156.6281,20.9585],[-156.6325,20.9616],[-156.6368,20.9621],[-156.6384,20.9636],[-156.6402,20.9641],[-156.6485,20.9693],[-156.6601,20.9742],[-156.6631,20.9767],[-156.6736,20.9825]]]}},{"type":"Feature","properties":{"id":592,"ahupuaa":"Kahana","moku":"Kāʻanapali","acres":3059},"geometry":{"type":"Polygon","coordinates":[[[-156.6763,20.9784],[-156.6782,20.9773],[-156.6783,20.976],[-156.6792,20.9751],[-156.6807,20.9715],[-156.6809,20.9688],[-156.6821,20.9668],[-156.6834,20.966],[-156.6843,20.9635],[-156.6843,20.9611],[-156.6847,20.9605],[-156.6823,20.9583],[-156.6783,20.9577],[-156.6756,20.9562],[-156.6745,20.9538],[-156.6728,20.9531],[-156.6707,20.9531],[-156.6654,20.9507],[-156.6602,20.9507],[-156.6558,20.9496],[-156.6521,20.9498],[-156.6496,20.9489],[-156.6457,20.9461],[-156.6399,20.9451],[-156.6399,20.9444],[-156.6306,20.9397],[-156.6304,20.94],[-156.6177,20.9368],[-156.6145,20.9431],[-156.6201,20.9483],[-156.6234,20.9495],[-156.6252,20.9519],[-156.6264,20.9517],[-156.6285,20.9525],[-156.6341,20.9556],[-156.6388,20.9553],[-156.6402,20.9561],[-156.6404,20.9569],[-156.6453,20.9598],[-156.6477,20.962],[-156.6566,20.9669],[-156.6615,20.9704],[-156.6622,20.9726],[-156.6659,20.9752],[-156.6763,20.9784]]]}},{"type":"Feature","properties":{"id":594,"ahupuaa":"Māhinahina 4","moku":"Kāʻanapali","acres":188},"geometry":{"type":"Polygon","coordinates":[[[-156.6847,20.9605],[-156.6866,20.9557],[-156.6744,20.953],[-156.6637,20.9499],[-156.6597,20.9499],[-156.6522,20.9487],[-156.6491,20.9477],[-156.6452,20.9453],[-156.6399,20.9444],[-156.6399,20.9451],[-156.6457,20.9461],[-156.6496,20.9489],[-156.6521,20.9498],[-156.6558,20.9496],[-156.6602,20.9507],[-156.6654,20.9507],[-156.6707,20.9531],[-156.6728,20.9531],[-156.6745,20.9538],[-156.6756,20.9562],[-156.6783,20.9577],[-156.6821,20.9582],[-156.6847,20.9605]]]}},{"type":"Feature","properties":{"id":595,"ahupuaa":"Waiheʻe","moku":"Pūʻali Komohana","acres":6462},"geometry":{"type":"Polygon","coordinates":[[[-156.5018,20.9337],[-156.5051,20.9348],[-156.5073,20.9369],[-156.5078,20.9398],[-156.5088,20.9409],[-156.5084,20.9433],[-156.5088,20.9445],[-156.5086,20.9479],[-156.5106,20.9486],[-156.512,20.9503],[-156.5143,20.9514],[-156.5159,20.9516],[-156.5159,20.9524],[-156.5146,20.953],[-156.5161,20.9533],[-156.5161,20.9545],[-156.5156,20.955],[-156.5162,20.9548],[-156.5171,20.9554],[-156.5168,20.9559],[-156.5174,20.9557],[-156.5178,20.9569],[-156.5174,20.9572],[-156.5182,20.9576],[-156.5232,20.9547],[-156.5261,20.9523],[-156.5359,20.9484],[-156.5375,20.9487],[-156.5421,20.9479],[-156.5453,20.9481],[-156.5462,20.9474],[-156.5512,20.947],[-156.5522,20.9456],[-156.555,20.9442],[-156.5576,20.945],[-156.5606,20.9409],[-156.5624,20.9407],[-156.5631,20.9399],[-156.5645,20.9394],[-156.5642,20.9384],[-156.5651,20.9371],[-156.5631,20.9343],[-156.563,20.933],[-156.5651,20.9305],[-156.568,20.9289],[-156.5685,20.9278],[-156.568,20.9256],[-156.5685,20.9241],[-156.5683,20.9227],[-156.5696,20.9218],[-156.5703,20.9191],[-156.5714,20.9186],[-156.5739,20.9159],[-156.5742,20.9147],[-156.5736,20.9125],[-156.574,20.911],[-156.5757,20.909],[-156.577,20.9095],[-156.5779,20.9093],[-156.5796,20.9067],[-156.5822,20.905],[-156.5834,20.9024],[-156.5832,20.9007],[-156.5811,20.8978],[-156.5758,20.8939],[-156.575,20.8928],[-156.5754,20.8924],[-156.5737,20.8924],[-156.5714,20.894],[-156.5703,20.8942],[-156.569,20.8955],[-156.565,20.8962],[-156.5631,20.896],[-156.5597,20.898],[-156.5559,20.902],[-156.5553,20.9054],[-156.5544,20.9071],[-156.551,20.9108],[-156.5507,20.9134],[-156.5489,20.9168],[-156.5484,20.919],[-156.5466,20.9203],[-156.5438,20.9206],[-156.542,20.92],[-156.5338,20.9195],[-156.5324,20.9202],[-156.5305,20.9204],[-156.5297,20.9196],[-156.528,20.9195],[-156.5249,20.9208],[-156.5191,20.9206],[-156.5139,20.922],[-156.5071,20.9231],[-156.5042,20.9249],[-156.5064,20.9274],[-156.507,20.9292],[-156.5049,20.9298],[-156.5052,20.931],[-156.5044,20.9323],[-156.5018,20.9337]]]}},{"type":"Feature","properties":{"id":596,"ahupuaa":"Honokōwai","moku":"Kāʻanapali","acres":4321},"geometry":{"type":"Polygon","coordinates":[[[-156.6399,20.9444],[-156.6452,20.9453],[-156.6491,20.9477],[-156.6522,20.9487],[-156.6597,20.9499],[-156.6637,20.9499],[-156.6744,20.953],[-156.6866,20.9557],[-156.6915,20.9494],[-156.6922,20.9479],[-156.6932,20.9324],[-156.6946,20.9289],[-156.6956,20.929],[-156.6949,20.9285],[-156.6957,20.9287],[-156.6965,20.9279],[-156.6928,20.9252],[-156.691,20.9347],[-156.6909,20.9386],[-156.6875,20.9423],[-156.6852,20.942],[-156.6799,20.94],[-156.6775,20.9386],[-156.6702,20.9362],[-156.6677,20.9362],[-156.659,20.9347],[-156.6405,20.9271],[-156.6175,20.9194],[-156.616,20.9167],[-156.6105,20.9131],[-156.6056,20.911],[-156.6042,20.9086],[-156.6012,20.907],[-156.5992,20.9066],[-156.5976,20.9055],[-156.595,20.9019],[-156.5933,20.9011],[-156.5914,20.8993],[-156.591,20.8976],[-156.5888,20.8954],[-156.5882,20.8933],[-156.5867,20.8916],[-156.5865,20.8931],[-156.5884,20.8982],[-156.5883,20.8994],[-156.5924,20.9059],[-156.5919,20.9087],[-156.5923,20.9149],[-156.5957,20.9172],[-156.5979,20.9199],[-156.6018,20.9232],[-156.6063,20.926],[-156.608,20.9265],[-156.6101,20.9305],[-156.6132,20.9338],[-156.6162,20.9343],[-156.6175,20.9356],[-156.6177,20.9368],[-156.6304,20.94],[-156.6306,20.9397],[-156.6399,20.9444]],[[-156.631,20.9386],[-156.6314,20.9377],[-156.6364,20.9346],[-156.6416,20.9371],[-156.6464,20.9379],[-156.6472,20.9391],[-156.6481,20.9395],[-156.6503,20.9394],[-156.6539,20.941],[-156.6548,20.942],[-156.655,20.9441],[-156.6547,20.9446],[-156.6518,20.9445],[-156.6456,20.9417],[-156.6404,20.9423],[-156.631,20.9386]]]}},{"type":"Feature","properties":{"id":597,"ahupuaa":"Paʻuwela","moku":"Hāmākualoa","acres":573},"geometry":{"type":"Polygon","coordinates":[[[-156.3205,20.9458],[-156.3217,20.9473],[-156.321,20.9463],[-156.3226,20.9466],[-156.3224,20.9457],[-156.324,20.945],[-156.3255,20.9433],[-156.327,20.9439],[-156.327,20.9444],[-156.328,20.9442],[-156.327,20.9398],[-156.3246,20.9387],[-156.3244,20.9356],[-156.3248,20.9333],[-156.3234,20.93],[-156.3239,20.9247],[-156.3231,20.9208],[-156.3223,20.9193],[-156.322,20.9203],[-156.3192,20.9211],[-156.3192,20.9219],[-156.3183,20.9226],[-156.3181,20.9234],[-156.3186,20.9257],[-156.3169,20.927],[-156.3159,20.9271],[-156.3152,20.9286],[-156.3137,20.9289],[-156.3135,20.9308],[-156.3125,20.9325],[-156.3139,20.9345],[-156.3137,20.9357],[-156.3147,20.937],[-156.3196,20.9411],[-156.3205,20.9458]]]}},{"type":"Feature","properties":{"id":598,"ahupuaa":"ʻŌpana","moku":"Hāmākualoa","acres":1611},"geometry":{"type":"Polygon","coordinates":[[[-156.2786,20.9418],[-156.2792,20.9436],[-156.2806,20.9441],[-156.2818,20.9456],[-156.2829,20.9456],[-156.2831,20.9449],[-156.2849,20.9441],[-156.2869,20.9441],[-156.287,20.9355],[-156.2857,20.9304],[-156.2857,20.9246],[-156.2844,20.9135],[-156.2819,20.9112],[-156.2807,20.9083],[-156.2806,20.9058],[-156.2761,20.8998],[-156.2756,20.8977],[-156.2773,20.8946],[-156.2763,20.8928],[-156.2776,20.8917],[-156.2781,20.8905],[-156.2784,20.8872],[-156.2802,20.8824],[-156.2799,20.8796],[-156.2779,20.8746],[-156.2775,20.8704],[-156.2758,20.869],[-156.2756,20.8677],[-156.2727,20.864],[-156.271,20.8605],[-156.2714,20.8584],[-156.2696,20.8491],[-156.2655,20.8413],[-156.2543,20.8324],[-156.2548,20.8339],[-156.2559,20.835],[-156.2564,20.8377],[-156.2577,20.839],[-156.2581,20.8402],[-156.2592,20.8402],[-156.2589,20.841],[-156.2604,20.8433],[-156.2617,20.8437],[-156.2615,20.8441],[-156.2624,20.8446],[-156.2623,20.8457],[-156.264,20.8477],[-156.264,20.8491],[-156.2646,20.8494],[-156.2651,20.8507],[-156.2627,20.8549],[-156.264,20.856],[-156.2636,20.8567],[-156.2642,20.8572],[-156.2642,20.8583],[-156.2658,20.8593],[-156.2651,20.8602],[-156.2663,20.8605],[-156.2655,20.861],[-156.2653,20.8619],[-156.2659,20.8615],[-156.2676,20.8616],[-156.2676,20.8632],[-156.2668,20.8642],[-156.2676,20.8651],[-156.2674,20.8664],[-156.2685,20.8665],[-156.2682,20.8676],[-156.2692,20.8687],[-156.2701,20.8681],[-156.2707,20.8727],[-156.2717,20.8728],[-156.271,20.8738],[-156.2727,20.8739],[-156.273,20.8745],[-156.2717,20.8749],[-156.2715,20.8754],[-156.2726,20.8761],[-156.2732,20.8777],[-156.274,20.878],[-156.2726,20.8796],[-156.2732,20.8807],[-156.2716,20.8806],[-156.2732,20.8823],[-156.2729,20.8862],[-156.2722,20.8861],[-156.272,20.8865],[-156.274,20.8881],[-156.2731,20.8887],[-156.2729,20.8905],[-156.2735,20.8929],[-156.2745,20.8935],[-156.2735,20.8943],[-156.2735,20.8954],[-156.2773,20.903],[-156.2773,20.9069],[-156.2808,20.9176],[-156.2806,20.9265],[-156.2811,20.9291],[-156.2808,20.9325],[-156.2814,20.9336],[-156.2806,20.9353],[-156.2807,20.9364],[-156.2793,20.9373],[-156.2794,20.9405],[-156.2787,20.9407],[-156.2792,20.9417],[-156.2786,20.9418]]]}},{"type":"Feature","properties":{"id":603,"ahupuaa":"Keaaula","moku":"Hāmākualoa","acres":192},"geometry":{"type":"Polygon","coordinates":[[[-156.2746,20.9356],[-156.2757,20.9372],[-156.2768,20.9404],[-156.2775,20.9413],[-156.2791,20.9418],[-156.2787,20.9407],[-156.2794,20.9405],[-156.2793,20.9373],[-156.2807,20.9364],[-156.2806,20.9353],[-156.2814,20.9336],[-156.2808,20.9325],[-156.2811,20.9318],[-156.2806,20.9265],[-156.2808,20.9176],[-156.2776,20.9079],[-156.2771,20.911],[-156.2802,20.9211],[-156.278,20.9328],[-156.2775,20.9339],[-156.2746,20.9356]]]}},{"type":"Feature","properties":{"id":599,"ahupuaa":"Kuiaha","moku":"Hāmākualoa","acres":313},"geometry":{"type":"Polygon","coordinates":[[[-156.305,20.9397],[-156.3065,20.9395],[-156.3112,20.9418],[-156.3126,20.9437],[-156.3141,20.9441],[-156.3147,20.9451],[-156.3153,20.9444],[-156.3157,20.945],[-156.3161,20.9442],[-156.317,20.9441],[-156.3172,20.9446],[-156.3175,20.9425],[-156.3185,20.9423],[-156.3193,20.9431],[-156.3189,20.9445],[-156.3195,20.944],[-156.3196,20.9452],[-156.3205,20.9458],[-156.3196,20.9411],[-156.3153,20.9376],[-156.3137,20.9357],[-156.3139,20.9345],[-156.3125,20.9325],[-156.3135,20.9308],[-156.3137,20.9289],[-156.3119,20.9282],[-156.312,20.9294],[-156.3131,20.9297],[-156.3131,20.9306],[-156.3114,20.9326],[-156.3114,20.9335],[-156.3105,20.934],[-156.3097,20.9326],[-156.3098,20.9318],[-156.309,20.9309],[-156.307,20.9307],[-156.3063,20.9317],[-156.3071,20.9326],[-156.3066,20.933],[-156.3054,20.9327],[-156.3049,20.932],[-156.3064,20.9351],[-156.3053,20.9366],[-156.3053,20.9379],[-156.3046,20.9388],[-156.305,20.9397]]]}},{"type":"Feature","properties":{"id":600,"ahupuaa":"Haʻikū","moku":"Hāmākualoa","acres":5262},"geometry":{"type":"Polygon","coordinates":[[[-156.328,20.9442],[-156.3288,20.9441],[-156.3287,20.9447],[-156.3293,20.9452],[-156.3296,20.9438],[-156.3307,20.9426],[-156.3319,20.9423],[-156.3334,20.943],[-156.3337,20.9405],[-156.3344,20.9399],[-156.3372,20.9385],[-156.3394,20.9387],[-156.3391,20.9361],[-156.3395,20.9355],[-156.3412,20.9376],[-156.343,20.9385],[-156.3469,20.9378],[-156.3498,20.9387],[-156.3455,20.93],[-156.3354,20.9122],[-156.3297,20.9084],[-156.3295,20.9073],[-156.3284,20.9066],[-156.3288,20.9035],[-156.327,20.9025],[-156.3257,20.8976],[-156.3242,20.8956],[-156.3244,20.8941],[-156.3227,20.8934],[-156.3223,20.8885],[-156.3235,20.8873],[-156.3232,20.884],[-156.324,20.8826],[-156.3241,20.8813],[-156.325,20.8804],[-156.3237,20.8789],[-156.3235,20.8773],[-156.3214,20.8768],[-156.3218,20.8751],[-156.3213,20.8742],[-156.3195,20.8735],[-156.3191,20.8727],[-156.3178,20.8727],[-156.3167,20.8715],[-156.3157,20.8713],[-156.314,20.869],[-156.3141,20.8682],[-156.3129,20.8679],[-156.3114,20.8686],[-156.3094,20.8664],[-156.3086,20.8641],[-156.3048,20.8639],[-156.3031,20.863],[-156.3026,20.862],[-156.3018,20.8619],[-156.3007,20.8604],[-156.3014,20.859],[-156.2992,20.8565],[-156.2977,20.8559],[-156.2982,20.854],[-156.2955,20.85],[-156.2943,20.8491],[-156.2925,20.849],[-156.291,20.8505],[-156.2891,20.8499],[-156.2888,20.8487],[-156.288,20.8481],[-156.2837,20.8477],[-156.2829,20.8471],[-156.2791,20.8474],[-156.2783,20.8459],[-156.277,20.8453],[-156.2763,20.8457],[-156.2759,20.845],[-156.2738,20.8457],[-156.2732,20.8445],[-156.2722,20.844],[-156.2722,20.8415],[-156.2691,20.8446],[-156.2698,20.8461],[-156.2697,20.8479],[-156.2703,20.8485],[-156.2702,20.8493],[-156.2711,20.8499],[-156.2712,20.8509],[-156.272,20.8509],[-156.2719,20.8502],[-156.2741,20.8498],[-156.2757,20.8511],[-156.2767,20.8513],[-156.2776,20.8532],[-156.2791,20.8541],[-156.2804,20.8569],[-156.2816,20.8578],[-156.2818,20.859],[-156.285,20.8636],[-156.2864,20.869],[-156.2892,20.8756],[-156.2984,20.8757],[-156.2986,20.8769],[-156.2995,20.8777],[-156.2993,20.8787],[-156.2998,20.879],[-156.2994,20.8803],[-156.2986,20.8807],[-156.298,20.8804],[-156.2982,20.8843],[-156.2986,20.8851],[-156.2996,20.8854],[-156.2992,20.8862],[-156.3001,20.888],[-156.3024,20.8891],[-156.3021,20.891],[-156.3028,20.8934],[-156.3045,20.8941],[-156.3056,20.8932],[-156.3132,20.8911],[-156.3134,20.8928],[-156.3146,20.8945],[-156.3134,20.8964],[-156.3143,20.8973],[-156.3141,20.9029],[-156.3162,20.9052],[-156.3151,20.908],[-156.3179,20.9106],[-156.3178,20.911],[-156.3186,20.9109],[-156.3198,20.9122],[-156.3207,20.9122],[-156.3216,20.9131],[-156.3214,20.9138],[-156.3224,20.9155],[-156.3216,20.9166],[-156.3239,20.9247],[-156.3234,20.93],[-156.3248,20.9333],[-156.3244,20.9356],[-156.3246,20.9387],[-156.327,20.9398],[-156.328,20.9442]]]}},{"type":"Feature","properties":{"id":601,"ahupuaa":"Ulumalu","moku":"Hāmākualoa","acres":1503},"geometry":{"type":"Polygon","coordinates":[[[-156.2869,20.9441],[-156.2875,20.944],[-156.288,20.9432],[-156.2914,20.9427],[-156.2929,20.9415],[-156.2956,20.9428],[-156.2957,20.9408],[-156.2965,20.9401],[-156.296,20.9386],[-156.2966,20.9366],[-156.2963,20.9354],[-156.2967,20.9349],[-156.2959,20.9293],[-156.2951,20.9287],[-156.2936,20.9291],[-156.2943,20.9278],[-156.2927,20.9269],[-156.2921,20.9257],[-156.2904,20.9184],[-156.2907,20.9166],[-156.2889,20.9112],[-156.2893,20.9099],[-156.2879,20.9087],[-156.2881,20.906],[-156.2873,20.9051],[-156.2855,20.9],[-156.2864,20.8964],[-156.287,20.8957],[-156.2863,20.8947],[-156.2869,20.8947],[-156.2873,20.8941],[-156.2865,20.8936],[-156.2869,20.893],[-156.2864,20.8925],[-156.2866,20.892],[-156.279,20.8736],[-156.2771,20.8629],[-156.272,20.8568],[-156.2716,20.8565],[-156.2715,20.8563],[-156.2711,20.8558],[-156.2708,20.8555],[-156.2714,20.8584],[-156.271,20.8605],[-156.2727,20.864],[-156.2756,20.8677],[-156.2758,20.869],[-156.2775,20.8704],[-156.2779,20.8746],[-156.2799,20.8796],[-156.2802,20.8824],[-156.2784,20.8872],[-156.2781,20.8905],[-156.2776,20.8917],[-156.2763,20.8928],[-156.2773,20.8946],[-156.2756,20.8977],[-156.2761,20.8998],[-156.2806,20.9058],[-156.2807,20.9083],[-156.2819,20.9112],[-156.2844,20.9135],[-156.2857,20.9246],[-156.2857,20.9304],[-156.287,20.9355],[-156.2869,20.9441]]]}},{"type":"Feature","properties":{"id":602,"ahupuaa":"East Kaupakulua","moku":"Hāmākualoa","acres":293},"geometry":{"type":"Polygon","coordinates":[[[-156.2956,20.9428],[-156.2962,20.943],[-156.2965,20.9423],[-156.2978,20.9421],[-156.2985,20.941],[-156.3011,20.9414],[-156.3014,20.936],[-156.3009,20.9289],[-156.3002,20.9266],[-156.2983,20.9236],[-156.297,20.9242],[-156.2957,20.9239],[-156.2943,20.9235],[-156.2927,20.9219],[-156.2914,20.9218],[-156.2921,20.9257],[-156.2927,20.9269],[-156.2943,20.9278],[-156.2935,20.929],[-156.2951,20.9287],[-156.2959,20.9293],[-156.2967,20.9349],[-156.2963,20.9354],[-156.2966,20.9366],[-156.296,20.9386],[-156.2965,20.9401],[-156.2957,20.9408],[-156.2956,20.9428]]]}},{"type":"Feature","properties":{"id":608,"ahupuaa":"Hāmākuapoko","moku":"Hāmākuapoko","acres":6149},"geometry":{"type":"Polygon","coordinates":[[[-156.3498,20.9387],[-156.3505,20.9366],[-156.3521,20.9358],[-156.3537,20.9365],[-156.3556,20.9363],[-156.3558,20.9345],[-156.3573,20.9336],[-156.3606,20.9334],[-156.3618,20.9319],[-156.366,20.9298],[-156.368,20.9294],[-156.3686,20.93],[-156.3697,20.9291],[-156.3703,20.9292],[-156.3705,20.9278],[-156.3698,20.9261],[-156.3711,20.9254],[-156.3713,20.924],[-156.3723,20.9238],[-156.3737,20.9226],[-156.3749,20.9224],[-156.376,20.923],[-156.3768,20.9222],[-156.3778,20.922],[-156.3784,20.92],[-156.3796,20.9195],[-156.3809,20.9198],[-156.3814,20.9191],[-156.3813,20.9175],[-156.382,20.9168],[-156.3857,20.9156],[-156.3927,20.9155],[-156.3936,20.9148],[-156.3932,20.9121],[-156.387,20.9056],[-156.3866,20.9034],[-156.3857,20.9033],[-156.382,20.906],[-156.3567,20.8869],[-156.3551,20.8849],[-156.339,20.8802],[-156.3342,20.8782],[-156.3235,20.8833],[-156.3235,20.8873],[-156.3223,20.8885],[-156.3227,20.8934],[-156.3244,20.8941],[-156.3242,20.8956],[-156.3257,20.8976],[-156.327,20.9025],[-156.3288,20.9035],[-156.3284,20.9066],[-156.3295,20.9073],[-156.3297,20.9084],[-156.3354,20.9122],[-156.3455,20.93],[-156.3498,20.9387]]]}},{"type":"Feature","properties":{"id":609,"ahupuaa":"Kealiʻiiki","moku":"Hāmākualoa","acres":102},"geometry":{"type":"Polygon","coordinates":[[[-156.2662,20.9365],[-156.2674,20.9353],[-156.2681,20.9354],[-156.2689,20.9347],[-156.268,20.9331],[-156.2692,20.9315],[-156.2694,20.9276],[-156.2689,20.9251],[-156.2694,20.9208],[-156.2683,20.9217],[-156.266,20.926],[-156.2662,20.9365]]]}},{"type":"Feature","properties":{"id":610,"ahupuaa":"Hanakaʻōʻō","moku":"Lāhainā","acres":3519},"geometry":{"type":"Polygon","coordinates":[[[-156.6654,20.9216],[-156.6555,20.9247],[-156.6486,20.9245],[-156.6457,20.9232],[-156.6428,20.921],[-156.6383,20.92],[-156.6375,20.9203],[-156.6218,20.9147],[-156.6182,20.9126],[-156.6087,20.9112],[-156.6049,20.9096],[-156.6056,20.911],[-156.6105,20.9131],[-156.616,20.9167],[-156.6175,20.9194],[-156.6405,20.9271],[-156.659,20.9347],[-156.6677,20.9362],[-156.6702,20.9362],[-156.6775,20.9386],[-156.6799,20.94],[-156.6852,20.942],[-156.6872,20.9423],[-156.6886,20.9414],[-156.6909,20.9386],[-156.691,20.9347],[-156.6928,20.9252],[-156.6965,20.9279],[-156.6971,20.9274],[-156.6966,20.9269],[-156.697,20.9265],[-156.6961,20.9268],[-156.6955,20.9262],[-156.6953,20.9248],[-156.6972,20.9169],[-156.6948,20.9132],[-156.6903,20.9107],[-156.6888,20.9093],[-156.6878,20.9072],[-156.6693,20.9081],[-156.6654,20.9216]]]}},{"type":"Feature","properties":{"id":611,"ahupuaa":"Honopou","moku":"Hāmākualoa","acres":5684},"geometry":{"type":"Polygon","coordinates":[[[-156.2272,20.9217],[-156.2273,20.9237],[-156.2281,20.9255],[-156.2278,20.9265],[-156.2283,20.9268],[-156.2273,20.9282],[-156.2276,20.9289],[-156.2282,20.9289],[-156.2283,20.9278],[-156.2289,20.9281],[-156.2294,20.9277],[-156.2303,20.9288],[-156.2304,20.9284],[-156.2311,20.9288],[-156.2322,20.9277],[-156.2331,20.9291],[-156.2333,20.9285],[-156.2346,20.9288],[-156.2348,20.9303],[-156.2352,20.9296],[-156.2357,20.9298],[-156.236,20.9319],[-156.2368,20.9318],[-156.2384,20.9302],[-156.2393,20.9303],[-156.2403,20.9315],[-156.239,20.9333],[-156.2394,20.9335],[-156.2389,20.9341],[-156.2391,20.9353],[-156.2399,20.9347],[-156.2405,20.9348],[-156.2409,20.9356],[-156.2417,20.935],[-156.2437,20.9356],[-156.2467,20.9332],[-156.2466,20.9306],[-156.2506,20.9212],[-156.2502,20.9178],[-156.2492,20.9163],[-156.2492,20.915],[-156.2503,20.9106],[-156.2526,20.9086],[-156.2526,20.9076],[-156.2532,20.9073],[-156.2528,20.9062],[-156.2535,20.9052],[-156.2528,20.9039],[-156.2534,20.9031],[-156.2527,20.9025],[-156.2525,20.9011],[-156.2519,20.9016],[-156.2515,20.9012],[-156.2522,20.9006],[-156.2521,20.8991],[-156.2526,20.8987],[-156.2523,20.8978],[-156.2528,20.8976],[-156.2528,20.8967],[-156.2523,20.8952],[-156.2515,20.8944],[-156.253,20.8912],[-156.2527,20.89],[-156.2536,20.8899],[-156.2539,20.8894],[-156.2518,20.8891],[-156.2514,20.8886],[-156.2516,20.8878],[-156.2525,20.8877],[-156.2522,20.8869],[-156.2525,20.8845],[-156.2539,20.883],[-156.2536,20.8822],[-156.2522,20.8817],[-156.2512,20.8793],[-156.2523,20.8786],[-156.2536,20.8763],[-156.253,20.8747],[-156.2534,20.8739],[-156.2526,20.8726],[-156.2541,20.8704],[-156.254,20.8698],[-156.2546,20.8691],[-156.2544,20.8683],[-156.2551,20.8679],[-156.2545,20.8674],[-156.2545,20.8666],[-156.2556,20.8658],[-156.2545,20.8649],[-156.2546,20.8639],[-156.2532,20.8633],[-156.2519,20.8607],[-156.2461,20.8341],[-156.2444,20.8343],[-156.2374,20.833],[-156.2374,20.8395],[-156.2369,20.8425],[-156.2363,20.8427],[-156.2366,20.8435],[-156.2363,20.8451],[-156.2355,20.8457],[-156.2349,20.8452],[-156.2342,20.8453],[-156.2339,20.846],[-156.2327,20.8464],[-156.2327,20.8489],[-156.2322,20.8495],[-156.2321,20.8513],[-156.231,20.8532],[-156.2303,20.857],[-156.2284,20.858],[-156.2278,20.8608],[-156.2267,20.8613],[-156.2266,20.8623],[-156.2258,20.8625],[-156.2258,20.8633],[-156.2226,20.8676],[-156.2229,20.8682],[-156.2219,20.8705],[-156.2217,20.8725],[-156.2202,20.8731],[-156.221,20.8737],[-156.2217,20.8733],[-156.2237,20.8758],[-156.2241,20.8776],[-156.2233,20.8797],[-156.2236,20.8803],[-156.2252,20.8811],[-156.2262,20.8808],[-156.2268,20.8796],[-156.2273,20.8802],[-156.2271,20.8811],[-156.2289,20.8806],[-156.229,20.8831],[-156.2311,20.8843],[-156.2315,20.8834],[-156.2329,20.8833],[-156.2346,20.8857],[-156.2331,20.8882],[-156.2331,20.8902],[-156.2324,20.8921],[-156.2309,20.8938],[-156.2298,20.8969],[-156.2266,20.9022],[-156.2243,20.9033],[-156.2216,20.9061],[-156.2181,20.9151],[-156.2204,20.9153],[-156.2221,20.9148],[-156.223,20.9149],[-156.2229,20.9155],[-156.2232,20.9153],[-156.2237,20.9136],[-156.2231,20.9122],[-156.2233,20.911],[-156.2227,20.9109],[-156.2226,20.9088],[-156.2231,20.9085],[-156.224,20.9061],[-156.2259,20.9038],[-156.2308,20.9007],[-156.2344,20.8949],[-156.2341,20.8944],[-156.2356,20.8912],[-156.2356,20.8898],[-156.237,20.8884],[-156.2381,20.8858],[-156.2375,20.8845],[-156.2379,20.8813],[-156.2369,20.8806],[-156.237,20.8782],[-156.2389,20.8766],[-156.2394,20.877],[-156.2377,20.8788],[-156.2379,20.8802],[-156.2396,20.8823],[-156.2392,20.8841],[-156.2395,20.8881],[-156.2374,20.8909],[-156.2383,20.8957],[-156.2376,20.8958],[-156.2376,20.8971],[-156.2384,20.8975],[-156.2384,20.8987],[-156.2367,20.9003],[-156.2344,20.9102],[-156.2327,20.9109],[-156.2325,20.9126],[-156.2309,20.9136],[-156.2321,20.9149],[-156.2289,20.9195],[-156.2293,20.92],[-156.2272,20.9217]]]}},{"type":"Feature","properties":{"id":612,"ahupuaa":"Hāmākualoa","moku":"Hāmākualoa","acres":2764},"geometry":{"type":"Polygon","coordinates":[[[-156.3033,20.9257],[-156.3054,20.9327],[-156.3066,20.933],[-156.3071,20.9326],[-156.3063,20.9317],[-156.307,20.9307],[-156.309,20.9309],[-156.3098,20.9318],[-156.3101,20.9337],[-156.3105,20.934],[-156.3114,20.9335],[-156.3114,20.9326],[-156.3131,20.9306],[-156.3131,20.9297],[-156.312,20.9294],[-156.3119,20.9282],[-156.3141,20.9291],[-156.3154,20.9284],[-156.3159,20.9271],[-156.3169,20.927],[-156.3186,20.9257],[-156.3181,20.9238],[-156.3183,20.9226],[-156.3191,20.9221],[-156.3195,20.9208],[-156.322,20.9203],[-156.3225,20.9189],[-156.322,20.9185],[-156.3216,20.9163],[-156.3224,20.9155],[-156.3214,20.9138],[-156.3216,20.9131],[-156.3207,20.9122],[-156.3198,20.9122],[-156.3186,20.9109],[-156.3178,20.911],[-156.3179,20.9106],[-156.3151,20.908],[-156.3162,20.9052],[-156.3141,20.9029],[-156.3143,20.8973],[-156.3134,20.8964],[-156.3146,20.8945],[-156.3134,20.8928],[-156.3132,20.8911],[-156.3056,20.8932],[-156.3045,20.8941],[-156.3028,20.8934],[-156.3021,20.891],[-156.3024,20.8891],[-156.3005,20.8883],[-156.2991,20.8897],[-156.2994,20.8902],[-156.2986,20.8915],[-156.2963,20.8932],[-156.2958,20.8933],[-156.2944,20.891],[-156.2932,20.8939],[-156.294,20.8958],[-156.2902,20.8981],[-156.2903,20.8973],[-156.2861,20.898],[-156.2855,20.9],[-156.2873,20.9051],[-156.2881,20.906],[-156.2879,20.9087],[-156.2893,20.9099],[-156.2889,20.9112],[-156.2907,20.9166],[-156.2904,20.9184],[-156.2914,20.9218],[-156.2927,20.9219],[-156.2943,20.9235],[-156.2978,20.9241],[-156.2983,20.9236],[-156.2979,20.9209],[-156.2982,20.9183],[-156.3012,20.9249],[-156.3033,20.9257]]]}},{"type":"Feature","properties":{"id":613,"ahupuaa":"Waiehu","moku":"Pūʻali Komohana","acres":3455},"geometry":{"type":"Polygon","coordinates":[[[-156.4905,20.9129],[-156.4918,20.9154],[-156.4919,20.9167],[-156.4913,20.9182],[-156.4921,20.9189],[-156.4926,20.9234],[-156.4933,20.9254],[-156.4954,20.9279],[-156.4969,20.9316],[-156.5018,20.9337],[-156.5044,20.9323],[-156.5052,20.931],[-156.5049,20.9298],[-156.507,20.9292],[-156.5064,20.9274],[-156.5042,20.9249],[-156.5071,20.9231],[-156.5139,20.922],[-156.5191,20.9206],[-156.5249,20.9208],[-156.528,20.9195],[-156.5297,20.9196],[-156.5305,20.9204],[-156.5324,20.9202],[-156.5338,20.9195],[-156.542,20.92],[-156.5438,20.9206],[-156.5466,20.9203],[-156.5484,20.919],[-156.5489,20.9168],[-156.5507,20.9134],[-156.551,20.9108],[-156.5544,20.9071],[-156.5553,20.9054],[-156.5559,20.902],[-156.5597,20.898],[-156.5632,20.896],[-156.5613,20.8947],[-156.559,20.8957],[-156.553,20.8931],[-156.5522,20.8937],[-156.5489,20.8945],[-156.5461,20.8945],[-156.544,20.8965],[-156.5358,20.9009],[-156.5316,20.9012],[-156.5296,20.9021],[-156.527,20.9015],[-156.5207,20.9026],[-156.5166,20.9026],[-156.5152,20.9031],[-156.5148,20.9048],[-156.5125,20.9057],[-156.5061,20.9112],[-156.5062,20.9133],[-156.5055,20.9137],[-156.5039,20.9121],[-156.502,20.9127],[-156.4977,20.9109],[-156.4928,20.9118],[-156.4905,20.9129]]]}},{"type":"Feature","properties":{"id":616,"ahupuaa":"Wahikuli","moku":"Lāhainā","acres":2409},"geometry":{"type":"Polygon","coordinates":[[[-156.634,20.9175],[-156.659,20.9235],[-156.6654,20.9216],[-156.6693,20.9081],[-156.6878,20.9072],[-156.6857,20.9037],[-156.6849,20.9014],[-156.6855,20.8928],[-156.6847,20.8929],[-156.6839,20.8902],[-156.6832,20.8905],[-156.6788,20.8861],[-156.6748,20.8857],[-156.6733,20.8843],[-156.67,20.8869],[-156.6709,20.8881],[-156.6702,20.8889],[-156.6689,20.889],[-156.6678,20.8897],[-156.6671,20.8929],[-156.6659,20.8932],[-156.6628,20.8953],[-156.6646,20.8961],[-156.6654,20.8982],[-156.6652,20.9044],[-156.6638,20.9082],[-156.6589,20.9142],[-156.655,20.9131],[-156.6543,20.9136],[-156.6508,20.9134],[-156.6468,20.9116],[-156.6402,20.9121],[-156.6395,20.9116],[-156.6355,20.9112],[-156.6329,20.9118],[-156.6302,20.9109],[-156.6301,20.9105],[-156.6251,20.9114],[-156.6205,20.9103],[-156.6142,20.9097],[-156.6077,20.9079],[-156.6052,20.9062],[-156.6022,20.9052],[-156.5985,20.9042],[-156.597,20.9043],[-156.5974,20.9053],[-156.5992,20.9066],[-156.6012,20.907],[-156.6042,20.9086],[-156.6049,20.9096],[-156.6087,20.9112],[-156.6182,20.9126],[-156.6218,20.9147],[-156.6328,20.9186],[-156.634,20.9175]]]}},{"type":"Feature","properties":{"id":618,"ahupuaa":"Hanehoi","moku":"Hāmākualoa","acres":766},"geometry":{"type":"Polygon","coordinates":[[[-156.2135,20.904],[-156.2148,20.9062],[-156.2136,20.9075],[-156.2145,20.9093],[-156.2143,20.9131],[-156.2146,20.9136],[-156.2171,20.9139],[-156.2172,20.915],[-156.218,20.915],[-156.2216,20.9061],[-156.2243,20.9033],[-156.2266,20.9022],[-156.2298,20.8969],[-156.2309,20.8938],[-156.2324,20.8921],[-156.2331,20.8902],[-156.2331,20.8882],[-156.2346,20.8857],[-156.2329,20.8833],[-156.2315,20.8834],[-156.2311,20.8843],[-156.229,20.8831],[-156.2288,20.8818],[-156.2292,20.8809],[-156.2286,20.8806],[-156.2271,20.8811],[-156.2273,20.8802],[-156.2268,20.8796],[-156.227,20.8803],[-156.226,20.8829],[-156.2269,20.8839],[-156.2253,20.8849],[-156.2251,20.8871],[-156.224,20.8885],[-156.2246,20.8907],[-156.2236,20.8912],[-156.2237,20.8919],[-156.2231,20.8927],[-156.2208,20.8935],[-156.2202,20.895],[-156.2179,20.8956],[-156.2185,20.8961],[-156.2179,20.8978],[-156.2184,20.8991],[-156.216,20.9014],[-156.2159,20.9032],[-156.2153,20.9033],[-156.2147,20.9024],[-156.2135,20.904]]]}},{"type":"Feature","properties":{"id":640,"ahupuaa":"Moaliʻi","moku":"Lāhainā","acres":160},"geometry":{"type":"Polygon","coordinates":[[[-156.6864,20.8855],[-156.6848,20.8845],[-156.6821,20.8837],[-156.6815,20.8827],[-156.678,20.882],[-156.6752,20.8824],[-156.6733,20.8843],[-156.6748,20.8857],[-156.6788,20.8861],[-156.68,20.8869],[-156.6832,20.8905],[-156.6839,20.8902],[-156.6847,20.8929],[-156.6855,20.8928],[-156.6856,20.8924],[-156.6851,20.8882],[-156.6864,20.8855]]]}},{"type":"Feature","properties":{"id":619,"ahupuaa":"Waipiʻoiki","moku":"Hāmākualoa","acres":251},"geometry":{"type":"Polygon","coordinates":[[[-156.2251,20.9136],[-156.226,20.9142],[-156.2275,20.9131],[-156.2278,20.9111],[-156.2286,20.9106],[-156.2291,20.9089],[-156.2314,20.9074],[-156.2353,20.9033],[-156.2369,20.8999],[-156.2384,20.8987],[-156.2384,20.8975],[-156.2376,20.8971],[-156.2376,20.8958],[-156.2383,20.8957],[-156.2374,20.8909],[-156.2388,20.8894],[-156.2396,20.8877],[-156.2392,20.8861],[-156.2395,20.8818],[-156.2379,20.8802],[-156.2377,20.8788],[-156.2394,20.877],[-156.2389,20.8766],[-156.2369,20.8786],[-156.237,20.8809],[-156.2379,20.8813],[-156.2375,20.8845],[-156.2381,20.8858],[-156.237,20.8884],[-156.2356,20.8898],[-156.2356,20.8912],[-156.2341,20.8944],[-156.2351,20.8958],[-156.2345,20.8998],[-156.2337,20.9006],[-156.2334,20.9024],[-156.2304,20.9043],[-156.2281,20.9073],[-156.2251,20.9136]]]}},{"type":"Feature","properties":{"id":620,"ahupuaa":"Waipiʻonui","moku":"Hāmākualoa","acres":191},"geometry":{"type":"Polygon","coordinates":[[[-156.2237,20.9136],[-156.2251,20.9136],[-156.2281,20.9073],[-156.2299,20.9048],[-156.2334,20.9024],[-156.2337,20.9006],[-156.2345,20.8998],[-156.235,20.8969],[-156.2351,20.8958],[-156.2344,20.8949],[-156.2308,20.9007],[-156.2259,20.9038],[-156.224,20.9061],[-156.2231,20.9085],[-156.2226,20.9088],[-156.2227,20.9109],[-156.2233,20.911],[-156.2231,20.9122],[-156.2237,20.9136]]]}},{"type":"Feature","properties":{"id":621,"ahupuaa":"Wailuku","moku":"Pūʻali Komohana","acres":28168},"geometry":{"type":"Polygon","coordinates":[[[-156.3866,20.9034],[-156.387,20.9056],[-156.3932,20.9121],[-156.3936,20.9148],[-156.3968,20.9131],[-156.4016,20.9129],[-156.401,20.9136],[-156.4029,20.913],[-156.4045,20.9131],[-156.4059,20.9117],[-156.4083,20.911],[-156.4089,20.91],[-156.4109,20.9097],[-156.4125,20.9081],[-156.4143,20.9087],[-156.4166,20.9079],[-156.4195,20.9082],[-156.4222,20.9104],[-156.4253,20.9098],[-156.4313,20.9063],[-156.4336,20.9039],[-156.4362,20.9032],[-156.4372,20.9034],[-156.4384,20.9016],[-156.4409,20.9004],[-156.4432,20.8995],[-156.4467,20.8992],[-156.4477,20.8986],[-156.4474,20.898],[-156.4478,20.8977],[-156.4512,20.8968],[-156.4584,20.8975],[-156.4626,20.8972],[-156.464,20.898],[-156.468,20.8987],[-156.4716,20.9008],[-156.4717,20.9005],[-156.4691,20.8991],[-156.4689,20.8984],[-156.4651,20.8962],[-156.4651,20.8954],[-156.4662,20.8941],[-156.4684,20.8955],[-156.4691,20.895],[-156.4676,20.8941],[-156.4687,20.8928],[-156.4706,20.8917],[-156.4734,20.8911],[-156.4779,20.8944],[-156.4787,20.8957],[-156.4772,20.8967],[-156.4756,20.8996],[-156.474,20.9],[-156.4739,20.9004],[-156.4797,20.8982],[-156.4807,20.9004],[-156.4813,20.9055],[-156.4844,20.9103],[-156.4849,20.9102],[-156.4848,20.9107],[-156.4855,20.9109],[-156.4866,20.9099],[-156.4879,20.9101],[-156.4892,20.911],[-156.4905,20.9129],[-156.4928,20.9118],[-156.4977,20.9109],[-156.502,20.9127],[-156.5039,20.9121],[-156.5055,20.9137],[-156.5062,20.9133],[-156.5061,20.9112],[-156.5125,20.9057],[-156.5148,20.9048],[-156.5152,20.9031],[-156.5166,20.9026],[-156.5207,20.9026],[-156.527,20.9015],[-156.5296,20.9021],[-156.5316,20.9012],[-156.5358,20.9009],[-156.544,20.8965],[-156.5461,20.8945],[-156.5489,20.8945],[-156.5522,20.8937],[-156.553,20.8931],[-156.559,20.8957],[-156.5613,20.8947],[-156.5632,20.896],[-156.565,20.8962],[-156.569,20.8955],[-156.5703,20.8942],[-156.5714,20.894],[-156.5737,20.8924],[-156.5754,20.8924],[-156.5803,20.8909],[-156.5859,20.8905],[-156.5874,20.8895],[-156.5886,20.8893],[-156.5911,20.8871],[-156.5908,20.8861],[-156.5917,20.885],[-156.5916,20.8835],[-156.5904,20.8818],[-156.5902,20.8803],[-156.5888,20.8775],[-156.5905,20.8723],[-156.5879,20.8707],[-156.5854,20.8712],[-156.5845,20.8697],[-156.583,20.8695],[-156.5803,20.868],[-156.579,20.8664],[-156.5788,20.8649],[-156.578,20.8639],[-156.5768,20.8635],[-156.5749,20.8641],[-156.5727,20.8634],[-156.5715,20.8622],[-156.5699,20.8616],[-156.569,20.8599],[-156.5675,20.8585],[-156.5653,20.862],[-156.5636,20.8623],[-156.5624,20.8642],[-156.5589,20.8624],[-156.5566,20.8625],[-156.5549,20.8638],[-156.5524,20.8642],[-156.5515,20.8656],[-156.5496,20.8659],[-156.5429,20.8689],[-156.5384,20.8694],[-156.5342,20.8715],[-156.5255,20.8708],[-156.5213,20.871],[-156.505,20.8682],[-156.4103,20.8245],[-156.4048,20.8314],[-156.3829,20.8685],[-156.3736,20.8803],[-156.3726,20.8807],[-156.3767,20.8855],[-156.377,20.8877],[-156.3795,20.8891],[-156.3796,20.8908],[-156.3823,20.8937],[-156.3835,20.8983],[-156.3844,20.8991],[-156.3849,20.9012],[-156.3866,20.9034]]]}},{"type":"Feature","properties":{"id":622,"ahupuaa":"Aki","moku":"Lāhainā","acres":367},"geometry":{"type":"Polygon","coordinates":[[[-156.6376,20.9093],[-156.6377,20.9115],[-156.6395,20.9116],[-156.6402,20.9121],[-156.6468,20.9116],[-156.6508,20.9134],[-156.6543,20.9136],[-156.655,20.9131],[-156.6589,20.9142],[-156.6638,20.9082],[-156.6647,20.9059],[-156.6455,20.9073],[-156.6431,20.9089],[-156.6441,20.909],[-156.6444,20.9098],[-156.6417,20.9101],[-156.6376,20.9093]]]}},{"type":"Feature","properties":{"id":623,"ahupuaa":"Hāhākea","moku":"Lāhainā","acres":497},"geometry":{"type":"Polygon","coordinates":[[[-156.6376,20.9093],[-156.6343,20.9094],[-156.6303,20.9078],[-156.627,20.9076],[-156.6265,20.9085],[-156.6242,20.9084],[-156.6203,20.9072],[-156.6184,20.9057],[-156.6146,20.9043],[-156.6146,20.9035],[-156.6109,20.9032],[-156.607,20.9013],[-156.6046,20.9016],[-156.5981,20.9002],[-156.592,20.8998],[-156.5933,20.9011],[-156.5948,20.9017],[-156.5969,20.9043],[-156.5985,20.9042],[-156.6022,20.9052],[-156.6052,20.9062],[-156.6077,20.9079],[-156.6142,20.9097],[-156.6205,20.9103],[-156.6251,20.9114],[-156.6301,20.9105],[-156.6302,20.9109],[-156.6319,20.9115],[-156.6341,20.9118],[-156.6355,20.9112],[-156.6377,20.9115],[-156.6376,20.9093]]]}},{"type":"Feature","properties":{"id":646,"ahupuaa":"Pūehuehunui","moku":"Lāhainā","acres":397},"geometry":{"type":"Polygon","coordinates":[[[-156.6315,20.8748],[-156.6309,20.8729],[-156.6287,20.8727],[-156.6259,20.8647],[-156.6239,20.8649],[-156.6203,20.8644],[-156.6183,20.8653],[-156.6068,20.8671],[-156.605,20.8679],[-156.6177,20.8722],[-156.623,20.8718],[-156.6269,20.8772],[-156.6293,20.8755],[-156.6315,20.8748]]]}},{"type":"Feature","properties":{"id":624,"ahupuaa":"West Hanawana","moku":"Hāmākualoa","acres":292},"geometry":{"type":"Polygon","coordinates":[[[-156.2105,20.9028],[-156.2108,20.9031],[-156.2109,20.9026],[-156.2113,20.9027],[-156.2125,20.9036],[-156.2119,20.9046],[-156.2122,20.9051],[-156.2132,20.9049],[-156.2131,20.9041],[-156.2147,20.9024],[-156.2153,20.9033],[-156.2159,20.9032],[-156.216,20.9014],[-156.2185,20.8989],[-156.2179,20.8981],[-156.2185,20.8961],[-156.2179,20.8956],[-156.2202,20.895],[-156.2208,20.8935],[-156.2231,20.8927],[-156.2237,20.8919],[-156.2236,20.8912],[-156.2247,20.8905],[-156.224,20.8885],[-156.2251,20.8871],[-156.2253,20.8849],[-156.2269,20.8839],[-156.226,20.8829],[-156.227,20.8803],[-156.2267,20.8798],[-156.2262,20.8808],[-156.2252,20.8811],[-156.2246,20.8811],[-156.2233,20.8799],[-156.2234,20.883],[-156.2227,20.8864],[-156.2216,20.8869],[-156.2203,20.8891],[-156.219,20.8898],[-156.219,20.8907],[-156.2156,20.8928],[-156.216,20.8943],[-156.215,20.8957],[-156.215,20.8966],[-156.2135,20.8979],[-156.2124,20.8975],[-156.2121,20.8984],[-156.2109,20.899],[-156.2105,20.9028]]]}},{"type":"Feature","properties":{"id":647,"ahupuaa":"Pūehuehuiki","moku":"Lāhainā","acres":23},"geometry":{"type":"Polygon","coordinates":[[[-156.6377,20.8747],[-156.6382,20.8763],[-156.6391,20.8762],[-156.6407,20.8754],[-156.6422,20.8739],[-156.6414,20.8729],[-156.6377,20.8747]]]}},{"type":"Feature","properties":{"id":648,"ahupuaa":"Halakaʻa","moku":"Lāhainā","acres":81},"geometry":{"type":"Polygon","coordinates":[[[-156.6315,20.8748],[-156.6342,20.8744],[-156.6341,20.8738],[-156.6351,20.8736],[-156.6355,20.8727],[-156.635,20.8718],[-156.6346,20.8715],[-156.6322,20.8719],[-156.6301,20.8681],[-156.6279,20.8672],[-156.6277,20.8667],[-156.6267,20.8667],[-156.6287,20.8727],[-156.6309,20.8729],[-156.6315,20.8748]]]}},{"type":"Feature","properties":{"id":625,"ahupuaa":"Grant 3584","moku":"Lāhainā","acres":167},"geometry":{"type":"Polygon","coordinates":[[[-156.6376,20.9093],[-156.6417,20.9101],[-156.6445,20.9097],[-156.6439,20.9089],[-156.6406,20.909],[-156.6359,20.9084],[-156.633,20.9068],[-156.6309,20.9067],[-156.6308,20.9059],[-156.6287,20.905],[-156.6231,20.9039],[-156.6193,20.9042],[-156.617,20.9037],[-156.6146,20.9038],[-156.6146,20.9043],[-156.6184,20.9057],[-156.6203,20.9072],[-156.6242,20.9084],[-156.6265,20.9085],[-156.627,20.9076],[-156.6303,20.9078],[-156.6343,20.9094],[-156.6376,20.9093]]]}},{"type":"Feature","properties":{"id":626,"ahupuaa":"Hāliʻimaile","moku":"Hāmākuapoko","acres":4132},"geometry":{"type":"Polygon","coordinates":[[[-156.3726,20.8807],[-156.3702,20.8793],[-156.3701,20.8776],[-156.3689,20.8753],[-156.3677,20.8738],[-156.3664,20.8732],[-156.366,20.8723],[-156.3647,20.8719],[-156.3637,20.8703],[-156.361,20.8699],[-156.3564,20.8679],[-156.3552,20.8669],[-156.3539,20.8667],[-156.3527,20.8655],[-156.3497,20.864],[-156.3492,20.8625],[-156.3436,20.8597],[-156.3414,20.8577],[-156.3404,20.8555],[-156.3387,20.8542],[-156.3386,20.8509],[-156.3378,20.8497],[-156.3368,20.8463],[-156.3341,20.8452],[-156.3328,20.8469],[-156.3319,20.851],[-156.3153,20.8626],[-156.3116,20.8646],[-156.3096,20.8666],[-156.3116,20.8687],[-156.3129,20.8679],[-156.3141,20.8682],[-156.314,20.869],[-156.3157,20.8713],[-156.3167,20.8715],[-156.3178,20.8727],[-156.3191,20.8727],[-156.3195,20.8735],[-156.3213,20.8742],[-156.3218,20.8751],[-156.3214,20.8768],[-156.3235,20.8773],[-156.3238,20.8791],[-156.325,20.8801],[-156.3239,20.8817],[-156.3238,20.883],[-156.3272,20.8818],[-156.3342,20.8782],[-156.339,20.8802],[-156.3551,20.8849],[-156.3567,20.8869],[-156.382,20.906],[-156.3857,20.9033],[-156.3866,20.9034],[-156.3849,20.9012],[-156.3844,20.8991],[-156.3835,20.8983],[-156.3823,20.8937],[-156.3796,20.8908],[-156.3795,20.8891],[-156.377,20.8877],[-156.3767,20.8855],[-156.3726,20.8807]]]}},{"type":"Feature","properties":{"id":627,"ahupuaa":"East Hanawana","moku":"Hāmākualoa","acres":214},"geometry":{"type":"Polygon","coordinates":[[[-156.2069,20.9016],[-156.2085,20.9028],[-156.2105,20.9028],[-156.2109,20.899],[-156.2121,20.8984],[-156.2124,20.8975],[-156.2135,20.8979],[-156.215,20.8966],[-156.215,20.8957],[-156.216,20.8943],[-156.2156,20.8928],[-156.219,20.8907],[-156.219,20.8898],[-156.2203,20.8891],[-156.2216,20.8869],[-156.2227,20.8864],[-156.2234,20.883],[-156.2233,20.8797],[-156.2241,20.8776],[-156.2235,20.8756],[-156.2218,20.878],[-156.2205,20.8843],[-156.2069,20.9016]]]}},{"type":"Feature","properties":{"id":628,"ahupuaa":"Puʻuki","moku":"Lāhainā","acres":364},"geometry":{"type":"Polygon","coordinates":[[[-156.6431,20.9089],[-156.6455,20.9073],[-156.6647,20.9059],[-156.6652,20.9044],[-156.6654,20.8982],[-156.645,20.9069],[-156.6197,20.9029],[-156.6181,20.9035],[-156.6146,20.9035],[-156.6193,20.9042],[-156.6231,20.9039],[-156.6292,20.9051],[-156.6308,20.9059],[-156.6309,20.9067],[-156.633,20.9068],[-156.6359,20.9084],[-156.6431,20.9089]]]}},{"type":"Feature","properties":{"id":629,"ahupuaa":"Puʻuomāile","moku":"Koʻolau","acres":217},"geometry":{"type":"Polygon","coordinates":[[[-156.2049,20.8991],[-156.2054,20.9007],[-156.2069,20.9016],[-156.2205,20.8843],[-156.2218,20.878],[-156.2235,20.8756],[-156.2217,20.8733],[-156.221,20.8737],[-156.2209,20.8759],[-156.2196,20.8785],[-156.2198,20.8797],[-156.2187,20.8808],[-156.2187,20.8832],[-156.2183,20.8839],[-156.2169,20.885],[-156.2155,20.8854],[-156.2134,20.8879],[-156.2132,20.8889],[-156.2111,20.8908],[-156.2101,20.8932],[-156.2107,20.8954],[-156.2095,20.8953],[-156.2087,20.8974],[-156.2079,20.8982],[-156.2074,20.8984],[-156.2069,20.8979],[-156.2063,20.8989],[-156.2056,20.8986],[-156.2049,20.8991]]]}},{"type":"Feature","properties":{"id":631,"ahupuaa":"Pāpaʻaʻea","moku":"Koʻolau","acres":368},"geometry":{"type":"Polygon","coordinates":[[[-156.2048,20.8989],[-156.2056,20.8986],[-156.2063,20.8989],[-156.2069,20.8979],[-156.2074,20.8984],[-156.2079,20.8982],[-156.2087,20.8974],[-156.2095,20.8953],[-156.2107,20.8954],[-156.2101,20.8932],[-156.2111,20.8908],[-156.2132,20.8889],[-156.2134,20.8879],[-156.2154,20.8855],[-156.2169,20.885],[-156.2187,20.8832],[-156.2187,20.8808],[-156.2198,20.8797],[-156.2196,20.8785],[-156.2209,20.8759],[-156.2207,20.8752],[-156.2162,20.876],[-156.2152,20.8743],[-156.2156,20.8728],[-156.2155,20.8719],[-156.2144,20.8772],[-156.2095,20.8791],[-156.2085,20.884],[-156.2093,20.8846],[-156.209,20.8856],[-156.2101,20.8865],[-156.2093,20.8883],[-156.2096,20.8903],[-156.2083,20.8911],[-156.2075,20.8933],[-156.2077,20.8944],[-156.2061,20.8952],[-156.2065,20.8967],[-156.2058,20.897],[-156.2048,20.8989]]]}},{"type":"Feature","properties":{"id":632,"ahupuaa":"West Makaīwa","moku":"Koʻolau","acres":3115},"geometry":{"type":"Polygon","coordinates":[[[-156.1961,20.8887],[-156.1939,20.8932],[-156.1944,20.8933],[-156.1942,20.8945],[-156.1948,20.8946],[-156.1956,20.8932],[-156.1957,20.8943],[-156.1963,20.8941],[-156.1972,20.8948],[-156.1982,20.8948],[-156.1996,20.8968],[-156.2029,20.8977],[-156.2048,20.8989],[-156.2058,20.897],[-156.2065,20.8967],[-156.2061,20.8952],[-156.2077,20.8944],[-156.2075,20.8933],[-156.2083,20.8911],[-156.2096,20.8903],[-156.2093,20.8883],[-156.2101,20.8865],[-156.209,20.8856],[-156.2093,20.8846],[-156.2085,20.884],[-156.2095,20.8791],[-156.2144,20.8772],[-156.2155,20.8719],[-156.2152,20.8743],[-156.2162,20.876],[-156.2207,20.8752],[-156.2212,20.8739],[-156.2202,20.8731],[-156.2217,20.8725],[-156.2219,20.8705],[-156.2229,20.8682],[-156.2226,20.8676],[-156.2258,20.8633],[-156.2258,20.8625],[-156.2266,20.8623],[-156.2267,20.8613],[-156.2278,20.8608],[-156.2284,20.858],[-156.2303,20.857],[-156.231,20.8532],[-156.2321,20.8513],[-156.2322,20.8495],[-156.2327,20.8489],[-156.2327,20.8464],[-156.2339,20.846],[-156.2342,20.8453],[-156.2349,20.8452],[-156.2355,20.8457],[-156.2363,20.8451],[-156.2366,20.844],[-156.2363,20.8427],[-156.2369,20.8425],[-156.2374,20.8395],[-156.2375,20.8329],[-156.2221,20.8301],[-156.2216,20.8312],[-156.2205,20.832],[-156.2187,20.8378],[-156.2162,20.8414],[-156.2147,20.8468],[-156.2123,20.8506],[-156.2119,20.8532],[-156.2102,20.8553],[-156.2107,20.8555],[-156.2106,20.8564],[-156.2096,20.8573],[-156.2089,20.8572],[-156.2088,20.858],[-156.208,20.8588],[-156.2075,20.8587],[-156.2064,20.8618],[-156.2059,20.8618],[-156.2062,20.8639],[-156.2056,20.8643],[-156.2058,20.8649],[-156.2051,20.866],[-156.2056,20.8669],[-156.2054,20.8709],[-156.2037,20.8721],[-156.2033,20.8735],[-156.2007,20.876],[-156.2002,20.8788],[-156.1995,20.8798],[-156.1985,20.8794],[-156.198,20.8799],[-156.1985,20.8845],[-156.1973,20.8856],[-156.1965,20.8873],[-156.1968,20.8883],[-156.1961,20.8887]]]}},{"type":"Feature","properties":{"id":633,"ahupuaa":"Paunau","moku":"Lāhainā","acres":2157},"geometry":{"type":"Polygon","coordinates":[[[-156.6109,20.9032],[-156.6181,20.9035],[-156.6197,20.9029],[-156.6249,20.9037],[-156.6279,20.9036],[-156.6293,20.9041],[-156.6311,20.9037],[-156.635,20.9014],[-156.6414,20.9006],[-156.6421,20.8996],[-156.6447,20.8983],[-156.6485,20.8984],[-156.6545,20.8967],[-156.6593,20.8965],[-156.6628,20.8953],[-156.6659,20.8932],[-156.6671,20.8929],[-156.6678,20.8897],[-156.6689,20.889],[-156.6702,20.8889],[-156.6709,20.8881],[-156.67,20.8869],[-156.6742,20.8838],[-156.6744,20.8829],[-156.6752,20.8824],[-156.678,20.882],[-156.6815,20.8827],[-156.6821,20.8837],[-156.6834,20.8843],[-156.6848,20.8845],[-156.6864,20.8855],[-156.6867,20.885],[-156.6885,20.8869],[-156.6868,20.8848],[-156.6879,20.8829],[-156.6878,20.8823],[-156.6827,20.8783],[-156.6789,20.8738],[-156.6784,20.8731],[-156.6789,20.8727],[-156.6786,20.8721],[-156.6789,20.8717],[-156.6775,20.8699],[-156.678,20.8696],[-156.6791,20.8716],[-156.6793,20.871],[-156.6781,20.8695],[-156.6775,20.8697],[-156.6716,20.8626],[-156.6663,20.8651],[-156.6555,20.8683],[-156.6556,20.8688],[-156.6576,20.8691],[-156.6633,20.8693],[-156.6666,20.871],[-156.6689,20.8735],[-156.6697,20.8733],[-156.6702,20.8747],[-156.6707,20.8749],[-156.6668,20.8791],[-156.6648,20.8802],[-156.6649,20.8813],[-156.6642,20.8817],[-156.6643,20.8831],[-156.663,20.8849],[-156.6657,20.8896],[-156.6633,20.8913],[-156.6645,20.8914],[-156.6658,20.8906],[-156.666,20.8915],[-156.6643,20.8922],[-156.6631,20.8938],[-156.6617,20.8939],[-156.6613,20.8945],[-156.6586,20.8957],[-156.655,20.8958],[-156.6484,20.8951],[-156.6398,20.8974],[-156.6395,20.8983],[-156.6377,20.8979],[-156.6329,20.8982],[-156.6316,20.8986],[-156.6309,20.8996],[-156.6302,20.8996],[-156.6281,20.8985],[-156.6251,20.8986],[-156.6193,20.8967],[-156.6168,20.8969],[-156.6148,20.8965],[-156.6109,20.8941],[-156.604,20.8922],[-156.6006,20.8904],[-156.5963,20.8905],[-156.5909,20.8891],[-156.5879,20.8893],[-156.5863,20.8903],[-156.5871,20.8923],[-156.5885,20.8939],[-156.5888,20.8954],[-156.591,20.8976],[-156.591,20.8986],[-156.5918,20.8998],[-156.5934,20.8996],[-156.5948,20.9002],[-156.5981,20.9002],[-156.6046,20.9016],[-156.607,20.9013],[-156.6109,20.9032]]]}},{"type":"Feature","properties":{"id":634,"ahupuaa":"East Kaupakulua","moku":"Hāmākualoa","acres":826},"geometry":{"type":"Polygon","coordinates":[[[-156.2861,20.898],[-156.2903,20.8973],[-156.2902,20.8981],[-156.294,20.8958],[-156.2932,20.8939],[-156.2944,20.891],[-156.2931,20.8879],[-156.2917,20.8863],[-156.2907,20.8828],[-156.2856,20.8774],[-156.2848,20.8741],[-156.2837,20.8737],[-156.2841,20.87],[-156.2836,20.8687],[-156.283,20.8684],[-156.2838,20.8666],[-156.2831,20.8639],[-156.2821,20.8634],[-156.2813,20.8613],[-156.2798,20.8597],[-156.2785,20.8593],[-156.2785,20.8576],[-156.2778,20.8568],[-156.2733,20.8541],[-156.2737,20.8536],[-156.272,20.8509],[-156.2712,20.8509],[-156.2711,20.8499],[-156.2702,20.8493],[-156.2703,20.8485],[-156.2697,20.8479],[-156.2698,20.8461],[-156.2685,20.8427],[-156.2677,20.8417],[-156.2655,20.8413],[-156.2696,20.8491],[-156.2708,20.8555],[-156.2771,20.8629],[-156.279,20.8736],[-156.2866,20.892],[-156.2864,20.8925],[-156.2869,20.893],[-156.2865,20.8936],[-156.2873,20.8941],[-156.2869,20.8947],[-156.2863,20.8947],[-156.287,20.8957],[-156.2864,20.8964],[-156.2861,20.898]]]}},{"type":"Feature","properties":{"id":635,"ahupuaa":"Kuholilea","moku":"Lāhainā","acres":174},"geometry":{"type":"Polygon","coordinates":[[[-156.6329,20.9028],[-156.643,20.9026],[-156.6489,20.9034],[-156.6544,20.9025],[-156.6624,20.8964],[-156.6618,20.8954],[-156.6579,20.8968],[-156.6545,20.8967],[-156.6551,20.8979],[-156.6543,20.9008],[-156.6507,20.9013],[-156.6416,20.9004],[-156.635,20.9014],[-156.6329,20.9028]]]}},{"type":"Feature","properties":{"id":641,"ahupuaa":"Kuʻia","moku":"Lāhainā","acres":2131},"geometry":{"type":"Polygon","coordinates":[[[-156.5977,20.8827],[-156.6083,20.885],[-156.6127,20.8868],[-156.6166,20.8872],[-156.6212,20.8868],[-156.6288,20.888],[-156.6327,20.8889],[-156.636,20.8907],[-156.6402,20.8917],[-156.6441,20.89],[-156.6455,20.8907],[-156.647,20.8897],[-156.6503,20.8895],[-156.6574,20.892],[-156.661,20.8908],[-156.6598,20.8891],[-156.6642,20.8833],[-156.6642,20.8817],[-156.6649,20.8813],[-156.6648,20.8802],[-156.6668,20.8791],[-156.6707,20.8749],[-156.6702,20.8747],[-156.6697,20.8733],[-156.6689,20.8735],[-156.6666,20.871],[-156.6633,20.8693],[-156.6576,20.8691],[-156.6555,20.8686],[-156.6446,20.8741],[-156.6429,20.8732],[-156.6395,20.8761],[-156.6375,20.8764],[-156.6361,20.8774],[-156.636,20.8767],[-156.6337,20.877],[-156.6317,20.8783],[-156.6261,20.8805],[-156.6238,20.8824],[-156.6108,20.8832],[-156.6096,20.883],[-156.6079,20.8818],[-156.606,20.8816],[-156.6028,20.8823],[-156.599,20.8821],[-156.5977,20.8827]]]}},{"type":"Feature","properties":{"id":642,"ahupuaa":"Kauaʻula","moku":"Lāhainā","acres":1332},"geometry":{"type":"Polygon","coordinates":[[[-156.5916,20.8838],[-156.5944,20.8846],[-156.5965,20.8829],[-156.599,20.8821],[-156.6028,20.8823],[-156.606,20.8816],[-156.6079,20.8818],[-156.6096,20.883],[-156.6108,20.8832],[-156.6238,20.8824],[-156.6261,20.8805],[-156.6279,20.8797],[-156.6269,20.8772],[-156.623,20.8718],[-156.6177,20.8722],[-156.6125,20.8702],[-156.6085,20.8693],[-156.6015,20.8662],[-156.6002,20.8661],[-156.5972,20.8671],[-156.5902,20.8726],[-156.5888,20.8775],[-156.5916,20.8838]]]}},{"type":"Feature","properties":{"id":643,"ahupuaa":"Makaʻehu","moku":"Kula","acres":7133},"geometry":{"type":"Polygon","coordinates":[[[-156.3726,20.8807],[-156.3736,20.8803],[-156.3829,20.8685],[-156.3931,20.8514],[-156.3714,20.8356],[-156.3704,20.8357],[-156.3696,20.8345],[-156.3674,20.8346],[-156.3651,20.8333],[-156.3631,20.8339],[-156.3615,20.8319],[-156.3592,20.8306],[-156.3583,20.8309],[-156.3567,20.8299],[-156.3551,20.8302],[-156.3524,20.828],[-156.351,20.8288],[-156.347,20.828],[-156.3449,20.8262],[-156.3409,20.8242],[-156.3401,20.8246],[-156.3386,20.824],[-156.3379,20.8246],[-156.3369,20.8239],[-156.3356,20.8244],[-156.3342,20.824],[-156.3339,20.825],[-156.3333,20.8252],[-156.3317,20.825],[-156.33,20.8236],[-156.3289,20.8233],[-156.328,20.824],[-156.3253,20.8235],[-156.3214,20.8206],[-156.3195,20.8206],[-156.318,20.819],[-156.3112,20.8168],[-156.3091,20.8149],[-156.3082,20.8127],[-156.3087,20.8103],[-156.3073,20.808],[-156.3073,20.807],[-156.3023,20.8039],[-156.3017,20.8029],[-156.2971,20.8019],[-156.296,20.8009],[-156.2925,20.8009],[-156.2901,20.8002],[-156.2886,20.7988],[-156.2865,20.7982],[-156.2841,20.7953],[-156.2823,20.7942],[-156.2788,20.7973],[-156.2801,20.7983],[-156.281,20.8003],[-156.2835,20.8007],[-156.2844,20.803],[-156.2865,20.804],[-156.2873,20.8057],[-156.2882,20.8059],[-156.2892,20.8073],[-156.2902,20.8076],[-156.2906,20.8085],[-156.2928,20.8103],[-156.2937,20.8116],[-156.2942,20.8136],[-156.2957,20.8138],[-156.297,20.815],[-156.3006,20.8157],[-156.3034,20.817],[-156.3056,20.8198],[-156.3073,20.821],[-156.3078,20.8223],[-156.3114,20.8244],[-156.3121,20.8257],[-156.3115,20.8263],[-156.3118,20.8271],[-156.3127,20.8283],[-156.3156,20.83],[-156.3156,20.8313],[-156.3161,20.8318],[-156.3174,20.8326],[-156.319,20.8326],[-156.3201,20.8334],[-156.3213,20.8332],[-156.3249,20.8384],[-156.3247,20.8399],[-156.3257,20.8403],[-156.3263,20.8423],[-156.3281,20.844],[-156.3311,20.8446],[-156.3328,20.8439],[-156.3349,20.8458],[-156.3368,20.8463],[-156.3378,20.8497],[-156.3386,20.8509],[-156.3387,20.8542],[-156.3404,20.8555],[-156.3414,20.8577],[-156.3436,20.8597],[-156.3492,20.8625],[-156.3497,20.864],[-156.3527,20.8655],[-156.3539,20.8667],[-156.3552,20.8669],[-156.3564,20.8679],[-156.361,20.8699],[-156.3637,20.8703],[-156.3647,20.8719],[-156.366,20.8723],[-156.3664,20.8732],[-156.3677,20.8738],[-156.3689,20.8753],[-156.3701,20.8776],[-156.3702,20.8793],[-156.3726,20.8807]]]}},{"type":"Feature","properties":{"id":644,"ahupuaa":"Honomanü","moku":"Koʻolau","acres":3716},"geometry":{"type":"Polygon","coordinates":[[[-156.1568,20.8587],[-156.1581,20.8595],[-156.1582,20.8621],[-156.1585,20.8616],[-156.1606,20.8621],[-156.1614,20.8633],[-156.163,20.8633],[-156.1631,20.8638],[-156.1646,20.861],[-156.1656,20.8605],[-156.1668,20.8608],[-156.1671,20.86],[-156.1666,20.8628],[-156.167,20.864],[-156.1667,20.8683],[-156.1676,20.8712],[-156.1703,20.8738],[-156.1719,20.8739],[-156.1722,20.8745],[-156.1746,20.8734],[-156.1762,20.8717],[-156.1762,20.8698],[-156.1773,20.8692],[-156.1772,20.8668],[-156.1786,20.8666],[-156.1794,20.8658],[-156.18,20.8662],[-156.1807,20.866],[-156.1794,20.8646],[-156.1796,20.8638],[-156.1805,20.8631],[-156.1796,20.8615],[-156.1805,20.8608],[-156.1803,20.8601],[-156.1827,20.8595],[-156.1833,20.8582],[-156.1846,20.8575],[-156.1846,20.8556],[-156.1859,20.855],[-156.1857,20.8542],[-156.1867,20.8527],[-156.1879,20.8521],[-156.1886,20.8526],[-156.1919,20.8516],[-156.1935,20.8504],[-156.1947,20.8507],[-156.1944,20.8496],[-156.1963,20.849],[-156.197,20.8454],[-156.1984,20.8446],[-156.1986,20.8435],[-156.1994,20.8429],[-156.201,20.8428],[-156.201,20.8419],[-156.2024,20.8407],[-156.2031,20.841],[-156.2038,20.8407],[-156.2046,20.8391],[-156.2042,20.8369],[-156.2053,20.8369],[-156.2052,20.8352],[-156.2061,20.8345],[-156.2061,20.8329],[-156.2073,20.8325],[-156.2071,20.8317],[-156.2075,20.8312],[-156.2085,20.8314],[-156.2085,20.8306],[-156.2094,20.8301],[-156.2102,20.8269],[-156.2113,20.8262],[-156.1955,20.8145],[-156.1921,20.8173],[-156.1898,20.818],[-156.1882,20.8195],[-156.1851,20.8212],[-156.1819,20.8242],[-156.18,20.8278],[-156.178,20.829],[-156.1776,20.8342],[-156.1769,20.8354],[-156.1749,20.8366],[-156.1749,20.838],[-156.1728,20.8407],[-156.1726,20.8424],[-156.172,20.8427],[-156.1719,20.8437],[-156.1711,20.8447],[-156.1713,20.8465],[-156.1709,20.8472],[-156.1681,20.8485],[-156.1669,20.8498],[-156.1621,20.8525],[-156.1597,20.8555],[-156.1595,20.8564],[-156.1568,20.8587]]]}},{"type":"Feature","properties":{"id":645,"ahupuaa":"Mākila","moku":"Lāhainā","acres":89},"geometry":{"type":"Polygon","coordinates":[[[-156.6269,20.8772],[-156.628,20.8797],[-156.6317,20.8783],[-156.6337,20.877],[-156.636,20.8767],[-156.6361,20.8774],[-156.6382,20.8763],[-156.6375,20.8746],[-156.6325,20.8745],[-156.6299,20.8752],[-156.6269,20.8772]]]}},{"type":"Feature","properties":{"id":657,"ahupuaa":"Launiupoko","moku":"Lāhainā","acres":3887},"geometry":{"type":"Polygon","coordinates":[[[-156.6004,20.8661],[-156.6015,20.8662],[-156.605,20.8679],[-156.6068,20.8671],[-156.6183,20.8653],[-156.6203,20.8644],[-156.6389,20.8659],[-156.646,20.8649],[-156.6587,20.8501],[-156.6547,20.8458],[-156.6533,20.8428],[-156.6515,20.8413],[-156.6514,20.8402],[-156.648,20.8352],[-156.6467,20.8342],[-156.6405,20.8323],[-156.6404,20.8318],[-156.638,20.8301],[-156.6229,20.8402],[-156.6199,20.8415],[-156.6181,20.844],[-156.6148,20.8452],[-156.612,20.8469],[-156.6093,20.8498],[-156.6053,20.8501],[-156.5985,20.8517],[-156.6004,20.8661]]]}},{"type":"Feature","properties":{"id":658,"ahupuaa":"Halakaʻa","moku":"Lāhainā","acres":32},"geometry":{"type":"Polygon","coordinates":[[[-156.655,20.8669],[-156.6578,20.8678],[-156.6677,20.8646],[-156.6666,20.864],[-156.665,20.8647],[-156.6634,20.8644],[-156.6616,20.8658],[-156.6609,20.8656],[-156.6596,20.8662],[-156.6595,20.8669],[-156.6585,20.867],[-156.6581,20.8665],[-156.655,20.8669]]]}},{"type":"Feature","properties":{"id":659,"ahupuaa":"Pūehuehunui","moku":"Lāhainā","acres":162},"geometry":{"type":"Polygon","coordinates":[[[-156.6458,20.8655],[-156.6453,20.8663],[-156.6471,20.866],[-156.6489,20.8664],[-156.6496,20.8671],[-156.6513,20.8669],[-156.6521,20.8675],[-156.6531,20.867],[-156.6581,20.8665],[-156.6585,20.867],[-156.6595,20.8669],[-156.6596,20.8662],[-156.6609,20.8656],[-156.6616,20.8658],[-156.6634,20.8644],[-156.665,20.8647],[-156.6666,20.864],[-156.6677,20.8646],[-156.6716,20.8626],[-156.6704,20.8615],[-156.6693,20.8587],[-156.6647,20.8616],[-156.6636,20.8626],[-156.6631,20.8638],[-156.655,20.8653],[-156.651,20.8644],[-156.6488,20.8654],[-156.6458,20.8655]]]}},{"type":"Feature","properties":{"id":660,"ahupuaa":"Polanui","moku":"Lāhainā","acres":363},"geometry":{"type":"Polygon","coordinates":[[[-156.6389,20.8659],[-156.6391,20.8671],[-156.6455,20.8655],[-156.6488,20.8654],[-156.6629,20.8595],[-156.6642,20.8584],[-156.6638,20.858],[-156.6657,20.8564],[-156.6587,20.8501],[-156.646,20.8649],[-156.6389,20.8659]]]}},{"type":"Feature","properties":{"id":661,"ahupuaa":"Pāhoa","moku":"Lāhainā","acres":152},"geometry":{"type":"Polygon","coordinates":[[[-156.6693,20.8587],[-156.6674,20.8579],[-156.6657,20.8564],[-156.6638,20.858],[-156.6642,20.8584],[-156.6629,20.8595],[-156.651,20.8644],[-156.655,20.8653],[-156.6631,20.8638],[-156.6636,20.8626],[-156.6647,20.8616],[-156.6693,20.8587]]]}},{"type":"Feature","properties":{"id":662,"ahupuaa":"Ukumehame","moku":"Lāhainā","acres":10968},"geometry":{"type":"Polygon","coordinates":[[[-156.5676,20.8574],[-156.5714,20.8564],[-156.5728,20.8532],[-156.5737,20.8526],[-156.5746,20.8509],[-156.5778,20.8488],[-156.5789,20.8465],[-156.5808,20.8442],[-156.5817,20.8406],[-156.5846,20.8407],[-156.5863,20.8392],[-156.5883,20.8353],[-156.5887,20.8333],[-156.5916,20.8315],[-156.5945,20.8289],[-156.6075,20.8096],[-156.605,20.8088],[-156.6002,20.8063],[-156.5967,20.8038],[-156.5961,20.8027],[-156.5923,20.7997],[-156.5853,20.7955],[-156.582,20.7943],[-156.5664,20.7924],[-156.5627,20.7899],[-156.5613,20.79],[-156.5608,20.7888],[-156.5598,20.7887],[-156.5594,20.788],[-156.5576,20.7881],[-156.5573,20.7868],[-156.5559,20.7872],[-156.5558,20.7858],[-156.553,20.785],[-156.552,20.7839],[-156.5507,20.7844],[-156.5504,20.7832],[-156.5496,20.7834],[-156.5485,20.7818],[-156.5473,20.7819],[-156.5472,20.7809],[-156.5437,20.7802],[-156.5436,20.7796],[-156.542,20.7788],[-156.5389,20.7751],[-156.5366,20.774],[-156.5349,20.7753],[-156.5325,20.7756],[-156.5314,20.7754],[-156.5308,20.7744],[-156.5303,20.7752],[-156.5292,20.7757],[-156.5286,20.7768],[-156.5259,20.7767],[-156.5249,20.778],[-156.5235,20.7768],[-156.5224,20.7769],[-156.5227,20.7783],[-156.5213,20.7798],[-156.5186,20.7813],[-156.5167,20.7841],[-156.5166,20.7849],[-156.5153,20.7857],[-156.515,20.7865],[-156.5156,20.7874],[-156.5142,20.79],[-156.5074,20.815],[-156.5206,20.8125],[-156.5291,20.8119],[-156.5309,20.8119],[-156.5332,20.8129],[-156.5348,20.8128],[-156.5365,20.814],[-156.5401,20.8145],[-156.5417,20.8189],[-156.5458,20.8215],[-156.5482,20.8219],[-156.5515,20.8243],[-156.5534,20.8273],[-156.5535,20.8283],[-156.5548,20.8293],[-156.555,20.8316],[-156.5563,20.8337],[-156.5556,20.8358],[-156.5561,20.8393],[-156.5544,20.842],[-156.5562,20.8459],[-156.556,20.8484],[-156.5574,20.8492],[-156.5581,20.8514],[-156.5594,20.8529],[-156.5635,20.8537],[-156.5665,20.855],[-156.5673,20.856],[-156.5676,20.8574]]]}},{"type":"Feature","properties":{"id":663,"ahupuaa":"Wailuanui","moku":"Koʻolau","acres":2289},"geometry":{"type":"Polygon","coordinates":[[[-156.1254,20.8367],[-156.126,20.84],[-156.1281,20.8402],[-156.1287,20.8409],[-156.1268,20.844],[-156.1284,20.8484],[-156.1361,20.8487],[-156.1373,20.8482],[-156.1387,20.8483],[-156.1407,20.8468],[-156.1417,20.8428],[-156.1435,20.8403],[-156.1441,20.8384],[-156.1479,20.8341],[-156.1481,20.8332],[-156.1475,20.832],[-156.1487,20.8315],[-156.148,20.8283],[-156.1486,20.8268],[-156.1519,20.8244],[-156.1543,20.8234],[-156.1575,20.8246],[-156.1597,20.82],[-156.16,20.816],[-156.1621,20.8141],[-156.1624,20.813],[-156.1637,20.8133],[-156.1641,20.8148],[-156.1652,20.8145],[-156.1659,20.8151],[-156.1686,20.8155],[-156.1691,20.816],[-156.171,20.8169],[-156.1711,20.8169],[-156.1714,20.8169],[-156.1513,20.7974],[-156.1494,20.8008],[-156.1494,20.8038],[-156.1479,20.8054],[-156.1476,20.8064],[-156.1451,20.8084],[-156.145,20.8102],[-156.1432,20.8122],[-156.1421,20.8166],[-156.1408,20.8168],[-156.1407,20.8179],[-156.1397,20.8189],[-156.1396,20.8201],[-156.1336,20.8275],[-156.1328,20.8294],[-156.1326,20.8314],[-156.131,20.8325],[-156.1278,20.8337],[-156.1266,20.8362],[-156.1254,20.8367]]]}},{"type":"Feature","properties":{"id":664,"ahupuaa":"Kalialinui","moku":"Kula","acres":20024},"geometry":{"type":"Polygon","coordinates":[[[-156.3592,20.8306],[-156.3615,20.8319],[-156.3631,20.8339],[-156.3651,20.8333],[-156.3674,20.8346],[-156.3696,20.8345],[-156.3706,20.8358],[-156.3714,20.8356],[-156.3931,20.8514],[-156.4048,20.8314],[-156.4103,20.8245],[-156.4071,20.8235],[-156.3987,20.824],[-156.3749,20.8199],[-156.3559,20.8177],[-156.344,20.8095],[-156.3396,20.8052],[-156.3337,20.8043],[-156.3329,20.8029],[-156.3312,20.8028],[-156.3299,20.8016],[-156.327,20.8016],[-156.326,20.7996],[-156.3211,20.7981],[-156.3098,20.7898],[-156.2984,20.7849],[-156.2834,20.769],[-156.268,20.7611],[-156.242,20.7267],[-156.18,20.7348],[-156.1738,20.7361],[-156.163,20.7344],[-156.1592,20.7331],[-156.1538,20.7329],[-156.1489,20.7312],[-156.1449,20.7313],[-156.142,20.7305],[-156.2428,20.8009],[-156.272,20.8047],[-156.2809,20.8],[-156.2801,20.7983],[-156.2788,20.7973],[-156.2823,20.7942],[-156.2835,20.795],[-156.2845,20.794],[-156.2854,20.7907],[-156.2848,20.7875],[-156.2856,20.7878],[-156.2899,20.7871],[-156.2927,20.7883],[-156.2933,20.7891],[-156.2941,20.7891],[-156.2967,20.7913],[-156.2977,20.7928],[-156.3062,20.7962],[-156.3108,20.7995],[-156.3133,20.7994],[-156.3139,20.8005],[-156.316,20.8006],[-156.3178,20.8013],[-156.3187,20.8028],[-156.3218,20.8028],[-156.3237,20.8042],[-156.3249,20.8042],[-156.3261,20.8053],[-156.329,20.8062],[-156.3306,20.8087],[-156.3346,20.8099],[-156.3343,20.8117],[-156.3362,20.8131],[-156.3369,20.8145],[-156.34,20.8161],[-156.3393,20.8177],[-156.3416,20.8198],[-156.3448,20.8219],[-156.3479,20.8223],[-156.3505,20.8248],[-156.3519,20.8251],[-156.3527,20.8259],[-156.3549,20.8264],[-156.3566,20.826],[-156.3586,20.8275],[-156.3584,20.8289],[-156.3591,20.8292],[-156.3592,20.8306]]]}},{"type":"Feature","properties":{"id":665,"ahupuaa":"Haʻikū Uka","moku":"Hāmākualoa","acres":7792},"geometry":{"type":"Polygon","coordinates":[[[-156.2691,20.8446],[-156.2722,20.8415],[-156.2428,20.8009],[-156.142,20.7305],[-156.2067,20.7951],[-156.2048,20.7973],[-156.2039,20.8029],[-156.2028,20.8059],[-156.2015,20.807],[-156.2001,20.8093],[-156.1976,20.8114],[-156.1969,20.8131],[-156.1955,20.8145],[-156.2147,20.8287],[-156.2444,20.8343],[-156.2509,20.8334],[-156.2542,20.8323],[-156.2655,20.8413],[-156.2677,20.8417],[-156.2691,20.8446]]]}},{"type":"Feature","properties":{"id":666,"ahupuaa":"Pūlehunui","moku":"Kula","acres":17259},"geometry":{"type":"Polygon","coordinates":[[[-156.4103,20.8245],[-156.4531,20.8443],[-156.4685,20.8321],[-156.471,20.8222],[-156.4713,20.8203],[-156.4666,20.795],[-156.4667,20.7841],[-156.4619,20.7798],[-156.4317,20.7793],[-156.4288,20.7784],[-156.4274,20.779],[-156.4256,20.7784],[-156.4224,20.7794],[-156.4158,20.78],[-156.4148,20.78],[-156.4135,20.7792],[-156.4118,20.7798],[-156.4073,20.7785],[-156.4043,20.7786],[-156.4027,20.7793],[-156.3996,20.7785],[-156.3943,20.78],[-156.3927,20.7799],[-156.3907,20.7785],[-156.3889,20.7781],[-156.385,20.7801],[-156.3831,20.7798],[-156.3815,20.7807],[-156.3785,20.78],[-156.3752,20.7805],[-156.3715,20.7802],[-156.3655,20.7888],[-156.3643,20.7875],[-156.3626,20.7873],[-156.362,20.7867],[-156.3596,20.7873],[-156.3583,20.7863],[-156.357,20.7862],[-156.3559,20.7855],[-156.3437,20.7862],[-156.3402,20.7845],[-156.3393,20.7832],[-156.3341,20.7829],[-156.3333,20.7824],[-156.3325,20.7827],[-156.33,20.7815],[-156.3254,20.7776],[-156.3241,20.7753],[-156.3219,20.775],[-156.3196,20.7726],[-156.3168,20.772],[-156.3141,20.7697],[-156.3102,20.7688],[-156.3065,20.7687],[-156.2762,20.7473],[-156.2578,20.7374],[-156.242,20.7267],[-156.268,20.7611],[-156.2838,20.7692],[-156.2851,20.7687],[-156.2868,20.7695],[-156.2892,20.7694],[-156.292,20.7709],[-156.2938,20.7712],[-156.2949,20.7721],[-156.2966,20.7723],[-156.2994,20.7742],[-156.3005,20.7739],[-156.3018,20.7726],[-156.3041,20.772],[-156.3105,20.774],[-156.3116,20.7747],[-156.3125,20.7771],[-156.3146,20.7774],[-156.3162,20.7786],[-156.3201,20.7801],[-156.3211,20.781],[-156.3234,20.7851],[-156.3273,20.7861],[-156.331,20.7896],[-156.3345,20.7896],[-156.336,20.7889],[-156.3375,20.7898],[-156.3396,20.7902],[-156.3407,20.7912],[-156.3422,20.7907],[-156.344,20.791],[-156.3449,20.7923],[-156.3466,20.7935],[-156.3486,20.7946],[-156.35,20.7944],[-156.3523,20.7963],[-156.3537,20.7985],[-156.3582,20.7997],[-156.3608,20.8016],[-156.365,20.8027],[-156.3669,20.8047],[-156.3682,20.8078],[-156.3707,20.8096],[-156.3761,20.8089],[-156.3778,20.8102],[-156.3802,20.8109],[-156.3811,20.8121],[-156.3826,20.8122],[-156.3831,20.8131],[-156.3837,20.8129],[-156.3847,20.8139],[-156.3861,20.8135],[-156.3894,20.8156],[-156.3913,20.8156],[-156.3924,20.8169],[-156.3952,20.8187],[-156.3971,20.8188],[-156.3984,20.8198],[-156.4024,20.821],[-156.4045,20.8228],[-156.4103,20.8245]]]}},{"type":"Feature","properties":{"id":667,"ahupuaa":"Koʻolau","moku":"Koʻolau","acres":19415},"geometry":{"type":"Polygon","coordinates":[[[-156.1239,20.8363],[-156.1254,20.8329],[-156.1254,20.831],[-156.1264,20.8285],[-156.1281,20.8275],[-156.1294,20.8255],[-156.1318,20.8239],[-156.1349,20.8201],[-156.1362,20.8195],[-156.1384,20.8125],[-156.1384,20.8112],[-156.1399,20.809],[-156.14,20.8072],[-156.1419,20.8057],[-156.1423,20.8036],[-156.1444,20.8023],[-156.1442,20.8009],[-156.1447,20.7996],[-156.1461,20.798],[-156.1471,20.7955],[-156.1485,20.7947],[-156.1471,20.7933],[-156.142,20.7305],[-156.1246,20.734],[-156.1151,20.7366],[-156.0861,20.7412],[-156.0588,20.784],[-156.0586,20.7855],[-156.0536,20.7831],[-156.0456,20.8067],[-156.0466,20.8075],[-156.0471,20.8071],[-156.0479,20.8074],[-156.048,20.8079],[-156.0484,20.8076],[-156.0488,20.8085],[-156.0498,20.8076],[-156.0499,20.8069],[-156.0512,20.8065],[-156.053,20.807],[-156.0543,20.8035],[-156.0545,20.8011],[-156.0562,20.7989],[-156.0568,20.7961],[-156.0611,20.7941],[-156.0628,20.7928],[-156.0632,20.7919],[-156.065,20.791],[-156.0651,20.7902],[-156.0661,20.7893],[-156.072,20.7888],[-156.071,20.7907],[-156.0695,20.7922],[-156.0682,20.7928],[-156.0663,20.795],[-156.066,20.796],[-156.0642,20.7974],[-156.0642,20.7984],[-156.0636,20.7987],[-156.0622,20.8017],[-156.0604,20.8032],[-156.06,20.8055],[-156.0584,20.8074],[-156.0575,20.8078],[-156.0585,20.8091],[-156.0593,20.8094],[-156.0596,20.811],[-156.0613,20.8111],[-156.0618,20.8123],[-156.0637,20.8122],[-156.0644,20.8137],[-156.064,20.8144],[-156.0649,20.8147],[-156.0653,20.8155],[-156.0651,20.8163],[-156.0656,20.816],[-156.0686,20.8173],[-156.0683,20.8186],[-156.0699,20.8181],[-156.0719,20.819],[-156.0731,20.8189],[-156.0739,20.8203],[-156.0747,20.8203],[-156.0762,20.8214],[-156.0768,20.8227],[-156.0775,20.8221],[-156.0787,20.8222],[-156.0789,20.8235],[-156.0801,20.8236],[-156.0816,20.8257],[-156.0817,20.8252],[-156.0823,20.8255],[-156.0827,20.8249],[-156.0844,20.8263],[-156.0842,20.8274],[-156.0849,20.828],[-156.0854,20.8276],[-156.0879,20.8288],[-156.0896,20.8273],[-156.0908,20.8275],[-156.0912,20.827],[-156.0919,20.8274],[-156.0921,20.8284],[-156.0927,20.8286],[-156.0926,20.8277],[-156.0933,20.8281],[-156.0939,20.8273],[-156.0951,20.8273],[-156.0948,20.8262],[-156.0957,20.8256],[-156.1,20.825],[-156.1037,20.8255],[-156.1068,20.8231],[-156.1081,20.8245],[-156.11,20.8251],[-156.1114,20.825],[-156.1131,20.8236],[-156.1131,20.8221],[-156.1144,20.82],[-156.1154,20.817],[-156.1166,20.8154],[-156.1171,20.8138],[-156.1179,20.8129],[-156.1183,20.813],[-156.1196,20.8138],[-156.1179,20.8168],[-156.1167,20.8179],[-156.116,20.8195],[-156.1163,20.8207],[-156.1148,20.8231],[-156.1152,20.8264],[-156.1159,20.8274],[-156.1152,20.8301],[-156.116,20.8315],[-156.1182,20.8327],[-156.1182,20.8337],[-156.1195,20.8345],[-156.1205,20.8362],[-156.1207,20.838],[-156.1213,20.838],[-156.1216,20.8388],[-156.1231,20.8365],[-156.1239,20.8363]]]}},{"type":"Feature","properties":{"id":676,"ahupuaa":"Honokalani","moku":"Hāna","acres":295},"geometry":{"type":"Polygon","coordinates":[[[-156.0001,20.786],[-156.0009,20.7865],[-156.0007,20.787],[-156.0011,20.7872],[-156.0009,20.7878],[-156.0015,20.7878],[-156.0013,20.7883],[-156.0025,20.7875],[-156.0035,20.7885],[-156.0028,20.7893],[-156.0017,20.7896],[-156.0021,20.7904],[-156.0012,20.7902],[-156.0003,20.7912],[-156.0008,20.7916],[-156.0008,20.7924],[-156.0027,20.7932],[-156.0029,20.7938],[-156.0035,20.7934],[-156.0035,20.7938],[-156.0056,20.7937],[-156.0062,20.7942],[-156.0135,20.7825],[-156.0063,20.7819],[-156.0055,20.7808],[-156.0037,20.7799],[-156.0001,20.786]]]}},{"type":"Feature","properties":{"id":668,"ahupuaa":"Wailuaiki","moku":"Koʻolau","acres":599},"geometry":{"type":"Polygon","coordinates":[[[-156.1239,20.8363],[-156.1254,20.8367],[-156.1266,20.8362],[-156.1278,20.8337],[-156.131,20.8325],[-156.1326,20.8314],[-156.1328,20.8294],[-156.1336,20.8275],[-156.1396,20.8201],[-156.1397,20.8189],[-156.1407,20.8179],[-156.1408,20.8168],[-156.1421,20.8166],[-156.1432,20.8122],[-156.145,20.8102],[-156.1451,20.8084],[-156.1476,20.8064],[-156.1479,20.8054],[-156.1494,20.8038],[-156.1494,20.8008],[-156.1513,20.7974],[-156.1485,20.7947],[-156.1471,20.7955],[-156.1461,20.798],[-156.1447,20.7996],[-156.1442,20.8009],[-156.1444,20.8023],[-156.1423,20.8036],[-156.1419,20.8057],[-156.14,20.8072],[-156.1399,20.809],[-156.1384,20.8112],[-156.1384,20.8125],[-156.1362,20.8195],[-156.1349,20.8201],[-156.1318,20.8239],[-156.1294,20.8255],[-156.1281,20.8275],[-156.1264,20.8285],[-156.1254,20.831],[-156.1254,20.8329],[-156.1239,20.8363]]]}},{"type":"Feature","properties":{"id":669,"ahupuaa":"Aʻapueo","moku":"Kula","acres":2375},"geometry":{"type":"Polygon","coordinates":[[[-156.2835,20.795],[-156.2865,20.7982],[-156.2886,20.7988],[-156.2901,20.8002],[-156.2925,20.8009],[-156.296,20.8009],[-156.2971,20.8019],[-156.3017,20.8029],[-156.3023,20.8039],[-156.307,20.8066],[-156.3073,20.808],[-156.3086,20.8099],[-156.3082,20.8127],[-156.3091,20.8149],[-156.3121,20.8173],[-156.318,20.819],[-156.3195,20.8206],[-156.3214,20.8206],[-156.3253,20.8235],[-156.328,20.824],[-156.3289,20.8233],[-156.33,20.8236],[-156.3317,20.825],[-156.3333,20.8252],[-156.3339,20.825],[-156.3342,20.824],[-156.3356,20.8244],[-156.3369,20.8239],[-156.3379,20.8246],[-156.3386,20.824],[-156.3401,20.8246],[-156.3409,20.8242],[-156.3449,20.8262],[-156.347,20.828],[-156.351,20.8288],[-156.3524,20.828],[-156.3551,20.8302],[-156.3567,20.8299],[-156.3583,20.8309],[-156.3592,20.8306],[-156.3591,20.8292],[-156.3584,20.8289],[-156.3586,20.8275],[-156.3566,20.826],[-156.3549,20.8264],[-156.3527,20.8259],[-156.3519,20.8251],[-156.3505,20.8248],[-156.3479,20.8223],[-156.3448,20.8219],[-156.3416,20.8198],[-156.3393,20.8177],[-156.34,20.8161],[-156.3369,20.8145],[-156.3362,20.8131],[-156.3343,20.8117],[-156.3346,20.8099],[-156.3306,20.8087],[-156.329,20.8062],[-156.3261,20.8053],[-156.3249,20.8042],[-156.3237,20.8042],[-156.3218,20.8028],[-156.3187,20.8028],[-156.3178,20.8013],[-156.316,20.8006],[-156.3139,20.8005],[-156.3133,20.7994],[-156.3108,20.7995],[-156.3062,20.7962],[-156.2977,20.7928],[-156.2963,20.7909],[-156.2927,20.7883],[-156.2899,20.7871],[-156.2856,20.7878],[-156.2848,20.7875],[-156.2854,20.7907],[-156.2845,20.794],[-156.2835,20.795]]]}},{"type":"Feature","properties":{"id":670,"ahupuaa":"Paʻakea","moku":"Koʻolau","acres":68},"geometry":{"type":"Polygon","coordinates":[[[-156.1128,20.824],[-156.1148,20.8254],[-156.1145,20.8266],[-156.1152,20.8264],[-156.1153,20.8249],[-156.1147,20.8238],[-156.1163,20.8207],[-156.116,20.8195],[-156.1196,20.8138],[-156.1183,20.813],[-156.1179,20.8129],[-156.1171,20.8138],[-156.1166,20.8154],[-156.1154,20.817],[-156.1144,20.82],[-156.1131,20.8221],[-156.1132,20.8234],[-156.1128,20.824]]]}},{"type":"Feature","properties":{"id":672,"ahupuaa":"ʻUlaʻino","moku":"Koʻolau","acres":355},"geometry":{"type":"Polygon","coordinates":[[[-156.0543,20.8035],[-156.0528,20.8074],[-156.0537,20.8076],[-156.0543,20.8084],[-156.0545,20.8074],[-156.0552,20.807],[-156.0566,20.8071],[-156.0575,20.8078],[-156.0584,20.8074],[-156.06,20.8055],[-156.0604,20.8032],[-156.062,20.802],[-156.0636,20.7987],[-156.0642,20.7984],[-156.0642,20.7974],[-156.066,20.796],[-156.0663,20.795],[-156.0682,20.7928],[-156.0695,20.7922],[-156.071,20.7907],[-156.072,20.7888],[-156.0661,20.7893],[-156.0651,20.7902],[-156.065,20.791],[-156.0632,20.7919],[-156.0628,20.7928],[-156.0611,20.7941],[-156.0568,20.7961],[-156.0562,20.7989],[-156.0545,20.8011],[-156.0543,20.8035]]]}},{"type":"Feature","properties":{"id":677,"ahupuaa":"Wākiu","moku":"Hāna","acres":1121},"geometry":{"type":"Polygon","coordinates":[[[-156.0001,20.786],[-156.0037,20.7799],[-156.0055,20.7808],[-156.0063,20.7819],[-156.0135,20.7825],[-156.0322,20.7681],[-156.0043,20.7681],[-155.9908,20.7785],[-155.9934,20.7826],[-155.9942,20.7821],[-155.9948,20.7826],[-155.9947,20.7831],[-155.9951,20.7828],[-155.996,20.7838],[-155.9966,20.7838],[-155.997,20.7844],[-155.9968,20.7856],[-155.9972,20.7853],[-155.9973,20.7857],[-155.9975,20.7852],[-155.998,20.7853],[-155.9981,20.7859],[-155.9986,20.7854],[-155.9987,20.7859],[-156.0001,20.786]]]}},{"type":"Feature","properties":{"id":678,"ahupuaa":"Kawaipapa","moku":"Hāna","acres":15083},"geometry":{"type":"Polygon","coordinates":[[[-155.9865,20.7756],[-155.9908,20.7785],[-156.0043,20.7681],[-156.0322,20.7681],[-156.0403,20.765],[-156.0623,20.7667],[-156.0536,20.7831],[-156.0586,20.7855],[-156.0588,20.784],[-156.0861,20.7412],[-156.1151,20.7366],[-156.1031,20.7365],[-156.0887,20.728],[-156.0872,20.7262],[-156.088,20.7229],[-156.0876,20.7217],[-156.0865,20.7212],[-156.0852,20.7196],[-156.0832,20.7164],[-156.0828,20.7147],[-156.0801,20.7112],[-156.0745,20.7103],[-156.0718,20.7108],[-156.0686,20.709],[-156.0679,20.7078],[-156.0508,20.7033],[-156.0506,20.7025],[-156.0492,20.7027],[-156.0477,20.7008],[-156.0451,20.6996],[-156.0442,20.6998],[-156.0437,20.6989],[-156.0417,20.6978],[-156.0407,20.6979],[-156.0399,20.6958],[-156.0386,20.6947],[-156.0374,20.6921],[-156.0332,20.6893],[-156.0334,20.6882],[-156.0318,20.6864],[-156.0306,20.6863],[-156.0294,20.685],[-156.0288,20.6833],[-156.0272,20.6832],[-156.0256,20.6808],[-156.0248,20.6806],[-156.0233,20.6811],[-156.0229,20.6803],[-156.022,20.6803],[-156.0206,20.6809],[-156.0201,20.6822],[-156.0192,20.6822],[-156.018,20.6835],[-156.0179,20.685],[-156.0187,20.6874],[-156.0204,20.6881],[-156.021,20.689],[-156.0235,20.6892],[-156.024,20.6902],[-156.0493,20.7059],[-156.0388,20.7218],[-156.0179,20.7181],[-156.016,20.7285],[-156.0199,20.7365],[-156.005,20.7316],[-155.9969,20.7341],[-155.9959,20.7335],[-155.9946,20.7336],[-155.9904,20.7312],[-155.9885,20.7312],[-155.9856,20.7301],[-155.9861,20.7312],[-155.986,20.7316],[-155.9857,20.7314],[-155.986,20.7326],[-155.9841,20.7331],[-155.9841,20.7339],[-155.9835,20.7341],[-155.9835,20.7347],[-155.9842,20.735],[-155.9838,20.7354],[-155.9842,20.7361],[-155.9832,20.737],[-155.9835,20.7388],[-155.9828,20.7387],[-155.9829,20.7399],[-155.9824,20.7403],[-155.9825,20.7413],[-155.9834,20.7421],[-155.983,20.743],[-155.9836,20.7434],[-155.9837,20.745],[-155.9829,20.7458],[-155.9832,20.746],[-155.9827,20.7461],[-155.9832,20.7467],[-155.983,20.7478],[-155.9834,20.7485],[-155.9826,20.7493],[-155.9834,20.7508],[-155.9826,20.7519],[-155.9811,20.7519],[-155.9817,20.7526],[-155.9813,20.7532],[-155.9793,20.7531],[-155.9792,20.7549],[-155.9797,20.7553],[-155.979,20.756],[-155.9798,20.7558],[-155.9797,20.7563],[-155.9802,20.7565],[-155.9821,20.7558],[-155.9822,20.7553],[-155.984,20.7554],[-155.9844,20.7558],[-155.9841,20.7561],[-155.9855,20.7575],[-155.9852,20.7583],[-155.9858,20.7582],[-155.9869,20.7602],[-155.9854,20.7627],[-155.9833,20.7633],[-155.983,20.7639],[-155.9825,20.7632],[-155.9818,20.7642],[-155.9815,20.7637],[-155.9805,20.7637],[-155.9795,20.7646],[-155.9794,20.7654],[-155.9803,20.7661],[-155.9805,20.7657],[-155.9818,20.7656],[-155.9841,20.7669],[-155.9853,20.771],[-155.985,20.7735],[-155.9864,20.7745],[-155.9865,20.7756]]]}},{"type":"Feature","properties":{"id":673,"ahupuaa":"West Honomāʻele","moku":"Hāna","acres":980},"geometry":{"type":"Polygon","coordinates":[[[-156.0362,20.8056],[-156.0388,20.807],[-156.0397,20.8064],[-156.0397,20.8055],[-156.0404,20.805],[-156.0436,20.8052],[-156.0446,20.8055],[-156.0456,20.8067],[-156.0536,20.7831],[-156.0623,20.7667],[-156.0552,20.7662],[-156.0545,20.7681],[-156.0547,20.7711],[-156.054,20.7716],[-156.0538,20.7732],[-156.0523,20.7747],[-156.0517,20.7746],[-156.0507,20.7753],[-156.0502,20.7764],[-156.0482,20.7772],[-156.0479,20.7789],[-156.0469,20.78],[-156.047,20.7813],[-156.0454,20.7838],[-156.0444,20.7868],[-156.0431,20.7878],[-156.0415,20.7906],[-156.0395,20.7924],[-156.0395,20.7939],[-156.0389,20.7948],[-156.0381,20.795],[-156.0376,20.796],[-156.0368,20.7963],[-156.0377,20.7969],[-156.0378,20.7975],[-156.0366,20.7985],[-156.0367,20.8008],[-156.0357,20.8026],[-156.0364,20.8034],[-156.0362,20.8056]]]}},{"type":"Feature","properties":{"id":688,"ahupuaa":"Kēōkea","moku":"Kula","acres":5231},"geometry":{"type":"Polygon","coordinates":[[[-156.4566,20.7362],[-156.4233,20.7284],[-156.4002,20.7193],[-156.3783,20.7087],[-156.3302,20.6829],[-156.322,20.6789],[-156.3169,20.6808],[-156.352,20.711],[-156.3865,20.7306],[-156.4579,20.7477],[-156.4576,20.7456],[-156.4581,20.7452],[-156.4567,20.7399],[-156.4566,20.7362]]]}},{"type":"Feature","properties":{"id":674,"ahupuaa":"East Honomāʻele","moku":"Hāna","acres":881},"geometry":{"type":"Polygon","coordinates":[[[-156.0236,20.802],[-156.0302,20.8048],[-156.0362,20.8056],[-156.0364,20.8034],[-156.0357,20.8026],[-156.0367,20.8008],[-156.0366,20.7985],[-156.0378,20.7975],[-156.0377,20.7969],[-156.0368,20.7963],[-156.0376,20.796],[-156.0381,20.795],[-156.0389,20.7948],[-156.0395,20.7939],[-156.0395,20.7924],[-156.0415,20.7906],[-156.0431,20.7878],[-156.0444,20.7868],[-156.0454,20.7838],[-156.047,20.7813],[-156.0469,20.78],[-156.0479,20.7789],[-156.0482,20.7772],[-156.0502,20.7764],[-156.0507,20.7753],[-156.0517,20.7746],[-156.0523,20.7747],[-156.0538,20.7732],[-156.054,20.7716],[-156.0547,20.7711],[-156.0545,20.7681],[-156.0553,20.7661],[-156.0506,20.7657],[-156.0325,20.7921],[-156.0236,20.802]]]}},{"type":"Feature","properties":{"id":675,"ahupuaa":"Kawela","moku":"Hāna","acres":2097},"geometry":{"type":"Polygon","coordinates":[[[-156.0062,20.7942],[-156.0087,20.7971],[-156.0097,20.7967],[-156.0101,20.7975],[-156.0112,20.7971],[-156.0114,20.7974],[-156.0115,20.7968],[-156.012,20.7971],[-156.0125,20.7967],[-156.0141,20.797],[-156.0144,20.7977],[-156.0146,20.7971],[-156.0148,20.7975],[-156.0178,20.7983],[-156.0223,20.8017],[-156.0236,20.802],[-156.0325,20.7921],[-156.0506,20.7657],[-156.0403,20.765],[-156.0322,20.7681],[-156.0133,20.7826],[-156.0062,20.7942]]]}},{"type":"Feature","properties":{"id":679,"ahupuaa":"Kamehamenui","moku":"Kula","acres":5321},"geometry":{"type":"Polygon","coordinates":[[[-156.3482,20.7823],[-156.3495,20.7826],[-156.3507,20.7844],[-156.352,20.785],[-156.3535,20.785],[-156.3548,20.7858],[-156.3559,20.7855],[-156.357,20.7862],[-156.3583,20.7863],[-156.3596,20.7873],[-156.3617,20.7866],[-156.3626,20.7873],[-156.3643,20.7875],[-156.3655,20.7888],[-156.3715,20.7802],[-156.3689,20.7792],[-156.3676,20.7793],[-156.366,20.7783],[-156.3645,20.7785],[-156.3637,20.7794],[-156.3587,20.7768],[-156.3496,20.7738],[-156.3466,20.7722],[-156.3438,20.7682],[-156.3413,20.7665],[-156.3333,20.763],[-156.3231,20.757],[-156.309,20.7511],[-156.296,20.74],[-156.2793,20.7236],[-156.2715,20.7192],[-156.2577,20.7092],[-156.2419,20.7267],[-156.2578,20.7374],[-156.2762,20.7473],[-156.3079,20.7576],[-156.3172,20.7649],[-156.3247,20.7695],[-156.3254,20.772],[-156.3309,20.774],[-156.3352,20.775],[-156.3482,20.7819],[-156.3482,20.7823]]]}},{"type":"Feature","properties":{"id":680,"ahupuaa":"Pūlehuiki","moku":"Kula","acres":964},"geometry":{"type":"Polygon","coordinates":[[[-156.3482,20.7823],[-156.3458,20.7831],[-156.344,20.7828],[-156.3426,20.782],[-156.3404,20.7823],[-156.3389,20.7799],[-156.3374,20.7795],[-156.33,20.7749],[-156.3264,20.7747],[-156.3236,20.7723],[-156.3236,20.7718],[-156.3208,20.7712],[-156.3161,20.7676],[-156.314,20.7645],[-156.3104,20.7633],[-156.3081,20.7618],[-156.3066,20.7598],[-156.3045,20.7584],[-156.296,20.756],[-156.293,20.7532],[-156.288,20.7523],[-156.2838,20.7506],[-156.2833,20.7496],[-156.2762,20.7473],[-156.3065,20.7687],[-156.3102,20.7688],[-156.3141,20.7697],[-156.3168,20.772],[-156.3193,20.7724],[-156.3219,20.775],[-156.3241,20.7753],[-156.325,20.7771],[-156.3274,20.7796],[-156.3321,20.7826],[-156.3393,20.7832],[-156.3402,20.7845],[-156.3449,20.7864],[-156.3542,20.7857],[-156.3535,20.785],[-156.351,20.7846],[-156.3495,20.7826],[-156.3482,20.7823]]]}},{"type":"Feature","properties":{"id":681,"ahupuaa":"Kamehameiki","moku":"Kula","acres":445},"geometry":{"type":"Polygon","coordinates":[[[-156.2833,20.7496],[-156.2838,20.7506],[-156.288,20.7523],[-156.293,20.7532],[-156.296,20.756],[-156.3045,20.7584],[-156.3066,20.7598],[-156.3081,20.7618],[-156.3104,20.7633],[-156.314,20.7645],[-156.3161,20.7676],[-156.3208,20.7712],[-156.3236,20.7718],[-156.3236,20.7723],[-156.3264,20.7747],[-156.33,20.7749],[-156.3374,20.7795],[-156.3389,20.7799],[-156.3402,20.7822],[-156.3426,20.782],[-156.3452,20.7831],[-156.3482,20.7823],[-156.3482,20.7819],[-156.3352,20.775],[-156.3309,20.774],[-156.3254,20.772],[-156.3247,20.7695],[-156.3172,20.7649],[-156.3079,20.7576],[-156.2833,20.7496]]]}},{"type":"Feature","properties":{"id":682,"ahupuaa":"Waiakoa","moku":"Kula","acres":6162},"geometry":{"type":"Polygon","coordinates":[[[-156.3715,20.7802],[-156.3752,20.7805],[-156.3785,20.78],[-156.3815,20.7807],[-156.3831,20.7798],[-156.385,20.7801],[-156.3889,20.7781],[-156.3907,20.7785],[-156.3927,20.7799],[-156.3943,20.78],[-156.3996,20.7785],[-156.4025,20.7793],[-156.4043,20.7786],[-156.4073,20.7785],[-156.4118,20.7798],[-156.4135,20.7792],[-156.4148,20.78],[-156.4158,20.78],[-156.4224,20.7794],[-156.4256,20.7784],[-156.4274,20.779],[-156.4288,20.7784],[-156.4317,20.7793],[-156.4619,20.7798],[-156.4611,20.7781],[-156.4608,20.7741],[-156.4592,20.7683],[-156.4526,20.771],[-156.4095,20.771],[-156.3899,20.7702],[-156.3818,20.7712],[-156.354,20.7665],[-156.3343,20.7541],[-156.3319,20.7524],[-156.3299,20.7499],[-156.3229,20.7474],[-156.3123,20.738],[-156.301,20.7317],[-156.2917,20.7244],[-156.2901,20.7119],[-156.2772,20.7019],[-156.2577,20.7092],[-156.2715,20.7192],[-156.2793,20.7236],[-156.296,20.74],[-156.309,20.7511],[-156.3231,20.757],[-156.3333,20.763],[-156.3413,20.7665],[-156.3438,20.7682],[-156.3466,20.7722],[-156.3496,20.7738],[-156.3587,20.7768],[-156.3637,20.7794],[-156.3645,20.7785],[-156.366,20.7783],[-156.3676,20.7793],[-156.3689,20.7792],[-156.3715,20.7802]]]}},{"type":"Feature","properties":{"id":683,"ahupuaa":"ʻAlae 3-4","moku":"Kula","acres":892},"geometry":{"type":"Polygon","coordinates":[[[-156.2911,20.7207],[-156.2915,20.7242],[-156.301,20.7317],[-156.3123,20.738],[-156.3229,20.7474],[-156.3299,20.7499],[-156.3319,20.7524],[-156.3343,20.7541],[-156.354,20.7665],[-156.3822,20.7712],[-156.3493,20.759],[-156.346,20.7566],[-156.3421,20.7555],[-156.3399,20.7529],[-156.3328,20.7498],[-156.3264,20.7447],[-156.3193,20.7409],[-156.2911,20.7207]]]}},{"type":"Feature","properties":{"id":689,"ahupuaa":"Haneoʻo","moku":"Hāna","acres":759},"geometry":{"type":"Polygon","coordinates":[[[-155.9856,20.7301],[-155.9885,20.7312],[-155.9904,20.7312],[-155.9946,20.7336],[-155.9959,20.7335],[-155.9969,20.7341],[-156.005,20.7316],[-156.0199,20.7365],[-156.0164,20.7289],[-156.0075,20.7263],[-155.9909,20.7227],[-155.9846,20.7199],[-155.9845,20.7218],[-155.9839,20.7217],[-155.9846,20.7232],[-155.9837,20.7236],[-155.9843,20.724],[-155.9842,20.726],[-155.9829,20.7265],[-155.9842,20.7281],[-155.9857,20.7286],[-155.986,20.7295],[-155.9856,20.7301]]]}},{"type":"Feature","properties":{"id":690,"ahupuaa":"ʻAlaenui","moku":"Kīpahulu","acres":8363},"geometry":{"type":"Polygon","coordinates":[[[-156.142,20.7305],[-156.1403,20.7301],[-156.14,20.7294],[-156.1408,20.7279],[-156.1404,20.721],[-156.1367,20.7162],[-156.1361,20.7149],[-156.1362,20.7135],[-156.1327,20.7107],[-156.1337,20.7083],[-156.1322,20.7077],[-156.1319,20.7063],[-156.1313,20.7057],[-156.1283,20.7056],[-156.1257,20.7049],[-156.1213,20.7021],[-156.1187,20.702],[-156.1175,20.7013],[-156.1162,20.7012],[-156.112,20.7018],[-156.1101,20.7006],[-156.1083,20.7003],[-156.1006,20.693],[-156.0985,20.6921],[-156.0972,20.6904],[-156.0937,20.6889],[-156.092,20.6853],[-156.0892,20.6845],[-156.0884,20.6833],[-156.0836,20.6792],[-156.0798,20.6735],[-156.0718,20.6766],[-156.0645,20.6694],[-156.0635,20.6688],[-156.0625,20.6695],[-156.0585,20.6663],[-156.0583,20.6655],[-156.0542,20.6619],[-156.0498,20.6566],[-156.0467,20.6546],[-156.0463,20.6556],[-156.0469,20.6561],[-156.0464,20.6567],[-156.0472,20.6572],[-156.0473,20.6586],[-156.0461,20.6587],[-156.0456,20.6579],[-156.0432,20.6575],[-156.0438,20.658],[-156.0449,20.658],[-156.0437,20.6582],[-156.0466,20.6607],[-156.0494,20.6623],[-156.0503,20.6634],[-156.0512,20.6634],[-156.0535,20.6646],[-156.0566,20.668],[-156.0581,20.6685],[-156.0591,20.6675],[-156.064,20.6726],[-156.0692,20.6829],[-156.064,20.6851],[-156.0578,20.6778],[-156.0538,20.6701],[-156.051,20.6672],[-156.0505,20.6656],[-156.0468,20.6649],[-156.0452,20.6639],[-156.043,20.6638],[-156.0412,20.6629],[-156.0408,20.6673],[-156.0434,20.6688],[-156.0454,20.6707],[-156.0486,20.6777],[-156.0516,20.681],[-156.0681,20.7085],[-156.0705,20.7104],[-156.0722,20.7109],[-156.0745,20.7103],[-156.0801,20.7112],[-156.0828,20.7147],[-156.0832,20.7164],[-156.0852,20.7196],[-156.0865,20.7212],[-156.0876,20.7217],[-156.088,20.7229],[-156.0872,20.7262],[-156.0887,20.728],[-156.1031,20.7365],[-156.1151,20.7366],[-156.1246,20.734],[-156.142,20.7305]]]}},{"type":"Feature","properties":{"id":684,"ahupuaa":"ʻAlae 1-2","moku":"Kula","acres":2010},"geometry":{"type":"Polygon","coordinates":[[[-156.3822,20.7712],[-156.3899,20.7702],[-156.3942,20.7702],[-156.3834,20.7607],[-156.3733,20.757],[-156.3478,20.7499],[-156.3463,20.7491],[-156.3434,20.7489],[-156.3381,20.7468],[-156.3353,20.7468],[-156.3346,20.7457],[-156.3332,20.7449],[-156.3303,20.744],[-156.3283,20.742],[-156.3211,20.7393],[-156.3192,20.7377],[-156.3163,20.7362],[-156.3143,20.7341],[-156.3123,20.7336],[-156.311,20.731],[-156.3065,20.727],[-156.3058,20.7255],[-156.3045,20.7242],[-156.2901,20.7119],[-156.2911,20.7207],[-156.3193,20.7409],[-156.3264,20.7447],[-156.3328,20.7498],[-156.3396,20.7527],[-156.3421,20.7555],[-156.3462,20.7567],[-156.3483,20.7586],[-156.3822,20.7712]]]}},{"type":"Feature","properties":{"id":685,"ahupuaa":"Kaʻonoʻulu","moku":"Kula","acres":5764},"geometry":{"type":"Polygon","coordinates":[[[-156.3942,20.7702],[-156.4095,20.771],[-156.4526,20.771],[-156.4592,20.7683],[-156.4595,20.7627],[-156.4574,20.7622],[-156.4566,20.7634],[-156.4534,20.7631],[-156.391,20.755],[-156.3695,20.7485],[-156.3672,20.7469],[-156.3626,20.7477],[-156.3586,20.744],[-156.3553,20.7433],[-156.3534,20.7412],[-156.3517,20.7407],[-156.3503,20.7391],[-156.3483,20.738],[-156.3452,20.7369],[-156.3403,20.7366],[-156.3374,20.7329],[-156.3333,20.7319],[-156.3312,20.73],[-156.3298,20.7293],[-156.3283,20.7293],[-156.2854,20.6969],[-156.2772,20.7019],[-156.2901,20.7119],[-156.3045,20.7242],[-156.3058,20.7255],[-156.3065,20.727],[-156.311,20.731],[-156.3123,20.7336],[-156.3143,20.7341],[-156.3163,20.7362],[-156.3192,20.7377],[-156.3211,20.7393],[-156.3283,20.742],[-156.3303,20.744],[-156.3332,20.7449],[-156.3346,20.7457],[-156.3353,20.7468],[-156.3381,20.7468],[-156.3434,20.7489],[-156.3463,20.7491],[-156.3478,20.7499],[-156.3733,20.757],[-156.3834,20.7607],[-156.3942,20.7702]]]}},{"type":"Feature","properties":{"id":686,"ahupuaa":"Waiohuli","moku":"Kula","acres":10954},"geometry":{"type":"Polygon","coordinates":[[[-156.4485,20.7624],[-156.4566,20.7634],[-156.4574,20.7622],[-156.4591,20.7623],[-156.46,20.7604],[-156.4597,20.7546],[-156.4603,20.7524],[-156.4579,20.7477],[-156.3865,20.7306],[-156.352,20.711],[-156.3169,20.6808],[-156.2854,20.6969],[-156.3067,20.713],[-156.3348,20.7274],[-156.3713,20.7447],[-156.3986,20.7539],[-156.4485,20.7624]]]}},{"type":"Feature","properties":{"id":696,"ahupuaa":"Hāmoa","moku":"Hāna","acres":154},"geometry":{"type":"Polygon","coordinates":[[[-155.9846,20.7199],[-155.9909,20.7227],[-156.0075,20.7263],[-156.0058,20.7237],[-156.003,20.7224],[-155.9903,20.7199],[-155.99,20.7192],[-155.9876,20.7201],[-155.9869,20.72],[-155.9872,20.7196],[-155.9849,20.7192],[-155.9845,20.7193],[-155.9846,20.7199]]]}},{"type":"Feature","properties":{"id":697,"ahupuaa":"Nuʻu","moku":"Kaupō","acres":12169},"geometry":{"type":"Polygon","coordinates":[[[-156.1463,20.7245],[-156.1795,20.7272],[-156.1964,20.7219],[-156.203,20.7023],[-156.192,20.6554],[-156.1876,20.6291],[-156.1881,20.6281],[-156.1871,20.627],[-156.1846,20.6264],[-156.1811,20.6265],[-156.1803,20.6271],[-156.1783,20.6269],[-156.1777,20.6265],[-156.1779,20.6249],[-156.1772,20.6246],[-156.1778,20.6235],[-156.1767,20.6223],[-156.1749,20.6214],[-156.1733,20.6218],[-156.1713,20.6275],[-156.1718,20.6281],[-156.1714,20.6303],[-156.172,20.6321],[-156.1715,20.6336],[-156.1687,20.636],[-156.1444,20.6797],[-156.1447,20.7016],[-156.1456,20.7076],[-156.1463,20.7245]]]}},{"type":"Feature","properties":{"id":687,"ahupuaa":"Kōheo 1-2","moku":"Kula","acres":1229},"geometry":{"type":"Polygon","coordinates":[[[-156.3069,20.7131],[-156.3283,20.7293],[-156.3298,20.7293],[-156.3312,20.73],[-156.3333,20.7319],[-156.3374,20.7329],[-156.3403,20.7366],[-156.3452,20.7369],[-156.3483,20.738],[-156.3503,20.7391],[-156.3517,20.7407],[-156.3534,20.7412],[-156.3553,20.7433],[-156.3586,20.744],[-156.3626,20.7477],[-156.3672,20.7469],[-156.3695,20.7485],[-156.391,20.755],[-156.4479,20.7624],[-156.4485,20.7624],[-156.3986,20.7539],[-156.375,20.746],[-156.3713,20.7447],[-156.3348,20.7274],[-156.3069,20.7131]]]}},{"type":"Feature","properties":{"id":691,"ahupuaa":"Papaʻanui","moku":"Honuaʻula","acres":3935},"geometry":{"type":"Polygon","coordinates":[[[-156.142,20.7305],[-156.1449,20.7313],[-156.1489,20.7312],[-156.1538,20.7329],[-156.1592,20.7331],[-156.163,20.7344],[-156.1738,20.7361],[-156.18,20.7348],[-156.242,20.7267],[-156.2577,20.7092],[-156.2773,20.7019],[-156.2883,20.6953],[-156.3168,20.6808],[-156.322,20.6789],[-156.3175,20.6714],[-156.3057,20.6828],[-156.2634,20.7041],[-156.2506,20.7081],[-156.2326,20.7085],[-156.1813,20.7299],[-156.142,20.7305]]]}},{"type":"Feature","properties":{"id":704,"ahupuaa":"Paeahu","moku":"Kula","acres":5431},"geometry":{"type":"Polygon","coordinates":[[[-156.4446,20.6775],[-156.396,20.6742],[-156.3936,20.6728],[-156.3758,20.6706],[-156.3687,20.6671],[-156.3666,20.667],[-156.3469,20.6628],[-156.3412,20.6666],[-156.3439,20.6682],[-156.3771,20.6825],[-156.3764,20.6841],[-156.3864,20.6916],[-156.3971,20.6944],[-156.4347,20.7068],[-156.446,20.702],[-156.4448,20.6972],[-156.4449,20.6949],[-156.4443,20.6933],[-156.4446,20.6915],[-156.4438,20.6902],[-156.4447,20.6878],[-156.4448,20.686],[-156.4438,20.6852],[-156.4433,20.6838],[-156.4436,20.6815],[-156.4452,20.6797],[-156.4445,20.6792],[-156.4446,20.6775]]]}},{"type":"Feature","properties":{"id":705,"ahupuaa":"Nakula","moku":"Kaupō","acres":7499},"geometry":{"type":"Polygon","coordinates":[[[-156.1881,20.6281],[-156.1876,20.6291],[-156.192,20.6554],[-156.203,20.7022],[-156.2065,20.7022],[-156.2092,20.7006],[-156.2116,20.7],[-156.2227,20.701],[-156.2276,20.7002],[-156.23,20.7003],[-156.238,20.6822],[-156.2385,20.6736],[-156.2377,20.6723],[-156.2368,20.6671],[-156.235,20.6641],[-156.2342,20.6613],[-156.2323,20.6596],[-156.2312,20.6576],[-156.23,20.6539],[-156.2285,20.6519],[-156.228,20.6504],[-156.2282,20.6493],[-156.2269,20.6468],[-156.2244,20.6452],[-156.223,20.6425],[-156.2211,20.6409],[-156.2209,20.6398],[-156.2194,20.6386],[-156.2173,20.6345],[-156.2164,20.6343],[-156.216,20.6327],[-156.2141,20.6296],[-156.2098,20.6263],[-156.21,20.6245],[-156.2079,20.6251],[-156.2068,20.625],[-156.2066,20.6244],[-156.2047,20.6249],[-156.2033,20.6261],[-156.2005,20.6272],[-156.1993,20.6273],[-156.1985,20.6268],[-156.1951,20.628],[-156.192,20.6285],[-156.1881,20.6281]]]}},{"type":"Feature","properties":{"id":692,"ahupuaa":"Kamaʻole","moku":"Kula","acres":8096},"geometry":{"type":"Polygon","coordinates":[[[-156.446,20.702],[-156.4347,20.7068],[-156.3971,20.6944],[-156.3864,20.6916],[-156.3764,20.6841],[-156.3771,20.6825],[-156.3439,20.6682],[-156.3412,20.6666],[-156.322,20.6789],[-156.3302,20.6829],[-156.3783,20.7087],[-156.4002,20.7193],[-156.4233,20.7284],[-156.4566,20.7362],[-156.4558,20.7336],[-156.4547,20.7319],[-156.453,20.7299],[-156.4502,20.7281],[-156.4507,20.7275],[-156.4502,20.7256],[-156.4485,20.7233],[-156.4466,20.7146],[-156.4465,20.7102],[-156.4459,20.7082],[-156.4473,20.7059],[-156.446,20.702]]]}},{"type":"Feature","properties":{"id":693,"ahupuaa":"Mokae","moku":"Hāna","acres":675},"geometry":{"type":"Polygon","coordinates":[[[-156.0164,20.7289],[-156.016,20.7285],[-156.0179,20.7181],[-156.014,20.7172],[-156.0118,20.7177],[-156.0093,20.7161],[-156.0032,20.716],[-156.0017,20.7164],[-155.9954,20.7133],[-155.9908,20.7126],[-155.9886,20.7129],[-155.9885,20.7159],[-155.9876,20.7164],[-155.9875,20.7174],[-155.9881,20.7176],[-155.9876,20.7181],[-155.9879,20.7188],[-155.9869,20.72],[-155.99,20.7192],[-155.9903,20.7199],[-156.003,20.7224],[-156.0058,20.7237],[-156.0077,20.7264],[-156.0164,20.7289]]]}},{"type":"Feature","properties":{"id":694,"ahupuaa":"Kahikinui","moku":"Kahikinui","acres":27683},"geometry":{"type":"Polygon","coordinates":[[[-156.142,20.7305],[-156.1813,20.7299],[-156.2326,20.7085],[-156.2506,20.7081],[-156.2634,20.7041],[-156.3057,20.6828],[-156.3175,20.6714],[-156.3194,20.6217],[-156.3143,20.5835],[-156.3126,20.5841],[-156.3116,20.5833],[-156.3107,20.5842],[-156.3096,20.5831],[-156.3085,20.5835],[-156.3077,20.5828],[-156.3067,20.5834],[-156.3061,20.583],[-156.305,20.5838],[-156.3037,20.5826],[-156.3021,20.583],[-156.3,20.5827],[-156.2992,20.5833],[-156.2976,20.583],[-156.2978,20.5834],[-156.2966,20.5841],[-156.2904,20.5856],[-156.2883,20.587],[-156.2879,20.5868],[-156.2876,20.5874],[-156.2866,20.5873],[-156.2864,20.5885],[-156.2856,20.5883],[-156.2851,20.5889],[-156.2849,20.5904],[-156.2842,20.5903],[-156.2832,20.5918],[-156.2819,20.5921],[-156.2817,20.5932],[-156.2793,20.5938],[-156.2768,20.5935],[-156.2755,20.5944],[-156.2736,20.5945],[-156.2731,20.5954],[-156.2705,20.5955],[-156.269,20.5967],[-156.2677,20.5969],[-156.2669,20.5983],[-156.2662,20.598],[-156.2635,20.5987],[-156.2623,20.598],[-156.2614,20.5984],[-156.2614,20.599],[-156.261,20.5988],[-156.2605,20.5998],[-156.2585,20.5996],[-156.258,20.6008],[-156.2572,20.6006],[-156.2558,20.6022],[-156.2553,20.6021],[-156.2504,20.6048],[-156.2502,20.6059],[-156.2486,20.6059],[-156.2478,20.6064],[-156.2472,20.6062],[-156.2472,20.6055],[-156.2461,20.6055],[-156.2455,20.6067],[-156.2445,20.6066],[-156.2444,20.6078],[-156.2429,20.6089],[-156.2415,20.6087],[-156.2413,20.6095],[-156.2394,20.6099],[-156.2393,20.6111],[-156.2379,20.6114],[-156.2373,20.6108],[-156.2366,20.6112],[-156.2353,20.6107],[-156.2342,20.6117],[-156.2335,20.6117],[-156.2335,20.6126],[-156.231,20.6122],[-156.2308,20.613],[-156.2296,20.6135],[-156.2287,20.6132],[-156.2289,20.6136],[-156.2283,20.6141],[-156.2279,20.6137],[-156.2274,20.614],[-156.2276,20.6146],[-156.2265,20.6156],[-156.2244,20.6159],[-156.2237,20.6182],[-156.2223,20.6195],[-156.219,20.6199],[-156.2187,20.6207],[-156.2181,20.6205],[-156.2177,20.6215],[-156.2165,20.6217],[-156.2158,20.6224],[-156.2141,20.6224],[-156.2134,20.6219],[-156.2137,20.6227],[-156.2133,20.6232],[-156.2122,20.6239],[-156.2119,20.6236],[-156.2119,20.6241],[-156.21,20.6245],[-156.2098,20.6263],[-156.2141,20.6296],[-156.216,20.6327],[-156.2164,20.6343],[-156.2173,20.6345],[-156.2194,20.6386],[-156.2209,20.6398],[-156.2211,20.6409],[-156.223,20.6425],[-156.2244,20.6452],[-156.2269,20.6468],[-156.2282,20.6493],[-156.228,20.6504],[-156.2285,20.6519],[-156.23,20.6539],[-156.2312,20.6576],[-156.2323,20.6596],[-156.2342,20.6613],[-156.235,20.6641],[-156.2368,20.6671],[-156.2377,20.6723],[-156.2385,20.6736],[-156.238,20.6822],[-156.2303,20.7],[-156.2231,20.701],[-156.2116,20.7],[-156.2092,20.7006],[-156.2065,20.7022],[-156.203,20.7022],[-156.1964,20.7219],[-156.1795,20.7272],[-156.1463,20.7245],[-156.1403,20.7301],[-156.142,20.7305]]]}},{"type":"Feature","properties":{"id":695,"ahupuaa":"Naholoku","moku":"Kaupō","acres":12417},"geometry":{"type":"Polygon","coordinates":[[[-156.1463,20.7245],[-156.1456,20.7076],[-156.1447,20.7016],[-156.1444,20.6797],[-156.1687,20.636],[-156.1715,20.6336],[-156.172,20.6326],[-156.1714,20.6303],[-156.1718,20.6281],[-156.1713,20.6275],[-156.173,20.6228],[-156.1728,20.6213],[-156.1721,20.6208],[-156.1706,20.6208],[-156.1701,20.6212],[-156.1703,20.6222],[-156.1694,20.6226],[-156.1696,20.623],[-156.1688,20.6228],[-156.1685,20.6236],[-156.1679,20.6232],[-156.1666,20.6242],[-156.1649,20.6232],[-156.1651,20.6212],[-156.1631,20.6206],[-156.1624,20.6223],[-156.1546,20.6263],[-156.1471,20.6253],[-156.1452,20.6257],[-156.1409,20.6198],[-156.1402,20.6181],[-156.1397,20.6186],[-156.1398,20.6193],[-156.1392,20.6188],[-156.1402,20.6201],[-156.1396,20.6204],[-156.1393,20.6215],[-156.1374,20.6217],[-156.1367,20.6214],[-156.1364,20.6201],[-156.1355,20.6199],[-156.1357,20.6204],[-156.1346,20.6212],[-156.1353,20.6229],[-156.1348,20.6238],[-156.1335,20.6234],[-156.1336,20.624],[-156.1328,20.6239],[-156.1326,20.6243],[-156.1301,20.6231],[-156.1279,20.6231],[-156.1271,20.6242],[-156.1273,20.6261],[-156.125,20.6278],[-156.1252,20.6285],[-156.1247,20.6294],[-156.122,20.6309],[-156.1191,20.6301],[-156.1144,20.6333],[-156.1107,20.6371],[-156.1113,20.639],[-156.1106,20.6399],[-156.1093,20.6398],[-156.1091,20.6394],[-156.1089,20.6403],[-156.1073,20.6412],[-156.1064,20.6411],[-156.1059,20.6398],[-156.1056,20.6404],[-156.1028,20.6404],[-156.101,20.6415],[-156.1003,20.6416],[-156.1002,20.6412],[-156.0999,20.642],[-156.0992,20.6422],[-156.097,20.6415],[-156.0945,20.6416],[-156.0937,20.6407],[-156.0935,20.6425],[-156.0929,20.6423],[-156.0897,20.6439],[-156.0884,20.6437],[-156.0869,20.6449],[-156.0862,20.6448],[-156.0866,20.6455],[-156.0859,20.6462],[-156.0873,20.6486],[-156.0893,20.6496],[-156.09,20.6513],[-156.0919,20.6534],[-156.093,20.6561],[-156.0943,20.6573],[-156.0946,20.659],[-156.0964,20.6604],[-156.0967,20.6624],[-156.0984,20.6655],[-156.0981,20.6665],[-156.0989,20.6668],[-156.0982,20.668],[-156.0985,20.67],[-156.0993,20.6711],[-156.0997,20.6749],[-156.1011,20.6759],[-156.1026,20.6794],[-156.1036,20.6851],[-156.1132,20.7018],[-156.1162,20.7012],[-156.1175,20.7013],[-156.1187,20.702],[-156.1213,20.7021],[-156.1246,20.7045],[-156.1276,20.7055],[-156.1306,20.7055],[-156.1319,20.7063],[-156.1322,20.7077],[-156.1337,20.7083],[-156.1327,20.7107],[-156.1362,20.7135],[-156.1361,20.7149],[-156.1367,20.7162],[-156.1404,20.721],[-156.1408,20.7279],[-156.14,20.7294],[-156.1403,20.7301],[-156.1463,20.7245]]]}},{"type":"Feature","properties":{"id":698,"ahupuaa":"Kākiʻo","moku":"Hāna","acres":1342},"geometry":{"type":"Polygon","coordinates":[[[-155.9886,20.7129],[-155.9908,20.7126],[-155.9954,20.7133],[-156.0017,20.7164],[-156.0032,20.716],[-156.0093,20.7161],[-156.0118,20.7177],[-156.014,20.7172],[-156.0388,20.7218],[-156.0493,20.7059],[-156.0458,20.7056],[-156.0278,20.7114],[-156.0188,20.711],[-156.0132,20.7097],[-156.0002,20.7096],[-155.994,20.7065],[-155.9926,20.7063],[-155.9926,20.7068],[-155.9916,20.7062],[-155.991,20.7065],[-155.9914,20.707],[-155.991,20.7074],[-155.9912,20.7081],[-155.9882,20.7078],[-155.9883,20.7091],[-155.9877,20.7091],[-155.9887,20.7103],[-155.9881,20.7112],[-155.9886,20.7129]]]}},{"type":"Feature","properties":{"id":706,"ahupuaa":"ʻAlaeiki","moku":"Kīpahulu","acres":521},"geometry":{"type":"Polygon","coordinates":[[[-156.0413,20.6628],[-156.043,20.6638],[-156.0452,20.6639],[-156.0468,20.6649],[-156.0505,20.6656],[-156.051,20.6672],[-156.0538,20.6701],[-156.0578,20.6778],[-156.064,20.6851],[-156.0692,20.6829],[-156.064,20.6726],[-156.0591,20.6675],[-156.0581,20.6685],[-156.0566,20.668],[-156.0535,20.6646],[-156.0512,20.6634],[-156.0503,20.6634],[-156.0494,20.6623],[-156.0444,20.6589],[-156.043,20.6588],[-156.0432,20.6592],[-156.0423,20.6599],[-156.0422,20.6606],[-156.0415,20.6608],[-156.0418,20.6614],[-156.0405,20.6617],[-156.0413,20.6628]]]}},{"type":"Feature","properties":{"id":699,"ahupuaa":"Mūʻolea","moku":"Hāna","acres":984},"geometry":{"type":"Polygon","coordinates":[[[-156.0276,20.7114],[-156.0458,20.7056],[-156.0493,20.7059],[-156.024,20.6902],[-156.0235,20.6892],[-156.021,20.689],[-156.0204,20.6881],[-156.0187,20.6874],[-156.0179,20.685],[-156.0181,20.6843],[-156.018,20.6835],[-156.0168,20.6838],[-156.0154,20.6826],[-156.0144,20.6829],[-156.0131,20.682],[-156.0125,20.6828],[-156.0118,20.6823],[-156.0106,20.6842],[-156.0093,20.6843],[-156.0083,20.6852],[-156.0104,20.6869],[-156.013,20.6876],[-156.016,20.6922],[-156.0184,20.6941],[-156.0213,20.6991],[-156.0227,20.6997],[-156.0241,20.7012],[-156.0272,20.7022],[-156.0276,20.7114]]]}},{"type":"Feature","properties":{"id":700,"ahupuaa":"Waiohonu","moku":"Hāna","acres":1495},"geometry":{"type":"Polygon","coordinates":[[[-155.994,20.7065],[-156.0002,20.7096],[-156.0132,20.7097],[-156.0188,20.711],[-156.0276,20.7114],[-156.0272,20.7022],[-156.0241,20.7012],[-156.0227,20.6997],[-156.0213,20.6991],[-156.0184,20.6941],[-156.016,20.6922],[-156.013,20.6876],[-156.0106,20.687],[-156.009,20.6858],[-156.0071,20.6868],[-156.0074,20.6875],[-156.0062,20.6874],[-156.0062,20.6879],[-156.0054,20.6881],[-156.0053,20.6892],[-156.0043,20.6892],[-156.0042,20.6912],[-156.0019,20.6924],[-156.0018,20.6935],[-156.001,20.6933],[-156.0011,20.6944],[-155.9993,20.695],[-155.9982,20.6948],[-155.9989,20.6969],[-155.9984,20.6975],[-155.9986,20.6989],[-155.9978,20.699],[-155.9984,20.6997],[-155.9969,20.6999],[-155.9975,20.7017],[-155.9968,20.7028],[-155.9961,20.7028],[-155.9954,20.7035],[-155.994,20.7034],[-155.9951,20.7042],[-155.9932,20.7043],[-155.9938,20.7049],[-155.994,20.7065]]]}},{"type":"Feature","properties":{"id":701,"ahupuaa":"Puʻuhaoa","moku":"Hāna","acres":1490},"geometry":{"type":"Polygon","coordinates":[[[-156.0424,20.6931],[-156.0679,20.7078],[-156.052,20.6817],[-156.0507,20.6823],[-156.0506,20.6812],[-156.0493,20.6793],[-156.0477,20.6785],[-156.0433,20.6733],[-156.0432,20.6724],[-156.0412,20.671],[-156.0408,20.6695],[-156.0396,20.6687],[-156.0387,20.6697],[-156.0378,20.6694],[-156.0372,20.6701],[-156.0367,20.67],[-156.0366,20.6709],[-156.0359,20.6705],[-156.0341,20.6738],[-156.0331,20.6737],[-156.0301,20.6762],[-156.0301,20.677],[-156.0283,20.6781],[-156.0274,20.6781],[-156.028,20.6793],[-156.0265,20.6804],[-156.0316,20.684],[-156.032,20.6857],[-156.0351,20.6867],[-156.0363,20.6882],[-156.0399,20.6902],[-156.0424,20.6931]]]}},{"type":"Feature","properties":{"id":702,"ahupuaa":"Wailua","moku":"Hāna","acres":403},"geometry":{"type":"Polygon","coordinates":[[[-156.0256,20.6808],[-156.0272,20.6832],[-156.0289,20.6834],[-156.0294,20.685],[-156.0306,20.6863],[-156.0319,20.6865],[-156.0334,20.6882],[-156.0334,20.6895],[-156.0374,20.6921],[-156.0386,20.6947],[-156.0399,20.6958],[-156.0407,20.6979],[-156.0417,20.6978],[-156.0437,20.6989],[-156.0442,20.6998],[-156.0451,20.6996],[-156.0477,20.7008],[-156.0492,20.7027],[-156.0506,20.7025],[-156.0508,20.7033],[-156.0676,20.7078],[-156.0424,20.6931],[-156.0399,20.6902],[-156.0363,20.6882],[-156.0351,20.6867],[-156.032,20.6857],[-156.0317,20.6841],[-156.03,20.6832],[-156.0294,20.6823],[-156.027,20.6811],[-156.0265,20.6804],[-156.0256,20.6808]]]}},{"type":"Feature","properties":{"id":703,"ahupuaa":"Kaʻāpahu","moku":"Kīpahulu","acres":1814},"geometry":{"type":"Polygon","coordinates":[[[-156.0887,20.6776],[-156.0937,20.6889],[-156.0972,20.6904],[-156.0985,20.6921],[-156.1006,20.693],[-156.108,20.7001],[-156.1101,20.7006],[-156.1116,20.7017],[-156.1132,20.7018],[-156.1036,20.6851],[-156.1026,20.6794],[-156.1011,20.6759],[-156.0997,20.6749],[-156.0993,20.6711],[-156.0985,20.67],[-156.0982,20.668],[-156.0989,20.6668],[-156.0981,20.6665],[-156.0984,20.6655],[-156.0967,20.6624],[-156.0964,20.6604],[-156.0946,20.659],[-156.0943,20.6573],[-156.093,20.6561],[-156.0919,20.6534],[-156.09,20.6513],[-156.0893,20.6496],[-156.0873,20.6486],[-156.0859,20.6462],[-156.0847,20.6468],[-156.084,20.6479],[-156.082,20.6486],[-156.0799,20.6507],[-156.078,20.6512],[-156.0756,20.6502],[-156.0755,20.6508],[-156.0763,20.6514],[-156.0762,20.6524],[-156.0776,20.6537],[-156.0775,20.6565],[-156.0786,20.6574],[-156.079,20.6588],[-156.0803,20.6599],[-156.0799,20.6618],[-156.0809,20.6636],[-156.0824,20.6654],[-156.0833,20.6678],[-156.0846,20.6684],[-156.0872,20.6714],[-156.0871,20.6724],[-156.088,20.6743],[-156.0887,20.6776]]]}},{"type":"Feature","properties":{"id":707,"ahupuaa":"Kukuiʻula","moku":"Kīpahulu","acres":1037},"geometry":{"type":"Polygon","coordinates":[[[-156.073,20.6759],[-156.0798,20.6735],[-156.0836,20.6792],[-156.0884,20.6833],[-156.0892,20.6845],[-156.092,20.6853],[-156.0887,20.6776],[-156.088,20.6743],[-156.0871,20.6724],[-156.0872,20.6714],[-156.0846,20.6684],[-156.0833,20.6678],[-156.0815,20.6641],[-156.0762,20.6657],[-156.0745,20.6608],[-156.0734,20.6591],[-156.0722,20.6533],[-156.0725,20.6514],[-156.074,20.651],[-156.0746,20.6497],[-156.0731,20.648],[-156.0721,20.648],[-156.0715,20.6472],[-156.0709,20.6475],[-156.07,20.6469],[-156.0688,20.6472],[-156.0685,20.6465],[-156.0684,20.6471],[-156.0667,20.6471],[-156.0647,20.6466],[-156.0643,20.6461],[-156.0634,20.6481],[-156.0597,20.6481],[-156.0598,20.6495],[-156.061,20.6519],[-156.0612,20.654],[-156.0635,20.655],[-156.0636,20.6561],[-156.0644,20.6566],[-156.0661,20.6593],[-156.0658,20.6602],[-156.067,20.6607],[-156.0681,20.6621],[-156.0717,20.6724],[-156.073,20.6739],[-156.073,20.6759]]]}},{"type":"Feature","properties":{"id":708,"ahupuaa":"Puaʻaluʻu","moku":"Hāna","acres":97},"geometry":{"type":"Polygon","coordinates":[[[-156.0396,20.6687],[-156.0408,20.6695],[-156.0412,20.671],[-156.0432,20.6724],[-156.0433,20.6733],[-156.0477,20.6785],[-156.0493,20.6793],[-156.0506,20.6812],[-156.0507,20.6823],[-156.052,20.6817],[-156.0496,20.6784],[-156.0486,20.6777],[-156.0454,20.6707],[-156.0434,20.6688],[-156.0408,20.6673],[-156.0396,20.6687]]]}},{"type":"Feature","properties":{"id":712,"ahupuaa":"Auwahi","moku":"Kahikinui","acres":5272},"geometry":{"type":"Polygon","coordinates":[[[-156.3175,20.6714],[-156.3279,20.6706],[-156.3449,20.6472],[-156.3419,20.6186],[-156.3386,20.6187],[-156.3358,20.5814],[-156.3369,20.5812],[-156.3365,20.5805],[-156.3353,20.5812],[-156.3353,20.5831],[-156.3337,20.5825],[-156.3336,20.5834],[-156.3324,20.584],[-156.3324,20.5835],[-156.3319,20.5838],[-156.332,20.583],[-156.331,20.5834],[-156.331,20.5841],[-156.3293,20.5842],[-156.3286,20.5837],[-156.3285,20.5848],[-156.328,20.5847],[-156.3275,20.5837],[-156.3266,20.584],[-156.3263,20.5836],[-156.3236,20.5849],[-156.323,20.5845],[-156.3195,20.5849],[-156.3183,20.5845],[-156.3178,20.5838],[-156.3174,20.5842],[-156.3169,20.5837],[-156.316,20.5841],[-156.3144,20.5837],[-156.3194,20.6217],[-156.3175,20.6714]]]}},{"type":"Feature","properties":{"id":709,"ahupuaa":"Kīkoʻo","moku":"Kīpahulu","acres":796},"geometry":{"type":"Polygon","coordinates":[[[-156.0454,20.6535],[-156.0498,20.6566],[-156.0542,20.6619],[-156.0583,20.6655],[-156.0585,20.6663],[-156.0625,20.6695],[-156.0635,20.6688],[-156.0645,20.6694],[-156.0718,20.6766],[-156.073,20.6761],[-156.073,20.6739],[-156.0717,20.6724],[-156.0681,20.6621],[-156.067,20.6607],[-156.0658,20.6602],[-156.0661,20.6593],[-156.0644,20.6566],[-156.0636,20.6561],[-156.0635,20.655],[-156.0612,20.654],[-156.061,20.6519],[-156.0596,20.6483],[-156.0579,20.6483],[-156.0573,20.6489],[-156.0562,20.6487],[-156.0559,20.65],[-156.0552,20.6506],[-156.0534,20.6499],[-156.0536,20.6508],[-156.0529,20.6513],[-156.0517,20.6513],[-156.0513,20.6506],[-156.0508,20.6511],[-156.0497,20.6506],[-156.0497,20.651],[-156.0491,20.6507],[-156.0492,20.6512],[-156.0487,20.651],[-156.0484,20.6518],[-156.047,20.6516],[-156.0473,20.6526],[-156.0467,20.6524],[-156.046,20.6531],[-156.0458,20.6528],[-156.0454,20.6535]]]}},{"type":"Feature","properties":{"id":710,"ahupuaa":"Kanaio","moku":"Honuaʻula","acres":8989},"geometry":{"type":"Polygon","coordinates":[[[-156.3175,20.6714],[-156.322,20.6789],[-156.3303,20.6739],[-156.3469,20.6628],[-156.3555,20.6488],[-156.3571,20.6469],[-156.3688,20.6423],[-156.3748,20.6394],[-156.3751,20.6365],[-156.3757,20.6358],[-156.3858,20.5981],[-156.3913,20.5796],[-156.3911,20.579],[-156.3889,20.5792],[-156.3878,20.5798],[-156.3871,20.5789],[-156.3863,20.5792],[-156.3865,20.5798],[-156.3858,20.5796],[-156.3858,20.5801],[-156.3852,20.5799],[-156.3841,20.581],[-156.3834,20.581],[-156.383,20.5791],[-156.3814,20.5787],[-156.381,20.5781],[-156.3804,20.5784],[-156.3803,20.5777],[-156.3802,20.5784],[-156.3795,20.5779],[-156.3785,20.5781],[-156.3778,20.5766],[-156.3774,20.5767],[-156.3776,20.5759],[-156.3769,20.5761],[-156.3757,20.5751],[-156.3749,20.5757],[-156.3748,20.5749],[-156.3741,20.5757],[-156.374,20.5745],[-156.3735,20.5744],[-156.3733,20.5755],[-156.3723,20.5755],[-156.3722,20.5749],[-156.3711,20.5748],[-156.3708,20.5758],[-156.37,20.5757],[-156.3697,20.5761],[-156.368,20.5753],[-156.3651,20.5775],[-156.3608,20.5778],[-156.3607,20.5784],[-156.3591,20.5783],[-156.3591,20.5777],[-156.3585,20.5776],[-156.3578,20.5785],[-156.3569,20.5782],[-156.3571,20.5788],[-156.3564,20.5797],[-156.3546,20.5801],[-156.3541,20.5807],[-156.3534,20.5802],[-156.3525,20.5809],[-156.3522,20.5803],[-156.3514,20.5809],[-156.3513,20.5804],[-156.3503,20.5805],[-156.3502,20.5816],[-156.3494,20.5817],[-156.3498,20.5834],[-156.3491,20.5836],[-156.3477,20.5825],[-156.3479,20.5833],[-156.347,20.5837],[-156.3456,20.5829],[-156.3446,20.5836],[-156.344,20.583],[-156.3422,20.5838],[-156.3423,20.5832],[-156.3417,20.5834],[-156.3413,20.5829],[-156.3407,20.5806],[-156.3398,20.581],[-156.3396,20.5803],[-156.3385,20.5805],[-156.3384,20.581],[-156.3374,20.5804],[-156.3371,20.5812],[-156.3358,20.5814],[-156.3386,20.6187],[-156.3419,20.6186],[-156.3449,20.6472],[-156.3279,20.6706],[-156.3175,20.6714]]]}},{"type":"Feature","properties":{"id":711,"ahupuaa":"Palauea","moku":"Honuaʻula","acres":2111},"geometry":{"type":"Polygon","coordinates":[[[-156.4439,20.6673],[-156.3987,20.6662],[-156.3819,20.662],[-156.3653,20.6608],[-156.3469,20.6628],[-156.3666,20.667],[-156.3687,20.6671],[-156.3758,20.6706],[-156.3936,20.6728],[-156.396,20.6742],[-156.4446,20.6775],[-156.4437,20.6765],[-156.4444,20.6728],[-156.4439,20.6726],[-156.4439,20.6716],[-156.4431,20.6702],[-156.443,20.6684],[-156.4439,20.6673]]]}},{"type":"Feature","properties":{"id":713,"ahupuaa":"Kukuiʻulaiki","moku":"Kīpahulu","acres":209},"geometry":{"type":"Polygon","coordinates":[[[-156.0756,20.6502],[-156.0746,20.6497],[-156.074,20.651],[-156.0726,20.6513],[-156.0722,20.6533],[-156.0734,20.6591],[-156.0745,20.6608],[-156.0762,20.6657],[-156.0815,20.6641],[-156.0799,20.6618],[-156.0802,20.6597],[-156.079,20.6588],[-156.0786,20.6574],[-156.0774,20.6563],[-156.0776,20.6537],[-156.0762,20.6524],[-156.0763,20.6514],[-156.0756,20.651],[-156.0756,20.6502]]]}},{"type":"Feature","properties":{"id":714,"ahupuaa":"Keauhou","moku":"Honuaʻula","acres":926},"geometry":{"type":"Polygon","coordinates":[[[-156.4423,20.6641],[-156.399,20.664],[-156.3717,20.6558],[-156.3625,20.6589],[-156.3588,20.6573],[-156.354,20.6513],[-156.3469,20.6628],[-156.3653,20.6608],[-156.3819,20.662],[-156.3987,20.6662],[-156.4439,20.6673],[-156.4424,20.6655],[-156.4423,20.6641]]]}},{"type":"Feature","properties":{"id":715,"ahupuaa":"Papaʻanui","moku":"Honuaʻula","acres":4931},"geometry":{"type":"Polygon","coordinates":[[[-156.354,20.6513],[-156.3588,20.6573],[-156.3625,20.6589],[-156.3717,20.6558],[-156.399,20.664],[-156.4402,20.6641],[-156.4421,20.6641],[-156.4423,20.6641],[-156.4415,20.6624],[-156.4415,20.6607],[-156.4423,20.6597],[-156.4417,20.6575],[-156.4422,20.6567],[-156.4429,20.6568],[-156.4428,20.6563],[-156.4436,20.6563],[-156.443,20.6561],[-156.4431,20.6556],[-156.4438,20.6555],[-156.4429,20.6542],[-156.4411,20.654],[-156.441,20.6517],[-156.4415,20.6507],[-156.4346,20.6489],[-156.4296,20.6466],[-156.4136,20.6447],[-156.4085,20.6431],[-156.4067,20.6382],[-156.3987,20.6415],[-156.3963,20.6378],[-156.3937,20.635],[-156.3924,20.6351],[-156.3928,20.6333],[-156.3925,20.6319],[-156.3886,20.6309],[-156.3877,20.63],[-156.385,20.6297],[-156.384,20.6299],[-156.382,20.6315],[-156.38,20.6314],[-156.3751,20.6365],[-156.3748,20.6394],[-156.3688,20.6423],[-156.3584,20.6461],[-156.3571,20.6469],[-156.354,20.6513]]]}},{"type":"Feature","properties":{"id":716,"ahupuaa":"Papaʻanui","moku":"Honuaʻula","acres":0},"geometry":{"type":"Polygon","coordinates":[[[-156.4421,20.6511],[-156.4417,20.6507],[-156.4416,20.6507],[-156.4421,20.6511]]]}},{"type":"Feature","properties":{"id":717,"ahupuaa":"Mohopilo","moku":"Honuaʻula","acres":2438},"geometry":{"type":"Polygon","coordinates":[[[-156.4346,20.6489],[-156.4422,20.6508],[-156.442,20.6496],[-156.4431,20.6499],[-156.4426,20.648],[-156.4434,20.6458],[-156.4458,20.6445],[-156.4466,20.6447],[-156.4459,20.6434],[-156.4469,20.6404],[-156.4479,20.6393],[-156.4508,20.6391],[-156.4508,20.6385],[-156.4531,20.6369],[-156.4525,20.6354],[-156.4516,20.6347],[-156.4524,20.6334],[-156.4498,20.6335],[-156.4454,20.6301],[-156.4444,20.6288],[-156.444,20.627],[-156.4427,20.6258],[-156.443,20.6254],[-156.4421,20.6255],[-156.4421,20.6246],[-156.4407,20.6242],[-156.4408,20.6237],[-156.4393,20.6221],[-156.4391,20.62],[-156.4381,20.6181],[-156.4182,20.63],[-156.4148,20.6315],[-156.4143,20.631],[-156.4086,20.6344],[-156.4053,20.6354],[-156.4047,20.6342],[-156.3963,20.6378],[-156.3987,20.6415],[-156.4067,20.6382],[-156.4085,20.6431],[-156.4136,20.6447],[-156.4296,20.6466],[-156.4346,20.6489]]]}},{"type":"Feature","properties":{"id":718,"ahupuaa":"Kanahena","moku":"Honuaʻula","acres":1304},"geometry":{"type":"Polygon","coordinates":[[[-156.3959,20.6374],[-156.3963,20.6378],[-156.4047,20.6342],[-156.4053,20.6354],[-156.4086,20.6344],[-156.4143,20.631],[-156.4148,20.6315],[-156.4182,20.63],[-156.4381,20.6181],[-156.4372,20.6179],[-156.4378,20.6168],[-156.4376,20.6161],[-156.4382,20.6156],[-156.4369,20.614],[-156.4367,20.6127],[-156.4373,20.6115],[-156.4389,20.6112],[-156.4404,20.61],[-156.4401,20.6086],[-156.4405,20.6084],[-156.4398,20.6079],[-156.4401,20.6066],[-156.4411,20.606],[-156.4412,20.6045],[-156.4376,20.6034],[-156.4368,20.6016],[-156.4373,20.6007],[-156.4364,20.599],[-156.435,20.5979],[-156.4336,20.5977],[-156.4331,20.5969],[-156.4321,20.5965],[-156.432,20.5971],[-156.4313,20.5967],[-156.4266,20.6145],[-156.4212,20.6181],[-156.42,20.6172],[-156.4186,20.6174],[-156.4162,20.6193],[-156.4155,20.6209],[-156.4113,20.6248],[-156.4058,20.6289],[-156.4065,20.63],[-156.3998,20.6356],[-156.3976,20.6361],[-156.3959,20.6374]]]}},{"type":"Feature","properties":{"id":719,"ahupuaa":"Kualapa","moku":"Honuaʻula","acres":706},"geometry":{"type":"Polygon","coordinates":[[[-156.3937,20.635],[-156.3959,20.6374],[-156.3976,20.6361],[-156.3998,20.6356],[-156.4065,20.63],[-156.4058,20.6289],[-156.4113,20.6248],[-156.4155,20.6209],[-156.4162,20.6193],[-156.4186,20.6174],[-156.42,20.6172],[-156.4212,20.6181],[-156.4266,20.6145],[-156.4313,20.5964],[-156.4301,20.5968],[-156.4305,20.5958],[-156.429,20.5955],[-156.4284,20.5947],[-156.4282,20.5952],[-156.4275,20.5949],[-156.4272,20.5956],[-156.4265,20.5956],[-156.4262,20.5939],[-156.4254,20.5954],[-156.4244,20.5957],[-156.4236,20.5966],[-156.4233,20.5963],[-156.4236,20.5978],[-156.4233,20.5969],[-156.423,20.5972],[-156.4231,20.5962],[-156.4222,20.5964],[-156.4226,20.5971],[-156.4216,20.5978],[-156.4218,20.5988],[-156.4224,20.5988],[-156.4225,20.599],[-156.4218,20.599],[-156.4214,20.5985],[-156.4214,20.5997],[-156.4219,20.6002],[-156.4211,20.6002],[-156.4215,20.6126],[-156.4208,20.6134],[-156.4166,20.6152],[-156.4148,20.6183],[-156.4121,20.6192],[-156.4053,20.6277],[-156.3951,20.6348],[-156.3937,20.635]]]}},{"type":"Feature","properties":{"id":720,"ahupuaa":"Kaloʻi","moku":"Honuaʻula","acres":1897},"geometry":{"type":"Polygon","coordinates":[[[-156.3757,20.6358],[-156.38,20.6314],[-156.382,20.6315],[-156.3845,20.6297],[-156.3877,20.63],[-156.3886,20.6309],[-156.3915,20.6314],[-156.3977,20.6264],[-156.3978,20.625],[-156.3967,20.6232],[-156.3982,20.6223],[-156.3975,20.6209],[-156.3884,20.6137],[-156.406,20.5832],[-156.4056,20.5827],[-156.4052,20.5832],[-156.403,20.5828],[-156.4026,20.5821],[-156.4032,20.5814],[-156.4024,20.5808],[-156.4029,20.5807],[-156.4029,20.5802],[-156.4023,20.5796],[-156.4015,20.5801],[-156.401,20.5788],[-156.3998,20.5793],[-156.3997,20.58],[-156.3985,20.5803],[-156.3986,20.5816],[-156.3981,20.582],[-156.3975,20.5819],[-156.3959,20.5798],[-156.3943,20.5799],[-156.3943,20.5804],[-156.3938,20.5804],[-156.3936,20.5798],[-156.3919,20.5795],[-156.3909,20.5801],[-156.3757,20.6358]]]}},{"type":"Feature","properties":{"id":721,"ahupuaa":"Kalihi","moku":"Honuaʻula","acres":1263},"geometry":{"type":"Polygon","coordinates":[[[-156.3925,20.6319],[-156.3928,20.6333],[-156.3924,20.6351],[-156.3951,20.6348],[-156.4053,20.6277],[-156.4121,20.6192],[-156.4148,20.6183],[-156.4166,20.6152],[-156.4208,20.6134],[-156.4215,20.6126],[-156.4211,20.6002],[-156.4204,20.5989],[-156.4199,20.5991],[-156.4191,20.5984],[-156.4188,20.5975],[-156.4183,20.5978],[-156.4181,20.5973],[-156.4176,20.5977],[-156.4171,20.5971],[-156.4164,20.5974],[-156.4166,20.5969],[-156.4152,20.5965],[-156.4154,20.596],[-156.4147,20.5958],[-156.4146,20.5948],[-156.4132,20.5962],[-156.4112,20.5995],[-156.407,20.603],[-156.4044,20.6068],[-156.4031,20.6156],[-156.4019,20.6163],[-156.4019,20.6177],[-156.3991,20.6215],[-156.3967,20.6232],[-156.3978,20.625],[-156.3977,20.6264],[-156.3982,20.6262],[-156.4,20.6272],[-156.3983,20.6289],[-156.393,20.6313],[-156.3925,20.6319]]]}},{"type":"Feature","properties":{"id":722,"ahupuaa":"Papaka Uka","moku":"Honuaʻula","acres":40},"geometry":{"type":"Polygon","coordinates":[[[-156.3915,20.6314],[-156.3925,20.6319],[-156.393,20.6313],[-156.3983,20.6289],[-156.4,20.6272],[-156.3982,20.6262],[-156.3977,20.6264],[-156.3915,20.6314]]]}},{"type":"Feature","properties":{"id":723,"ahupuaa":"Papaka Kai","moku":"Honuaʻula","acres":1279},"geometry":{"type":"Polygon","coordinates":[[[-156.3982,20.6223],[-156.4019,20.6177],[-156.4019,20.6163],[-156.4031,20.6156],[-156.4044,20.6068],[-156.407,20.603],[-156.4112,20.5995],[-156.4132,20.5962],[-156.4146,20.5948],[-156.4139,20.5946],[-156.4138,20.5931],[-156.4126,20.5905],[-156.413,20.5892],[-156.4137,20.5889],[-156.4142,20.5864],[-156.4132,20.5859],[-156.4132,20.5842],[-156.4123,20.5829],[-156.4112,20.5831],[-156.4107,20.5824],[-156.4094,20.5823],[-156.4085,20.5835],[-156.4083,20.583],[-156.406,20.5831],[-156.3884,20.6137],[-156.3975,20.6209],[-156.3982,20.6223]]]}}]}