{"type":"FeatureCollection","name":"oahu ahupuaʻa (State of Hawaiʻi GIS, HistoricCultural/1, SHPD-corrected)","features":[{"type":"Feature","properties":{"id":172,"ahupuaa":"Punaluʻu","moku":"Koʻolauloa","acres":3723},"geometry":{"type":"Polygon","coordinates":[[[-157.8747,21.5642],[-157.875,21.573],[-157.8768,21.575],[-157.8828,21.5775],[-157.8846,21.579],[-157.8856,21.578],[-157.8858,21.5769],[-157.8867,21.5762],[-157.8866,21.5757],[-157.888,21.5758],[-157.8892,21.5734],[-157.8922,21.5709],[-157.8952,21.5716],[-157.8991,21.5743],[-157.9018,21.5736],[-157.9052,21.5747],[-157.9078,21.5749],[-157.9106,21.5748],[-157.9117,21.574],[-157.9122,21.5724],[-157.915,21.5698],[-157.9152,21.5668],[-157.9167,21.5622],[-157.9165,21.5597],[-157.9188,21.5586],[-157.9195,21.555],[-157.9192,21.5543],[-157.9198,21.5534],[-157.9183,21.5516],[-157.9188,21.5505],[-157.9185,21.5481],[-157.9194,21.5457],[-157.9194,21.5435],[-157.9214,21.5416],[-157.9213,21.5363],[-157.9217,21.5353],[-157.9209,21.5339],[-157.9211,21.5321],[-157.9199,21.5307],[-157.9202,21.5299],[-157.9197,21.5294],[-157.9205,21.5274],[-157.9196,21.5267],[-157.9193,21.5256],[-157.9181,21.5253],[-157.9166,21.5238],[-157.9125,21.5266],[-157.9099,21.5295],[-157.9053,21.5314],[-157.9036,21.5314],[-157.9016,21.533],[-157.9002,21.5332],[-157.8989,21.5358],[-157.8975,21.5373],[-157.8975,21.54],[-157.8968,21.5428],[-157.8929,21.5457],[-157.8926,21.5492],[-157.8893,21.5553],[-157.8893,21.5565],[-157.8882,21.5582],[-157.8884,21.56],[-157.8869,21.561],[-157.8858,21.5628],[-157.8836,21.5638],[-157.882,21.5654],[-157.8805,21.5661],[-157.8793,21.5661],[-157.8766,21.564],[-157.8747,21.5642]]]}},{"type":"Feature","properties":{"id":173,"ahupuaa":"Keawaʻula","moku":"Waiʻanae","acres":1330},"geometry":{"type":"Polygon","coordinates":[[[-158.2217,21.5499],[-158.2209,21.552],[-158.2218,21.5532],[-158.223,21.5532],[-158.2236,21.5523],[-158.2251,21.5518],[-158.2259,21.554],[-158.2291,21.5565],[-158.2324,21.5577],[-158.2338,21.559],[-158.2364,21.5603],[-158.2404,21.5614],[-158.243,21.5629],[-158.2453,21.5635],[-158.2472,21.5617],[-158.2489,21.5621],[-158.2507,21.5619],[-158.2582,21.566],[-158.2592,21.5671],[-158.2608,21.5676],[-158.2637,21.5698],[-158.2643,21.5708],[-158.2658,21.5716],[-158.2699,21.5729],[-158.2743,21.5728],[-158.2807,21.5743],[-158.2807,21.5738],[-158.2798,21.5738],[-158.2793,21.5731],[-158.2791,21.5734],[-158.2777,21.5725],[-158.2763,21.5729],[-158.2762,21.5723],[-158.2735,21.5716],[-158.2728,21.5708],[-158.2703,21.5698],[-158.2675,21.5674],[-158.2658,21.5667],[-158.2651,21.5656],[-158.2643,21.5656],[-158.2623,21.5642],[-158.2623,21.5634],[-158.261,21.5631],[-158.2611,21.5626],[-158.26,21.5626],[-158.2589,21.5607],[-158.2571,21.56],[-158.2567,21.5588],[-158.2538,21.5579],[-158.2536,21.5572],[-158.253,21.5573],[-158.2528,21.5569],[-158.25,21.5563],[-158.2493,21.5552],[-158.2485,21.5557],[-158.2486,21.5547],[-158.2463,21.5518],[-158.2419,21.5481],[-158.2404,21.5458],[-158.2407,21.5452],[-158.2377,21.5452],[-158.2337,21.5433],[-158.2319,21.544],[-158.2283,21.543],[-158.2269,21.5436],[-158.2256,21.5435],[-158.2225,21.5453],[-158.2226,21.5472],[-158.2221,21.548],[-158.2224,21.5496],[-158.2217,21.5499]]]}},{"type":"Feature","properties":{"id":174,"ahupuaa":"Kahana","moku":"Koʻolauloa","acres":5333},"geometry":{"type":"Polygon","coordinates":[[[-157.8747,21.5642],[-157.8766,21.564],[-157.8793,21.5661],[-157.8805,21.5661],[-157.882,21.5654],[-157.8836,21.5638],[-157.8858,21.5628],[-157.8869,21.561],[-157.8884,21.56],[-157.8882,21.5582],[-157.8893,21.5565],[-157.8893,21.5553],[-157.8926,21.5492],[-157.8929,21.5457],[-157.8968,21.5428],[-157.8975,21.54],[-157.8975,21.5373],[-157.8989,21.5358],[-157.9002,21.5332],[-157.9016,21.533],[-157.9036,21.5314],[-157.9053,21.5314],[-157.9099,21.5295],[-157.9125,21.5266],[-157.9166,21.5238],[-157.9161,21.5205],[-157.915,21.5189],[-157.9148,21.517],[-157.9133,21.5163],[-157.9113,21.5133],[-157.9099,21.513],[-157.909,21.5116],[-157.9076,21.5108],[-157.9072,21.5103],[-157.9076,21.5087],[-157.9036,21.5043],[-157.9034,21.5031],[-157.9017,21.5017],[-157.8995,21.5018],[-157.8978,21.5013],[-157.891,21.5046],[-157.8877,21.5085],[-157.8874,21.5121],[-157.8868,21.5136],[-157.8845,21.5136],[-157.8797,21.5151],[-157.8773,21.5129],[-157.8754,21.5125],[-157.873,21.5155],[-157.8695,21.5181],[-157.8698,21.5229],[-157.8694,21.5243],[-157.8677,21.526],[-157.8681,21.527],[-157.867,21.5285],[-157.8673,21.5308],[-157.866,21.5328],[-157.8653,21.5351],[-157.8658,21.537],[-157.8637,21.5415],[-157.8621,21.5432],[-157.8614,21.545],[-157.8614,21.5474],[-157.8624,21.5498],[-157.8607,21.5543],[-157.8635,21.556],[-157.8638,21.5606],[-157.8647,21.5604],[-157.8662,21.5586],[-157.8689,21.5581],[-157.8692,21.5578],[-157.8689,21.5563],[-157.8715,21.5555],[-157.8735,21.5557],[-157.8759,21.5569],[-157.8765,21.5584],[-157.876,21.5585],[-157.8759,21.5597],[-157.8753,21.5604],[-157.8755,21.5614],[-157.8746,21.563],[-157.8747,21.5642]]]}},{"type":"Feature","properties":{"id":175,"ahupuaa":"Makaua 2","moku":"Koʻolauloa","acres":48},"geometry":{"type":"Polygon","coordinates":[[[-157.8638,21.5606],[-157.8635,21.556],[-157.8607,21.5543],[-157.8594,21.5586],[-157.8638,21.5606]]]}},{"type":"Feature","properties":{"id":176,"ahupuaa":"Makaua 1","moku":"Koʻolauloa","acres":39},"geometry":{"type":"Polygon","coordinates":[[[-157.8594,21.5586],[-157.8607,21.5543],[-157.857,21.5546],[-157.8559,21.5577],[-157.8594,21.5586]]]}},{"type":"Feature","properties":{"id":177,"ahupuaa":"Kaʻaʻawa","moku":"Koʻolauloa","acres":2184},"geometry":{"type":"Polygon","coordinates":[[[-157.839,21.5354],[-157.8401,21.5365],[-157.8421,21.542],[-157.8448,21.5438],[-157.8461,21.5457],[-157.8462,21.5488],[-157.8468,21.5503],[-157.8522,21.5568],[-157.8547,21.558],[-157.8559,21.5577],[-157.857,21.5546],[-157.8607,21.5543],[-157.8622,21.5504],[-157.8624,21.5493],[-157.8614,21.5474],[-157.8614,21.545],[-157.8621,21.5432],[-157.8637,21.5415],[-157.8658,21.537],[-157.8653,21.5351],[-157.866,21.5328],[-157.8673,21.5308],[-157.867,21.5285],[-157.8681,21.527],[-157.8677,21.526],[-157.8694,21.5243],[-157.8698,21.5229],[-157.8694,21.5185],[-157.8697,21.5177],[-157.8654,21.5161],[-157.8618,21.516],[-157.8593,21.5175],[-157.8556,21.5182],[-157.8535,21.52],[-157.8489,21.5216],[-157.8476,21.5237],[-157.8461,21.5244],[-157.8455,21.5257],[-157.8444,21.5259],[-157.843,21.5274],[-157.8419,21.5316],[-157.8407,21.5338],[-157.839,21.5354]]]}},{"type":"Feature","properties":{"id":139,"ahupuaa":"Waialeʻe","moku":"Koʻolauloa","acres":769},"geometry":{"type":"Polygon","coordinates":[[[-158.0222,21.691],[-158.0255,21.6886],[-158.03,21.6866],[-158.0311,21.6853],[-158.0312,21.6844],[-158.0284,21.6812],[-158.0275,21.6788],[-158.0105,21.6633],[-158.0069,21.6615],[-158.0087,21.6638],[-158.0121,21.6722],[-158.0161,21.6869],[-158.0169,21.6868],[-158.0199,21.6931],[-158.0211,21.6926],[-158.0222,21.691]]]}},{"type":"Feature","properties":{"id":130,"ahupuaa":"Punalau","moku":"Koʻolauloa","acres":159},"geometry":{"type":"Polygon","coordinates":[[[-157.9748,21.71],[-157.9781,21.7092],[-157.9794,21.7094],[-157.9814,21.7106],[-157.9834,21.7106],[-157.9803,21.6963],[-157.9748,21.71]]]}},{"type":"Feature","properties":{"id":131,"ahupuaa":"Kahuku","moku":"Koʻolauloa","acres":4259},"geometry":{"type":"Polygon","coordinates":[[[-157.9441,21.684],[-157.9449,21.6851],[-157.9447,21.6874],[-157.9484,21.6898],[-157.9495,21.6922],[-157.9559,21.6976],[-157.9589,21.7022],[-157.9636,21.7044],[-157.9639,21.7063],[-157.9658,21.7079],[-157.9655,21.7085],[-157.9661,21.7095],[-157.9668,21.7093],[-157.9678,21.7098],[-157.9679,21.7093],[-157.9693,21.709],[-157.9715,21.7098],[-157.9748,21.71],[-157.986,21.6816],[-157.9869,21.6802],[-157.986,21.6785],[-157.9861,21.6741],[-157.9858,21.6731],[-157.9849,21.6724],[-157.984,21.6695],[-157.9872,21.6633],[-157.9872,21.6608],[-157.9882,21.6599],[-157.9888,21.6581],[-157.9884,21.6557],[-157.9894,21.6537],[-157.9896,21.6503],[-157.9912,21.6492],[-157.9914,21.6453],[-157.9908,21.644],[-157.9911,21.6407],[-157.9878,21.6377],[-157.987,21.6361],[-157.9869,21.6349],[-157.9877,21.6331],[-157.9874,21.631],[-157.9868,21.631],[-157.9859,21.6299],[-157.9859,21.6289],[-157.985,21.6279],[-157.9826,21.6267],[-157.98,21.6274],[-157.9812,21.6278],[-157.9822,21.6297],[-157.9841,21.6308],[-157.9842,21.6319],[-157.9836,21.6334],[-157.984,21.634],[-157.9832,21.6348],[-157.9828,21.6366],[-157.9839,21.6388],[-157.9839,21.6403],[-157.9856,21.6407],[-157.9857,21.642],[-157.9847,21.647],[-157.9819,21.652],[-157.9792,21.6542],[-157.9787,21.6574],[-157.9746,21.6602],[-157.973,21.6624],[-157.9713,21.6631],[-157.9613,21.6711],[-157.9521,21.6757],[-157.9491,21.6781],[-157.9441,21.684]]]}},{"type":"Feature","properties":{"id":132,"ahupuaa":"Hanakaʻoe","moku":"Koʻolauloa","acres":724},"geometry":{"type":"Polygon","coordinates":[[[-158.0035,21.6994],[-158.0001,21.6863],[-157.9989,21.6839],[-157.9975,21.6732],[-157.9992,21.6692],[-158.0008,21.6628],[-158.0001,21.6621],[-158.0005,21.6606],[-157.9989,21.6579],[-157.9989,21.6563],[-157.9999,21.6558],[-157.9985,21.6515],[-157.9989,21.6489],[-157.9961,21.6445],[-157.9941,21.6763],[-157.9974,21.7054],[-157.9978,21.7053],[-157.999,21.707],[-157.9996,21.7071],[-157.9997,21.7053],[-157.9996,21.7047],[-157.9985,21.7042],[-157.999,21.7024],[-158.0008,21.7],[-158.0035,21.6994]]]}},{"type":"Feature","properties":{"id":133,"ahupuaa":"ʻŌiʻo 2","moku":"Koʻolauloa","acres":745},"geometry":{"type":"Polygon","coordinates":[[[-157.9921,21.7049],[-157.9932,21.7056],[-157.9963,21.7059],[-157.9965,21.707],[-157.9974,21.7054],[-157.9941,21.6763],[-157.9961,21.6445],[-157.9948,21.6426],[-157.9953,21.6403],[-157.9933,21.6371],[-157.9901,21.6785],[-157.9921,21.7049]]]}},{"type":"Feature","properties":{"id":134,"ahupuaa":"ʻŌiʻo 1","moku":"Koʻolauloa","acres":890},"geometry":{"type":"Polygon","coordinates":[[[-157.9855,21.6834],[-157.9869,21.7009],[-157.9886,21.7058],[-157.9901,21.7047],[-157.9921,21.7049],[-157.9901,21.6785],[-157.9933,21.6371],[-157.9928,21.6363],[-157.9925,21.6329],[-157.9905,21.6313],[-157.9902,21.6299],[-157.9895,21.6293],[-157.9875,21.6295],[-157.9867,21.6288],[-157.9857,21.6293],[-157.9868,21.631],[-157.9874,21.631],[-157.9877,21.6331],[-157.9869,21.6358],[-157.9878,21.6377],[-157.9911,21.6407],[-157.9908,21.644],[-157.9914,21.6453],[-157.9912,21.6492],[-157.9896,21.6503],[-157.9894,21.6537],[-157.9884,21.6557],[-157.9888,21.6581],[-157.9882,21.6599],[-157.9872,21.6608],[-157.9872,21.6633],[-157.984,21.6695],[-157.9849,21.6724],[-157.9858,21.6731],[-157.9861,21.6741],[-157.986,21.6785],[-157.9869,21.6802],[-157.9855,21.6834]]]}},{"type":"Feature","properties":{"id":135,"ahupuaa":"Kawela","moku":"Koʻolauloa","acres":693},"geometry":{"type":"Polygon","coordinates":[[[-158.0001,21.6863],[-158.0039,21.7001],[-158.0087,21.7001],[-158.0091,21.7009],[-158.0094,21.7004],[-158.0094,21.6995],[-158.0081,21.699],[-158.0081,21.6979],[-158.009,21.6969],[-158.0074,21.6879],[-158.0056,21.6814],[-158.0057,21.6801],[-158.0075,21.6782],[-158.0076,21.6763],[-158.0071,21.6748],[-158.0059,21.6737],[-158.0059,21.6703],[-158.0046,21.6684],[-158.0046,21.6671],[-158.0033,21.666],[-158.0023,21.6639],[-158.0008,21.663],[-157.9992,21.6692],[-157.9975,21.6732],[-157.9989,21.6839],[-158.0001,21.6863]]]}},{"type":"Feature","properties":{"id":136,"ahupuaa":"Pahipahiʻālua","moku":"Koʻolauloa","acres":713},"geometry":{"type":"Polygon","coordinates":[[[-158.0121,21.6959],[-158.0132,21.6967],[-158.0127,21.6972],[-158.013,21.6982],[-158.0136,21.6984],[-158.0153,21.6972],[-158.0169,21.6951],[-158.0199,21.6931],[-158.0169,21.6868],[-158.0161,21.6869],[-158.0121,21.6722],[-158.0085,21.6634],[-158.0065,21.6611],[-158.0052,21.6576],[-158.0029,21.6559],[-158.0024,21.655],[-158.0003,21.6545],[-157.9994,21.6537],[-157.9999,21.6558],[-157.9989,21.6563],[-157.9988,21.6569],[-157.9991,21.6587],[-158.0005,21.6606],[-158.0001,21.6621],[-158.0012,21.6635],[-158.0023,21.6639],[-158.0033,21.666],[-158.0047,21.6673],[-158.0046,21.6684],[-158.0059,21.6703],[-158.0059,21.6737],[-158.0071,21.6748],[-158.0076,21.6763],[-158.0075,21.6782],[-158.0109,21.6854],[-158.0121,21.6959]]]}},{"type":"Feature","properties":{"id":137,"ahupuaa":"ʻŌpana 1","moku":"Koʻolauloa","acres":96},"geometry":{"type":"Polygon","coordinates":[[[-158.0105,21.696],[-158.0075,21.6782],[-158.0057,21.6801],[-158.0056,21.6814],[-158.0074,21.6879],[-158.009,21.6969],[-158.0105,21.696]]]}},{"type":"Feature","properties":{"id":138,"ahupuaa":"ʻŌpana 2","moku":"Koʻolauloa","acres":80},"geometry":{"type":"Polygon","coordinates":[[[-158.0121,21.6959],[-158.0109,21.6854],[-158.0075,21.6782],[-158.0105,21.696],[-158.0121,21.6959]]]}},{"type":"Feature","properties":{"id":140,"ahupuaa":"Keana","moku":"Koʻolauloa","acres":1456},"geometry":{"type":"Polygon","coordinates":[[[-157.9441,21.684],[-157.9491,21.6781],[-157.9521,21.6757],[-157.9613,21.6711],[-157.9713,21.6631],[-157.973,21.6624],[-157.9746,21.6602],[-157.9787,21.6574],[-157.9792,21.6542],[-157.9815,21.6524],[-157.983,21.6505],[-157.985,21.6461],[-157.9857,21.6409],[-157.9839,21.6403],[-157.9834,21.6378],[-157.9804,21.6393],[-157.9749,21.6449],[-157.9718,21.647],[-157.9708,21.647],[-157.9655,21.6571],[-157.9578,21.6652],[-157.9487,21.669],[-157.9365,21.675],[-157.9402,21.6776],[-157.9416,21.6806],[-157.9441,21.684]]]}},{"type":"Feature","properties":{"id":142,"ahupuaa":"Paumalū","moku":"Koʻolauloa","acres":2219},"geometry":{"type":"Polygon","coordinates":[[[-158.0334,21.676],[-158.0379,21.6808],[-158.0392,21.6789],[-158.039,21.6769],[-158.0405,21.6742],[-158.0465,21.6705],[-158.0471,21.6691],[-158.0262,21.6421],[-158.0243,21.6407],[-158.0241,21.6412],[-158.023,21.6405],[-158.0212,21.6384],[-158.0189,21.6379],[-158.0178,21.6385],[-158.0155,21.6382],[-158.0142,21.6388],[-158.0132,21.6385],[-158.0125,21.6376],[-158.0103,21.637],[-158.0089,21.638],[-158.0087,21.6389],[-158.0079,21.6395],[-158.007,21.6395],[-158.0057,21.6386],[-158.0038,21.6385],[-158.0014,21.6392],[-158.0055,21.6454],[-158.0056,21.6463],[-158.0075,21.6481],[-158.008,21.6509],[-158.0096,21.6524],[-158.0098,21.6535],[-158.0109,21.654],[-158.0115,21.6551],[-158.0138,21.6569],[-158.0164,21.6572],[-158.0206,21.6623],[-158.0261,21.6662],[-158.0334,21.676]]]}},{"type":"Feature","properties":{"id":143,"ahupuaa":"Malaekahana","moku":"Koʻolauloa","acres":3302},"geometry":{"type":"Polygon","coordinates":[[[-157.9306,21.6621],[-157.9319,21.6623],[-157.934,21.6636],[-157.9359,21.6656],[-157.937,21.6691],[-157.9368,21.6714],[-157.9354,21.6729],[-157.9344,21.6734],[-157.9331,21.6731],[-157.9328,21.6737],[-157.9348,21.6752],[-157.936,21.6753],[-157.9487,21.669],[-157.9578,21.6652],[-157.9655,21.6571],[-157.9708,21.647],[-157.9718,21.647],[-157.9749,21.6449],[-157.9804,21.6393],[-157.9834,21.6378],[-157.9828,21.6366],[-157.9832,21.6348],[-157.984,21.634],[-157.9836,21.6334],[-157.9842,21.6319],[-157.9841,21.6308],[-157.9822,21.6297],[-157.9812,21.6278],[-157.979,21.6271],[-157.9787,21.6253],[-157.9773,21.6247],[-157.9773,21.6226],[-157.9739,21.619],[-157.9736,21.6177],[-157.9728,21.6175],[-157.9727,21.6166],[-157.9706,21.6161],[-157.9676,21.6127],[-157.9664,21.6103],[-157.9666,21.6066],[-157.9654,21.6051],[-157.9643,21.6046],[-157.9629,21.6025],[-157.9624,21.6036],[-157.9627,21.6062],[-157.9621,21.608],[-157.9631,21.6095],[-157.962,21.6106],[-157.9626,21.6124],[-157.9635,21.6133],[-157.9631,21.6142],[-157.9637,21.6164],[-157.9636,21.6191],[-157.963,21.6206],[-157.9633,21.622],[-157.963,21.6232],[-157.962,21.6239],[-157.9618,21.6251],[-157.9607,21.6268],[-157.9605,21.629],[-157.9599,21.6293],[-157.96,21.6325],[-157.9604,21.6329],[-157.9598,21.6329],[-157.9583,21.6342],[-157.9586,21.6389],[-157.95,21.6535],[-157.9477,21.6556],[-157.9374,21.6571],[-157.9335,21.6585],[-157.9306,21.6621]]]}},{"type":"Feature","properties":{"id":141,"ahupuaa":"Kaunala","moku":"Koʻolauloa","acres":1284},"geometry":{"type":"Polygon","coordinates":[[[-158.0069,21.6615],[-158.0105,21.6633],[-158.0275,21.6788],[-158.0284,21.6812],[-158.0312,21.6844],[-158.0331,21.6817],[-158.0346,21.6811],[-158.0376,21.681],[-158.0261,21.6662],[-158.0206,21.6623],[-158.0164,21.6572],[-158.0138,21.6569],[-158.0115,21.6551],[-158.0109,21.654],[-158.0098,21.6535],[-158.0096,21.6524],[-158.008,21.6509],[-158.0075,21.6481],[-158.0056,21.6463],[-158.0055,21.6454],[-158.0014,21.6392],[-157.9976,21.6377],[-157.9958,21.6349],[-157.9951,21.6346],[-157.9948,21.6332],[-157.9934,21.633],[-157.9918,21.632],[-157.9926,21.6333],[-157.9928,21.6363],[-157.9953,21.6403],[-157.9948,21.6422],[-157.995,21.6432],[-157.9989,21.6489],[-157.9985,21.6515],[-157.9995,21.6539],[-158.0024,21.655],[-158.0029,21.6559],[-158.0052,21.6576],[-158.0069,21.6615]]]}},{"type":"Feature","properties":{"id":151,"ahupuaa":"Kuikuiloloa","moku":"Waialua","acres":3083},"geometry":{"type":"Polygon","coordinates":[[[-158.0856,21.6191],[-158.0902,21.6152],[-158.0922,21.6143],[-158.0739,21.6011],[-158.0553,21.5953],[-158.0238,21.5917],[-157.9937,21.5932],[-157.9818,21.597],[-157.9831,21.598],[-157.985,21.598],[-157.9874,21.5993],[-157.9878,21.6005],[-157.9889,21.601],[-157.9889,21.6024],[-157.9904,21.603],[-157.991,21.6041],[-158.0186,21.6013],[-158.0537,21.6058],[-158.0856,21.6191]]]}},{"type":"Feature","properties":{"id":144,"ahupuaa":"Pūpūkea","moku":"Koʻolauloa","acres":2042},"geometry":{"type":"Polygon","coordinates":[[[-158.0644,21.6456],[-158.0649,21.6432],[-158.0634,21.6427],[-158.061,21.641],[-158.0608,21.6402],[-158.0592,21.6387],[-158.0508,21.6389],[-158.0435,21.6372],[-158.036,21.6374],[-158.0346,21.6385],[-158.033,21.6386],[-158.0321,21.64],[-158.0311,21.6398],[-158.0262,21.6421],[-158.0471,21.6691],[-158.0515,21.6658],[-158.0553,21.6615],[-158.0572,21.6604],[-158.0612,21.6554],[-158.0625,21.6555],[-158.0631,21.655],[-158.0623,21.6535],[-158.0627,21.6524],[-158.0617,21.6516],[-158.0633,21.6494],[-158.0638,21.6496],[-158.0635,21.6508],[-158.0639,21.6503],[-158.0639,21.6496],[-158.0635,21.6493],[-158.0638,21.6486],[-158.0632,21.6487],[-158.0631,21.6471],[-158.0637,21.6456],[-158.0644,21.6456]]]}},{"type":"Feature","properties":{"id":155,"ahupuaa":"Mākao","moku":"Koʻolauloa","acres":143},"geometry":{"type":"Polygon","coordinates":[[[-157.9053,21.6071],[-157.9069,21.6047],[-157.9072,21.6033],[-157.9151,21.5935],[-157.9162,21.5908],[-157.9131,21.5921],[-157.9134,21.5923],[-157.9125,21.5939],[-157.9101,21.597],[-157.9061,21.6],[-157.9013,21.6051],[-157.9053,21.6071]]]}},{"type":"Feature","properties":{"id":156,"ahupuaa":"Kapaka","moku":"Koʻolauloa","acres":229},"geometry":{"type":"Polygon","coordinates":[[[-157.8972,21.6],[-157.8975,21.5999],[-157.8978,21.6008],[-157.898,21.6025],[-157.9013,21.6051],[-157.9061,21.6],[-157.9101,21.597],[-157.9134,21.5923],[-157.9119,21.5914],[-157.9103,21.5914],[-157.9061,21.5945],[-157.9037,21.5951],[-157.9036,21.597],[-157.9001,21.5993],[-157.8992,21.5993],[-157.8982,21.5978],[-157.8968,21.5982],[-157.8972,21.6]]]}},{"type":"Feature","properties":{"id":145,"ahupuaa":"Lāʻiewai","moku":"Koʻolauloa","acres":3390},"geometry":{"type":"Polygon","coordinates":[[[-157.9183,21.646],[-157.9176,21.6475],[-157.9122,21.6485],[-157.9138,21.6484],[-157.9145,21.649],[-157.9186,21.649],[-157.9222,21.6482],[-157.9239,21.6505],[-157.9271,21.6521],[-157.9279,21.653],[-157.9288,21.6553],[-157.9276,21.6579],[-157.9271,21.6609],[-157.9299,21.662],[-157.9306,21.6621],[-157.9335,21.6585],[-157.9374,21.6571],[-157.9477,21.6556],[-157.95,21.6535],[-157.9586,21.6389],[-157.9583,21.6342],[-157.9598,21.6329],[-157.9604,21.6329],[-157.96,21.6325],[-157.9599,21.6293],[-157.9605,21.629],[-157.9607,21.6268],[-157.9618,21.6251],[-157.962,21.6239],[-157.963,21.6232],[-157.9633,21.622],[-157.963,21.6206],[-157.9636,21.6191],[-157.9637,21.6164],[-157.9631,21.6142],[-157.9635,21.6133],[-157.9626,21.6124],[-157.962,21.6106],[-157.9631,21.6095],[-157.9621,21.608],[-157.9627,21.6062],[-157.9624,21.6036],[-157.9629,21.6025],[-157.9611,21.598],[-157.9578,21.5962],[-157.9449,21.6219],[-157.9426,21.6261],[-157.9391,21.6305],[-157.9297,21.6388],[-157.9254,21.642],[-157.9183,21.646]]]}},{"type":"Feature","properties":{"id":159,"ahupuaa":"Papaʻakoko","moku":"Koʻolauloa","acres":82},"geometry":{"type":"Polygon","coordinates":[[[-157.8906,21.5913],[-157.8941,21.5893],[-157.8967,21.5869],[-157.8982,21.5838],[-157.8962,21.5836],[-157.8906,21.5882],[-157.8889,21.589],[-157.889,21.5897],[-157.8906,21.5913]]]}},{"type":"Feature","properties":{"id":146,"ahupuaa":"Lāʻiemaloʻo","moku":"Koʻolauloa","acres":3005},"geometry":{"type":"Polygon","coordinates":[[[-157.9164,21.623],[-157.9181,21.6245],[-157.9205,21.6257],[-157.9211,21.6263],[-157.9214,21.628],[-157.921,21.6289],[-157.9203,21.629],[-157.9213,21.6302],[-157.921,21.6315],[-157.9199,21.6334],[-157.919,21.6337],[-157.9186,21.6345],[-157.9188,21.6368],[-157.9181,21.6406],[-157.919,21.6438],[-157.9186,21.6449],[-157.9184,21.6457],[-157.9184,21.6458],[-157.9184,21.646],[-157.9254,21.642],[-157.9297,21.6388],[-157.9391,21.6305],[-157.9426,21.6261],[-157.9578,21.5962],[-157.957,21.5958],[-157.9564,21.5936],[-157.9552,21.5919],[-157.9554,21.5913],[-157.9541,21.59],[-157.9546,21.5874],[-157.9539,21.587],[-157.9538,21.586],[-157.9523,21.586],[-157.9498,21.5849],[-157.9485,21.583],[-157.9472,21.5832],[-157.9464,21.5825],[-157.9445,21.5828],[-157.9429,21.582],[-157.9425,21.5838],[-157.9428,21.5849],[-157.9415,21.5865],[-157.9413,21.5877],[-157.9418,21.5891],[-157.9409,21.59],[-157.941,21.5938],[-157.9397,21.596],[-157.9405,21.6005],[-157.9384,21.6016],[-157.9342,21.6055],[-157.9327,21.608],[-157.9318,21.6077],[-157.9307,21.6084],[-157.9295,21.611],[-157.9279,21.612],[-157.9262,21.6149],[-157.9245,21.6159],[-157.9219,21.6192],[-157.9203,21.6195],[-157.9164,21.623]]]}},{"type":"Feature","properties":{"id":147,"ahupuaa":"Waimea","moku":"Koʻolauloa","acres":5746},"geometry":{"type":"Polygon","coordinates":[[[-158.0014,21.6392],[-158.0038,21.6385],[-158.0057,21.6386],[-158.007,21.6395],[-158.0079,21.6395],[-158.0087,21.6389],[-158.0089,21.638],[-158.0103,21.637],[-158.0125,21.6376],[-158.0132,21.6385],[-158.0142,21.6388],[-158.0155,21.6382],[-158.0178,21.6385],[-158.0189,21.6379],[-158.0212,21.6384],[-158.023,21.6405],[-158.0241,21.6412],[-158.0243,21.6407],[-158.0259,21.6421],[-158.0268,21.6421],[-158.0311,21.6398],[-158.0321,21.64],[-158.033,21.6386],[-158.0346,21.6385],[-158.036,21.6374],[-158.0435,21.6372],[-158.0508,21.6389],[-158.0592,21.6387],[-158.0608,21.6402],[-158.061,21.641],[-158.0629,21.6421],[-158.063,21.6415],[-158.0658,21.6387],[-158.0673,21.6382],[-158.0683,21.6384],[-158.0688,21.6378],[-158.0662,21.6368],[-158.0661,21.635],[-158.0486,21.6285],[-158.0477,21.6282],[-158.0437,21.6289],[-158.0408,21.6275],[-158.0354,21.6267],[-158.0308,21.6239],[-158.0279,21.6236],[-158.0241,21.62],[-158.0217,21.6193],[-158.0174,21.6169],[-158.0182,21.616],[-158.0132,21.6164],[-158.0103,21.6147],[-158.0073,21.6141],[-158.0069,21.6127],[-158.0046,21.6112],[-158.0033,21.6106],[-158.0005,21.6105],[-157.9997,21.609],[-157.9976,21.6082],[-157.9969,21.6073],[-157.9964,21.6079],[-157.9956,21.6077],[-157.9947,21.6066],[-157.9913,21.6048],[-157.9904,21.603],[-157.9889,21.6024],[-157.9889,21.601],[-157.9879,21.6006],[-157.9876,21.5995],[-157.9865,21.5987],[-157.985,21.598],[-157.9831,21.598],[-157.9822,21.597],[-157.9801,21.5974],[-157.9784,21.5955],[-157.977,21.5955],[-157.9756,21.5941],[-157.974,21.5939],[-157.9731,21.5928],[-157.9666,21.5903],[-157.9662,21.5897],[-157.9651,21.5899],[-157.963,21.5921],[-157.961,21.5914],[-157.9588,21.5921],[-157.9559,21.5904],[-157.9545,21.5879],[-157.9541,21.59],[-157.9554,21.5913],[-157.9552,21.5919],[-157.9564,21.5936],[-157.957,21.5958],[-157.9612,21.5981],[-157.9626,21.6022],[-157.9643,21.6046],[-157.9654,21.6051],[-157.9666,21.6066],[-157.9664,21.6103],[-157.9676,21.6127],[-157.9706,21.6161],[-157.9727,21.6166],[-157.9728,21.6175],[-157.9736,21.6177],[-157.9739,21.619],[-157.9773,21.6226],[-157.9773,21.6247],[-157.9787,21.6253],[-157.979,21.6271],[-157.98,21.6274],[-157.9826,21.6267],[-157.985,21.6279],[-157.9859,21.6289],[-157.9867,21.6288],[-157.9875,21.6295],[-157.9895,21.6293],[-157.9903,21.6301],[-157.9905,21.6313],[-157.9934,21.633],[-157.9948,21.6332],[-157.9951,21.6346],[-157.9958,21.6349],[-157.9976,21.6377],[-158.0014,21.6392]]]}},{"type":"Feature","properties":{"id":148,"ahupuaa":"Kapaeloa","moku":"Waialua","acres":1927},"geometry":{"type":"Polygon","coordinates":[[[-158.0037,21.6109],[-158.0068,21.6126],[-158.0073,21.6141],[-158.0103,21.6147],[-158.0132,21.6164],[-158.0182,21.616],[-158.0174,21.6169],[-158.0217,21.6193],[-158.0241,21.62],[-158.0279,21.6236],[-158.0308,21.6239],[-158.0354,21.6267],[-158.0408,21.6275],[-158.0437,21.6289],[-158.0477,21.6282],[-158.0661,21.635],[-158.0662,21.6368],[-158.0688,21.6378],[-158.0688,21.636],[-158.0698,21.634],[-158.0709,21.6331],[-158.0722,21.6335],[-158.0714,21.6328],[-158.0716,21.6315],[-158.0731,21.6301],[-158.074,21.6281],[-158.0757,21.6268],[-158.0639,21.623],[-158.0428,21.6152],[-158.0201,21.6098],[-158.0037,21.6109]]]}},{"type":"Feature","properties":{"id":149,"ahupuaa":"Punanue","moku":"Waialua","acres":2497},"geometry":{"type":"Polygon","coordinates":[[[-158.0822,21.6218],[-158.0842,21.621],[-158.0847,21.6212],[-158.0859,21.6198],[-158.0856,21.6191],[-158.0537,21.6058],[-158.0186,21.6013],[-157.991,21.6041],[-157.9913,21.6048],[-157.9947,21.6066],[-157.9956,21.6077],[-157.9964,21.6079],[-157.9969,21.6073],[-157.9976,21.6082],[-157.9997,21.609],[-158.0005,21.6105],[-158.0037,21.6109],[-158.0201,21.6098],[-158.0428,21.6152],[-158.0639,21.623],[-158.0757,21.6268],[-158.0774,21.625],[-158.0811,21.6238],[-158.0822,21.6218]]]}},{"type":"Feature","properties":{"id":150,"ahupuaa":"Kaipapaʻu","moku":"Koʻolauloa","acres":1620},"geometry":{"type":"Polygon","coordinates":[[[-157.9124,21.6194],[-157.9164,21.623],[-157.9203,21.6195],[-157.9219,21.6192],[-157.9245,21.6159],[-157.9262,21.6149],[-157.9279,21.612],[-157.9295,21.611],[-157.9307,21.6084],[-157.9318,21.6077],[-157.9327,21.608],[-157.9342,21.6055],[-157.9384,21.6016],[-157.9405,21.6005],[-157.9397,21.596],[-157.941,21.5938],[-157.9409,21.59],[-157.9418,21.5891],[-157.9413,21.5877],[-157.9415,21.5865],[-157.9428,21.5849],[-157.9425,21.5838],[-157.9429,21.582],[-157.9417,21.5805],[-157.9403,21.5802],[-157.9399,21.578],[-157.9384,21.5762],[-157.9386,21.5748],[-157.9372,21.5731],[-157.9373,21.5719],[-157.9363,21.5695],[-157.9357,21.5694],[-157.9349,21.5682],[-157.9327,21.5676],[-157.9302,21.5639],[-157.9288,21.5644],[-157.9281,21.5638],[-157.9277,21.5643],[-157.9267,21.5668],[-157.9271,21.5679],[-157.9265,21.5708],[-157.9273,21.5737],[-157.9289,21.5759],[-157.9295,21.5806],[-157.9304,21.5817],[-157.9299,21.5839],[-157.9302,21.5853],[-157.9296,21.5863],[-157.9295,21.5902],[-157.9299,21.5914],[-157.9297,21.5928],[-157.9309,21.5948],[-157.931,21.5964],[-157.9296,21.5976],[-157.9285,21.6002],[-157.925,21.6046],[-157.923,21.6085],[-157.9203,21.612],[-157.9188,21.6127],[-157.9183,21.6138],[-157.916,21.6147],[-157.9127,21.6152],[-157.9128,21.6169],[-157.9134,21.6173],[-157.9128,21.6173],[-157.9124,21.6194]]]}},{"type":"Feature","properties":{"id":152,"ahupuaa":"Hauʻula","moku":"Koʻolauloa","acres":1560},"geometry":{"type":"Polygon","coordinates":[[[-157.9053,21.6066],[-157.9055,21.6072],[-157.907,21.6073],[-157.9085,21.6084],[-157.9094,21.6081],[-157.9087,21.6085],[-157.909,21.6098],[-157.9094,21.6103],[-157.9099,21.61],[-157.9098,21.6104],[-157.9103,21.6106],[-157.9095,21.6108],[-157.9125,21.614],[-157.9129,21.615],[-157.9163,21.6146],[-157.9183,21.6138],[-157.9187,21.6128],[-157.9202,21.6121],[-157.9215,21.6106],[-157.925,21.6046],[-157.9285,21.6002],[-157.9296,21.5976],[-157.931,21.5964],[-157.9309,21.5948],[-157.9297,21.5928],[-157.9299,21.5914],[-157.9295,21.5902],[-157.9296,21.5863],[-157.9302,21.5853],[-157.9299,21.5839],[-157.9304,21.5817],[-157.9295,21.5806],[-157.9289,21.5759],[-157.9269,21.5726],[-157.9265,21.5704],[-157.9271,21.5679],[-157.9267,21.5668],[-157.9241,21.5677],[-157.9225,21.5723],[-157.9219,21.5772],[-157.9214,21.5781],[-157.922,21.5814],[-157.9182,21.5847],[-157.9179,21.5876],[-157.9151,21.5935],[-157.9072,21.6033],[-157.9069,21.6047],[-157.9053,21.6066]]]}},{"type":"Feature","properties":{"id":153,"ahupuaa":"Lauhulu","moku":"Waialua","acres":3129},"geometry":{"type":"Polygon","coordinates":[[[-158.0922,21.6143],[-158.0949,21.6134],[-158.0963,21.6105],[-158.0981,21.6092],[-158.1005,21.6084],[-158.0847,21.5949],[-158.0709,21.5896],[-158.0348,21.5837],[-157.9898,21.5861],[-157.9711,21.592],[-157.9731,21.5928],[-157.974,21.5939],[-157.9756,21.5941],[-157.977,21.5955],[-157.9784,21.5955],[-157.9805,21.5975],[-157.9937,21.5932],[-158.0238,21.5917],[-158.0553,21.5953],[-158.0739,21.6011],[-158.0922,21.6143]]]}},{"type":"Feature","properties":{"id":154,"ahupuaa":"Kawailoa","moku":"Waialua","acres":11867},"geometry":{"type":"Polygon","coordinates":[[[-157.9711,21.592],[-157.9898,21.5861],[-158.0348,21.5837],[-158.0709,21.5896],[-158.0847,21.5949],[-158.1005,21.6084],[-158.1039,21.6052],[-158.1078,21.6029],[-158.1068,21.6025],[-158.1066,21.6017],[-158.1051,21.6016],[-158.1052,21.6004],[-158.1042,21.6001],[-158.1038,21.5989],[-158.1039,21.5962],[-158.1033,21.5954],[-158.1043,21.5943],[-158.1035,21.5935],[-158.1037,21.5927],[-158.1053,21.5924],[-158.1063,21.5928],[-158.1064,21.5924],[-158.108,21.5922],[-158.1086,21.5914],[-158.1085,21.5909],[-158.1077,21.5908],[-158.108,21.5886],[-158.103,21.5889],[-158.1028,21.59],[-158.1011,21.59],[-158.1008,21.5865],[-158.0993,21.5865],[-158.0992,21.5858],[-158.0956,21.5839],[-158.0956,21.583],[-158.0929,21.582],[-158.0891,21.5792],[-158.0868,21.5788],[-158.0848,21.5775],[-158.0825,21.5775],[-158.0814,21.578],[-158.0805,21.5775],[-158.0796,21.5757],[-158.0788,21.5752],[-158.0779,21.5769],[-158.075,21.5762],[-158.0734,21.5778],[-158.072,21.5773],[-158.0711,21.576],[-158.0703,21.5768],[-158.0689,21.5772],[-158.0683,21.5755],[-158.0664,21.5754],[-158.0628,21.5736],[-158.061,21.5716],[-158.0586,21.5708],[-158.0573,21.5693],[-158.0558,21.5693],[-158.0536,21.5703],[-158.0521,21.5689],[-158.0509,21.5687],[-158.0515,21.5708],[-158.0499,21.5717],[-158.0488,21.5709],[-158.0478,21.5721],[-158.0466,21.5724],[-158.0454,21.572],[-158.0453,21.5713],[-158.0447,21.5711],[-158.0436,21.5723],[-158.0421,21.5713],[-158.0421,21.5727],[-158.0415,21.5724],[-158.0412,21.5714],[-158.0395,21.5711],[-158.0397,21.5697],[-158.0383,21.5701],[-158.0382,21.5683],[-158.0369,21.5675],[-158.0362,21.5675],[-158.0353,21.5683],[-158.0329,21.5671],[-158.0307,21.5675],[-158.0295,21.5659],[-158.0294,21.5646],[-158.0276,21.5658],[-158.027,21.5658],[-158.0261,21.5649],[-158.0241,21.5649],[-158.0241,21.5642],[-158.0233,21.5638],[-158.0194,21.5639],[-158.0172,21.5647],[-158.0168,21.5633],[-158.0164,21.564],[-158.0159,21.564],[-158.0151,21.5622],[-158.0143,21.5628],[-158.0134,21.5627],[-158.0137,21.5639],[-158.015,21.5645],[-158.0146,21.5652],[-158.0122,21.5645],[-158.0132,21.5662],[-158.013,21.5669],[-158.0112,21.5642],[-158.0107,21.5643],[-158.0101,21.5665],[-158.0094,21.5663],[-158.0098,21.5653],[-158.0091,21.5655],[-158.0084,21.5646],[-158.0077,21.5645],[-158.0076,21.5649],[-158.0085,21.5654],[-158.0078,21.5665],[-158.0067,21.5654],[-158.007,21.5647],[-158.0061,21.5644],[-158.0044,21.5647],[-158.0046,21.5654],[-158.0045,21.5657],[-158.0036,21.5655],[-158.0035,21.566],[-158.0049,21.5671],[-158.0033,21.5669],[-158.0032,21.5678],[-158.0027,21.5681],[-158.002,21.5648],[-158.0014,21.564],[-158.0006,21.5645],[-157.9997,21.5628],[-158.0008,21.5627],[-157.9988,21.5611],[-158.0,21.5607],[-157.9998,21.5602],[-157.9968,21.5599],[-157.9961,21.5594],[-157.9963,21.5604],[-157.9955,21.561],[-157.9945,21.5601],[-157.9953,21.5595],[-157.994,21.559],[-157.9943,21.5594],[-157.9939,21.5598],[-157.9932,21.5593],[-157.9931,21.5604],[-157.9924,21.5601],[-157.9926,21.5593],[-157.9917,21.5596],[-157.9914,21.5604],[-157.9909,21.5586],[-157.9905,21.5593],[-157.9897,21.5589],[-157.9891,21.5594],[-157.9875,21.5553],[-157.9833,21.5557],[-157.9792,21.5545],[-157.9766,21.5552],[-157.9744,21.5538],[-157.9744,21.5529],[-157.9725,21.5527],[-157.9701,21.5514],[-157.9672,21.5526],[-157.9665,21.5521],[-157.9652,21.5522],[-157.9634,21.5526],[-157.9629,21.5533],[-157.9604,21.5534],[-157.9584,21.5529],[-157.9566,21.5514],[-157.954,21.5517],[-157.9527,21.5524],[-157.9508,21.5513],[-157.9478,21.5517],[-157.9444,21.5499],[-157.9419,21.5473],[-157.9392,21.5472],[-157.9386,21.5468],[-157.9357,21.5478],[-157.935,21.5491],[-157.9335,21.5491],[-157.9331,21.5483],[-157.9321,21.5485],[-157.9308,21.5476],[-157.9267,21.5492],[-157.9253,21.5493],[-157.9239,21.5485],[-157.9231,21.5473],[-157.9221,21.5476],[-157.9216,21.5467],[-157.9192,21.5461],[-157.9185,21.5481],[-157.9186,21.5524],[-157.9199,21.5538],[-157.9211,21.5545],[-157.9222,21.5545],[-157.9232,21.556],[-157.9241,21.5563],[-157.9238,21.5586],[-157.9258,21.5617],[-157.9276,21.5615],[-157.9284,21.5642],[-157.9304,21.564],[-157.9327,21.5676],[-157.9349,21.5682],[-157.9357,21.5694],[-157.9363,21.5695],[-157.9373,21.5719],[-157.9372,21.5731],[-157.9386,21.5748],[-157.9384,21.5762],[-157.9399,21.578],[-157.9404,21.5803],[-157.9417,21.5805],[-157.944,21.5827],[-157.9464,21.5825],[-157.9472,21.5832],[-157.9485,21.583],[-157.9498,21.5849],[-157.9523,21.586],[-157.9537,21.5859],[-157.9539,21.587],[-157.9546,21.5874],[-157.955,21.5893],[-157.9559,21.5904],[-157.9588,21.5921],[-157.9601,21.5914],[-157.963,21.5921],[-157.9651,21.5899],[-157.9658,21.5897],[-157.9711,21.592]]]}},{"type":"Feature","properties":{"id":160,"ahupuaa":"Haleʻaha","moku":"Koʻolauloa","acres":72},"geometry":{"type":"Polygon","coordinates":[[[-157.8871,21.5855],[-157.8887,21.5892],[-157.8906,21.5882],[-157.8962,21.5836],[-157.8982,21.5838],[-157.9,21.5819],[-157.8871,21.5855]]]}},{"type":"Feature","properties":{"id":157,"ahupuaa":"Kaluanui","moku":"Koʻolauloa","acres":1641},"geometry":{"type":"Polygon","coordinates":[[[-157.8968,21.5982],[-157.8982,21.5978],[-157.8992,21.5993],[-157.8999,21.5994],[-157.9036,21.597],[-157.9037,21.5951],[-157.9061,21.5945],[-157.9103,21.5914],[-157.9119,21.5914],[-157.9131,21.5921],[-157.9163,21.5908],[-157.9179,21.5876],[-157.9182,21.5847],[-157.922,21.5814],[-157.9214,21.5781],[-157.9219,21.5772],[-157.9225,21.5723],[-157.9238,21.5683],[-157.9241,21.5677],[-157.9268,21.5667],[-157.9282,21.5638],[-157.9277,21.5616],[-157.9258,21.5617],[-157.9242,21.5597],[-157.9238,21.5586],[-157.9242,21.5565],[-157.9229,21.5557],[-157.9222,21.5545],[-157.9211,21.5545],[-157.9198,21.5534],[-157.9194,21.5537],[-157.9189,21.5584],[-157.9184,21.5591],[-157.9165,21.5597],[-157.9167,21.5622],[-157.9152,21.5668],[-157.915,21.5698],[-157.9122,21.5724],[-157.9117,21.574],[-157.9099,21.5759],[-157.9056,21.578],[-157.9042,21.5801],[-157.9001,21.5818],[-157.8982,21.5838],[-157.8967,21.5869],[-157.8941,21.5893],[-157.8906,21.5913],[-157.8946,21.5938],[-157.8959,21.5957],[-157.8968,21.5982]]]}},{"type":"Feature","properties":{"id":158,"ahupuaa":"Paʻalaʻa","moku":"Waialua","acres":15852},"geometry":{"type":"Polygon","coordinates":[[[-158.1064,21.5924],[-158.1066,21.5937],[-158.1062,21.5944],[-158.1066,21.5948],[-158.1076,21.5947],[-158.1098,21.5935],[-158.1095,21.593],[-158.1102,21.5918],[-158.1124,21.5893],[-158.1136,21.5889],[-158.1187,21.5894],[-158.1199,21.5876],[-158.1167,21.5849],[-158.1145,21.5813],[-158.1119,21.579],[-158.1119,21.5771],[-158.1104,21.5771],[-158.1099,21.5755],[-158.1077,21.5724],[-158.1009,21.5684],[-158.0909,21.5643],[-158.0878,21.5607],[-158.0672,21.5478],[-158.0524,21.5224],[-158.0513,21.5226],[-158.0508,21.5213],[-158.0497,21.5219],[-158.0475,21.5216],[-158.0465,21.52],[-158.0458,21.5203],[-158.0459,21.5211],[-158.045,21.521],[-158.0447,21.52],[-158.044,21.5209],[-158.0436,21.5198],[-158.0412,21.5185],[-158.0398,21.5184],[-158.0392,21.5188],[-158.0383,21.518],[-158.0363,21.5181],[-158.0354,21.5195],[-158.0328,21.5197],[-158.0323,21.5204],[-158.0308,21.5203],[-158.0312,21.5211],[-158.0306,21.5215],[-158.0298,21.5209],[-158.0287,21.5218],[-158.0279,21.5208],[-158.0277,21.5216],[-158.0269,21.522],[-158.0258,21.5205],[-158.026,21.5219],[-158.0238,21.5225],[-158.0227,21.521],[-158.0216,21.5219],[-158.0229,21.5221],[-158.0215,21.5234],[-158.0205,21.5233],[-158.0192,21.524],[-158.0183,21.5261],[-158.0175,21.5263],[-158.0169,21.5273],[-158.0146,21.5246],[-158.0135,21.525],[-158.0144,21.5255],[-158.0148,21.5265],[-158.0136,21.5259],[-158.0113,21.526],[-158.0119,21.5251],[-158.0109,21.5247],[-158.0102,21.5268],[-158.0089,21.5251],[-158.0089,21.5241],[-158.0071,21.5254],[-158.0052,21.5243],[-158.0053,21.5254],[-158.0036,21.5246],[-158.0042,21.5257],[-158.0014,21.5271],[-158.001,21.5281],[-158.0016,21.5288],[-158.0005,21.5294],[-157.9997,21.5284],[-158.0005,21.5279],[-158.0001,21.5267],[-157.9995,21.5271],[-157.9997,21.5277],[-157.9988,21.5289],[-157.9976,21.5281],[-157.9982,21.5276],[-157.9978,21.5267],[-157.9972,21.5274],[-157.9968,21.5272],[-157.997,21.5258],[-157.9958,21.5249],[-157.9956,21.524],[-157.9952,21.5238],[-157.9951,21.5244],[-157.9945,21.5246],[-157.9938,21.5238],[-157.9929,21.5247],[-157.9915,21.5239],[-157.9893,21.5247],[-157.9871,21.5245],[-157.9861,21.5251],[-157.9849,21.525],[-157.9808,21.5269],[-157.9793,21.5271],[-157.9781,21.5289],[-157.9769,21.5295],[-157.9762,21.5289],[-157.9752,21.5289],[-157.9738,21.5304],[-157.9683,21.5303],[-157.9666,21.5311],[-157.9646,21.5309],[-157.963,21.5313],[-157.9618,21.5323],[-157.9608,21.5325],[-157.9576,21.5322],[-157.9537,21.5311],[-157.9523,21.5317],[-157.951,21.531],[-157.95,21.5316],[-157.9468,21.5314],[-157.9449,21.5303],[-157.9425,21.5305],[-157.9414,21.5313],[-157.9403,21.5314],[-157.9393,21.5328],[-157.9363,21.5334],[-157.9346,21.5335],[-157.9326,21.5329],[-157.9294,21.533],[-157.9282,21.5335],[-157.9256,21.5325],[-157.9226,21.5328],[-157.9211,21.5321],[-157.9209,21.5339],[-157.9217,21.5353],[-157.9213,21.5363],[-157.9214,21.5416],[-157.9194,21.5435],[-157.9193,21.546],[-157.9216,21.5467],[-157.9221,21.5476],[-157.9231,21.5473],[-157.9249,21.5492],[-157.9267,21.5492],[-157.9308,21.5476],[-157.9321,21.5485],[-157.9331,21.5483],[-157.9335,21.5491],[-157.935,21.5491],[-157.9357,21.5478],[-157.9386,21.5468],[-157.9392,21.5472],[-157.9419,21.5473],[-157.9444,21.5499],[-157.9478,21.5517],[-157.9508,21.5513],[-157.9527,21.5524],[-157.954,21.5517],[-157.9566,21.5514],[-157.9584,21.5529],[-157.9604,21.5534],[-157.9629,21.5533],[-157.9634,21.5526],[-157.9652,21.5522],[-157.9665,21.5521],[-157.9672,21.5526],[-157.9701,21.5514],[-157.9725,21.5527],[-157.9744,21.5529],[-157.9744,21.5538],[-157.9766,21.5552],[-157.9792,21.5545],[-157.9833,21.5557],[-157.9875,21.5553],[-157.9891,21.5594],[-157.9897,21.5589],[-157.9905,21.5593],[-157.9909,21.5586],[-157.9914,21.5604],[-157.9922,21.5593],[-157.9928,21.5595],[-157.9925,21.5603],[-157.9931,21.5604],[-157.9932,21.5593],[-157.9939,21.5598],[-157.9943,21.5594],[-157.994,21.559],[-157.9953,21.5595],[-157.9945,21.5601],[-157.9955,21.561],[-157.9963,21.5604],[-157.9961,21.5594],[-157.9968,21.5599],[-157.9998,21.5602],[-158.0,21.5607],[-157.9988,21.5611],[-158.0008,21.5627],[-157.9997,21.5628],[-158.0006,21.5645],[-158.0014,21.564],[-158.002,21.5648],[-158.0027,21.5681],[-158.0032,21.5678],[-158.0033,21.5669],[-158.0049,21.5671],[-158.0035,21.566],[-158.0036,21.5655],[-158.0045,21.5657],[-158.0044,21.5647],[-158.0061,21.5644],[-158.007,21.5647],[-158.0067,21.5654],[-158.0078,21.5665],[-158.0085,21.5654],[-158.0076,21.5649],[-158.0077,21.5645],[-158.0084,21.5646],[-158.0091,21.5655],[-158.0098,21.5653],[-158.0094,21.5663],[-158.0101,21.5665],[-158.0107,21.5643],[-158.0112,21.5642],[-158.013,21.5669],[-158.0132,21.5662],[-158.0122,21.5645],[-158.0146,21.5652],[-158.015,21.5645],[-158.0137,21.5639],[-158.0134,21.5627],[-158.0143,21.5628],[-158.0151,21.5622],[-158.0159,21.564],[-158.0164,21.564],[-158.0168,21.5633],[-158.0172,21.5647],[-158.0194,21.5639],[-158.0233,21.5638],[-158.0241,21.5642],[-158.0241,21.5649],[-158.0261,21.5649],[-158.027,21.5658],[-158.0276,21.5658],[-158.0294,21.5646],[-158.0295,21.5659],[-158.0307,21.5675],[-158.0329,21.5671],[-158.0351,21.5683],[-158.0369,21.5675],[-158.0382,21.5683],[-158.0383,21.5701],[-158.0397,21.5697],[-158.0395,21.5711],[-158.0412,21.5714],[-158.0415,21.5724],[-158.0421,21.5727],[-158.0421,21.5713],[-158.0436,21.5723],[-158.0447,21.5711],[-158.0453,21.5713],[-158.0454,21.572],[-158.0466,21.5724],[-158.0478,21.5721],[-158.0488,21.5709],[-158.0499,21.5717],[-158.0515,21.5708],[-158.0509,21.5687],[-158.0521,21.5689],[-158.0536,21.5703],[-158.0558,21.5693],[-158.0573,21.5693],[-158.0586,21.5708],[-158.061,21.5716],[-158.0628,21.5736],[-158.0664,21.5754],[-158.0683,21.5755],[-158.0689,21.5772],[-158.0703,21.5768],[-158.0711,21.576],[-158.072,21.5773],[-158.0734,21.5778],[-158.075,21.5762],[-158.0779,21.5769],[-158.0788,21.5752],[-158.0796,21.5757],[-158.0805,21.5775],[-158.0814,21.578],[-158.0825,21.5775],[-158.0848,21.5775],[-158.0868,21.5788],[-158.0891,21.5792],[-158.0929,21.582],[-158.0956,21.583],[-158.0956,21.5839],[-158.0992,21.5858],[-158.0993,21.5865],[-158.1008,21.5865],[-158.1011,21.59],[-158.1028,21.59],[-158.103,21.5889],[-158.108,21.5886],[-158.1077,21.5908],[-158.1085,21.5909],[-158.1086,21.5918],[-158.1064,21.5924]]]}},{"type":"Feature","properties":{"id":161,"ahupuaa":"Kapano","moku":"Koʻolauloa","acres":78},"geometry":{"type":"Polygon","coordinates":[[[-157.8867,21.5825],[-157.8871,21.5855],[-157.9007,21.5817],[-157.8965,21.581],[-157.8933,21.5816],[-157.8924,21.5813],[-157.8867,21.5825]]]}},{"type":"Feature","properties":{"id":162,"ahupuaa":"Kamananui","moku":"Waialua","acres":22064},"geometry":{"type":"Polygon","coordinates":[[[-158.1164,21.5841],[-158.118,21.5826],[-158.1204,21.5815],[-158.1213,21.5844],[-158.1218,21.5848],[-158.1227,21.5846],[-158.1228,21.5837],[-158.1235,21.5832],[-158.1283,21.5821],[-158.132,21.5824],[-158.1359,21.584],[-158.1566,21.5104],[-158.152,21.5095],[-158.1496,21.51],[-158.1482,21.5086],[-158.1462,21.5088],[-158.1458,21.508],[-158.1425,21.5078],[-158.1417,21.5101],[-158.1393,21.5104],[-158.1369,21.5119],[-158.1309,21.5123],[-158.1274,21.5136],[-158.1264,21.5145],[-158.1253,21.5144],[-158.1214,21.5159],[-158.119,21.5152],[-158.1137,21.5168],[-158.1112,21.5163],[-158.1102,21.5171],[-158.0941,21.5219],[-158.092,21.521],[-158.0869,21.5213],[-158.0854,21.5193],[-158.0842,21.5198],[-158.083,21.5185],[-158.0829,21.517],[-158.0813,21.5184],[-158.0806,21.5178],[-158.0797,21.5149],[-158.0783,21.5138],[-158.0774,21.5119],[-158.0747,21.5102],[-158.0749,21.508],[-158.072,21.5078],[-158.071,21.5066],[-158.0692,21.5078],[-158.0655,21.5065],[-158.0636,21.5079],[-158.062,21.5082],[-158.0616,21.5069],[-158.0582,21.5056],[-158.059,21.5048],[-158.0589,21.504],[-158.0575,21.5034],[-158.0564,21.5037],[-158.0541,21.5032],[-158.0538,21.5016],[-158.0517,21.5002],[-158.0502,21.5],[-158.0488,21.4968],[-158.0493,21.4959],[-158.0491,21.495],[-158.0485,21.4945],[-158.0475,21.4952],[-158.0477,21.4977],[-158.0414,21.4978],[-158.0385,21.4962],[-158.0356,21.4994],[-158.0296,21.4989],[-158.0258,21.5029],[-158.0234,21.5043],[-158.0162,21.5053],[-158.0097,21.5093],[-158.0042,21.5098],[-157.9954,21.509],[-157.9948,21.5093],[-157.9944,21.5088],[-157.9853,21.508],[-157.9819,21.507],[-157.9807,21.5075],[-157.9791,21.5074],[-157.9783,21.5067],[-157.9714,21.5061],[-157.9688,21.5065],[-157.9685,21.5074],[-157.9661,21.5086],[-157.9643,21.5084],[-157.9637,21.5076],[-157.961,21.5082],[-157.9592,21.5074],[-157.9567,21.5078],[-157.9557,21.5064],[-157.9528,21.5085],[-157.9514,21.508],[-157.9472,21.5083],[-157.9456,21.5079],[-157.9448,21.5087],[-157.9436,21.508],[-157.9427,21.5083],[-157.9409,21.5074],[-157.9385,21.507],[-157.9379,21.5072],[-157.9377,21.5083],[-157.9357,21.5092],[-157.9351,21.5087],[-157.9337,21.5088],[-157.9312,21.5098],[-157.9298,21.5092],[-157.9282,21.5095],[-157.9269,21.5088],[-157.9237,21.5094],[-157.9186,21.5089],[-157.9153,21.5094],[-157.9137,21.5087],[-157.9118,21.5089],[-157.9105,21.5084],[-157.9081,21.5085],[-157.9076,21.5089],[-157.9072,21.5101],[-157.9076,21.5108],[-157.909,21.5116],[-157.9099,21.513],[-157.9113,21.5133],[-157.9133,21.5163],[-157.9148,21.517],[-157.915,21.5189],[-157.9161,21.5205],[-157.9166,21.5238],[-157.9181,21.5253],[-157.9193,21.5256],[-157.9196,21.5267],[-157.9205,21.5274],[-157.9197,21.5293],[-157.9202,21.5299],[-157.9202,21.5311],[-157.9226,21.5328],[-157.9256,21.5325],[-157.9282,21.5335],[-157.9294,21.533],[-157.9328,21.5329],[-157.9346,21.5335],[-157.9384,21.5331],[-157.9393,21.5328],[-157.9403,21.5314],[-157.9414,21.5313],[-157.9428,21.5304],[-157.9446,21.5303],[-157.9468,21.5314],[-157.95,21.5316],[-157.951,21.531],[-157.9523,21.5317],[-157.9537,21.5311],[-157.9576,21.5322],[-157.9608,21.5325],[-157.9618,21.5323],[-157.963,21.5313],[-157.9646,21.5309],[-157.9666,21.5311],[-157.9683,21.5303],[-157.9738,21.5304],[-157.9752,21.5289],[-157.9762,21.5289],[-157.9769,21.5295],[-157.9781,21.5289],[-157.9793,21.5271],[-157.9808,21.5269],[-157.9849,21.525],[-157.9861,21.5251],[-157.9871,21.5245],[-157.9893,21.5247],[-157.9915,21.5239],[-157.9929,21.5247],[-157.9938,21.5238],[-157.9945,21.5246],[-157.9954,21.5238],[-157.9958,21.5249],[-157.997,21.5258],[-157.9968,21.5272],[-157.9972,21.5274],[-157.9978,21.5267],[-157.9982,21.5276],[-157.9976,21.5281],[-157.9988,21.5289],[-157.9997,21.5277],[-157.9995,21.5271],[-158.0001,21.5267],[-158.0005,21.5279],[-157.9997,21.5284],[-158.0003,21.5294],[-158.0016,21.5288],[-158.001,21.5278],[-158.0018,21.5267],[-158.0042,21.5257],[-158.0036,21.5246],[-158.0053,21.5254],[-158.005,21.5243],[-158.0071,21.5254],[-158.0089,21.5241],[-158.0089,21.5251],[-158.0099,21.5268],[-158.0105,21.5265],[-158.0105,21.5251],[-158.0109,21.5247],[-158.0119,21.5251],[-158.0113,21.526],[-158.0136,21.5259],[-158.0148,21.5265],[-158.0144,21.5255],[-158.0135,21.525],[-158.0146,21.5246],[-158.0169,21.5273],[-158.0175,21.5263],[-158.0183,21.5261],[-158.0192,21.524],[-158.0205,21.5233],[-158.0215,21.5234],[-158.0229,21.5221],[-158.0216,21.5219],[-158.0227,21.521],[-158.0238,21.5225],[-158.026,21.5219],[-158.0258,21.5205],[-158.0269,21.522],[-158.0277,21.5216],[-158.0279,21.5208],[-158.0287,21.5218],[-158.0298,21.5209],[-158.0306,21.5215],[-158.0312,21.5211],[-158.0308,21.5203],[-158.0323,21.5204],[-158.0328,21.5197],[-158.0354,21.5195],[-158.0363,21.5181],[-158.0383,21.518],[-158.0392,21.5188],[-158.0398,21.5184],[-158.0412,21.5185],[-158.0436,21.5198],[-158.044,21.5209],[-158.0447,21.52],[-158.045,21.521],[-158.0459,21.5211],[-158.0458,21.5203],[-158.0465,21.52],[-158.0475,21.5216],[-158.0497,21.5219],[-158.0508,21.5213],[-158.0513,21.5226],[-158.0524,21.5224],[-158.0672,21.5478],[-158.0878,21.5607],[-158.0909,21.5643],[-158.1009,21.5684],[-158.1077,21.5724],[-158.1099,21.5755],[-158.1104,21.5771],[-158.1119,21.5771],[-158.1119,21.579],[-158.1145,21.5813],[-158.1164,21.5841]]]}},{"type":"Feature","properties":{"id":163,"ahupuaa":"Mokulēʻia 1","moku":"Waialua","acres":2789},"geometry":{"type":"Polygon","coordinates":[[[-158.1566,21.5104],[-158.1359,21.584],[-158.1378,21.5842],[-158.1513,21.5808],[-158.169,21.5183],[-158.1649,21.5161],[-158.1625,21.5133],[-158.161,21.5132],[-158.1566,21.5104]]]}},{"type":"Feature","properties":{"id":164,"ahupuaa":"Puheʻemiki","moku":"Koʻolauloa","acres":19},"geometry":{"type":"Polygon","coordinates":[[[-157.8867,21.5825],[-157.8964,21.5811],[-157.8863,21.5811],[-157.8867,21.5825]]]}},{"type":"Feature","properties":{"id":165,"ahupuaa":"Waiʻono","moku":"Koʻolauloa","acres":456},"geometry":{"type":"Polygon","coordinates":[[[-157.8964,21.5811],[-157.8998,21.5817],[-157.9014,21.5815],[-157.9019,21.5809],[-157.9042,21.5801],[-157.9056,21.578],[-157.9099,21.5759],[-157.9106,21.5748],[-157.9052,21.5747],[-157.9018,21.5736],[-157.8991,21.5743],[-157.8952,21.5716],[-157.8922,21.5709],[-157.8892,21.5734],[-157.888,21.5758],[-157.8866,21.5757],[-157.8867,21.5762],[-157.8858,21.5769],[-157.8856,21.578],[-157.8846,21.579],[-157.8863,21.5811],[-157.8964,21.5811]]]}},{"type":"Feature","properties":{"id":171,"ahupuaa":"Mokulēʻia 2","moku":"Waialua","acres":2330},"geometry":{"type":"Polygon","coordinates":[[[-158.1513,21.5808],[-158.1552,21.581],[-158.1584,21.5799],[-158.1634,21.5808],[-158.1661,21.5797],[-158.1798,21.5308],[-158.1774,21.5283],[-158.1759,21.5278],[-158.1764,21.5257],[-158.1748,21.5231],[-158.1746,21.521],[-158.1735,21.5195],[-158.1708,21.5193],[-158.169,21.5183],[-158.1513,21.5808]]]}},{"type":"Feature","properties":{"id":166,"ahupuaa":"Kawaihāpai","moku":"Waialua","acres":1797},"geometry":{"type":"Polygon","coordinates":[[[-158.1922,21.5829],[-158.1956,21.5816],[-158.1964,21.5821],[-158.197,21.5809],[-158.2065,21.5484],[-158.206,21.5477],[-158.2038,21.5471],[-158.2005,21.5435],[-158.1964,21.543],[-158.1945,21.5442],[-158.1943,21.5427],[-158.1933,21.5418],[-158.1932,21.5401],[-158.1922,21.5391],[-158.1806,21.5807],[-158.1833,21.5818],[-158.1856,21.5818],[-158.1899,21.583],[-158.1922,21.5829]]]}},{"type":"Feature","properties":{"id":167,"ahupuaa":"Keālia","moku":"Waialua","acres":839},"geometry":{"type":"Polygon","coordinates":[[[-158.1966,21.5819],[-158.2003,21.5829],[-158.2032,21.5817],[-158.2067,21.5822],[-158.2094,21.5715],[-158.2076,21.5713],[-158.2102,21.5689],[-158.2117,21.558],[-158.2136,21.5563],[-158.2127,21.5518],[-158.2145,21.5486],[-158.2137,21.5488],[-158.2126,21.5504],[-158.2118,21.5504],[-158.2092,21.5484],[-158.208,21.5489],[-158.2065,21.5484],[-158.1966,21.5819]]]}},{"type":"Feature","properties":{"id":168,"ahupuaa":"Kaʻena","moku":"Waialua","acres":3280},"geometry":{"type":"Polygon","coordinates":[[[-158.2067,21.5822],[-158.2138,21.5807],[-158.2153,21.5795],[-158.2191,21.5785],[-158.2239,21.5795],[-158.2294,21.579],[-158.2342,21.5799],[-158.2425,21.5799],[-158.245,21.579],[-158.2479,21.5797],[-158.2511,21.5793],[-158.2521,21.5799],[-158.2528,21.5793],[-158.2543,21.5791],[-158.2549,21.5783],[-158.2559,21.5785],[-158.2568,21.5778],[-158.2603,21.5782],[-158.2611,21.5772],[-158.2631,21.578],[-158.2636,21.5772],[-158.2654,21.5775],[-158.2665,21.5769],[-158.2681,21.5771],[-158.2704,21.576],[-158.273,21.576],[-158.2735,21.5754],[-158.2784,21.5762],[-158.2788,21.5754],[-158.2808,21.575],[-158.2809,21.5745],[-158.2743,21.5728],[-158.2699,21.5729],[-158.2658,21.5716],[-158.2643,21.5708],[-158.2637,21.5698],[-158.2608,21.5676],[-158.2592,21.5671],[-158.2582,21.566],[-158.2507,21.5619],[-158.2489,21.5621],[-158.2472,21.5617],[-158.2457,21.5633],[-158.2449,21.5635],[-158.2404,21.5614],[-158.2364,21.5603],[-158.2338,21.559],[-158.2324,21.5577],[-158.2287,21.5562],[-158.2259,21.554],[-158.2251,21.5518],[-158.2236,21.5523],[-158.223,21.5532],[-158.2218,21.5532],[-158.2209,21.552],[-158.2211,21.5513],[-158.22,21.5509],[-158.2175,21.5486],[-158.2164,21.5483],[-158.2145,21.5486],[-158.2127,21.5518],[-158.2136,21.5563],[-158.2117,21.558],[-158.2101,21.5692],[-158.2076,21.5713],[-158.2094,21.5715],[-158.2067,21.5822]]]}},{"type":"Feature","properties":{"id":169,"ahupuaa":"Kikahi","moku":"Waialua","acres":965},"geometry":{"type":"Polygon","coordinates":[[[-158.1738,21.5818],[-158.1784,21.5803],[-158.1806,21.5807],[-158.1924,21.5386],[-158.1919,21.5357],[-158.1907,21.5347],[-158.1876,21.5351],[-158.187,21.5344],[-158.186,21.5345],[-158.1729,21.5814],[-158.1738,21.5818]]]}},{"type":"Feature","properties":{"id":170,"ahupuaa":"Aukuʻu","moku":"Waialua","acres":967},"geometry":{"type":"Polygon","coordinates":[[[-158.1729,21.5814],[-158.186,21.5345],[-158.1832,21.5339],[-158.1798,21.5308],[-158.1661,21.5797],[-158.168,21.5789],[-158.1729,21.5814]]]}},{"type":"Feature","properties":{"id":178,"ahupuaa":"Kahanahāiki","moku":"Waiʻanae","acres":1562},"geometry":{"type":"Polygon","coordinates":[[[-158.2137,21.5488],[-158.2173,21.5485],[-158.22,21.5509],[-158.2211,21.5513],[-158.2217,21.5499],[-158.2224,21.5496],[-158.2221,21.548],[-158.2226,21.5472],[-158.2225,21.5453],[-158.2256,21.5435],[-158.2269,21.5436],[-158.228,21.543],[-158.2315,21.544],[-158.2337,21.5433],[-158.2377,21.5452],[-158.2407,21.5451],[-158.2389,21.5443],[-158.2362,21.541],[-158.2339,21.5397],[-158.2325,21.5382],[-158.2301,21.5338],[-158.2297,21.5317],[-158.2044,21.5324],[-158.2006,21.5331],[-158.1958,21.5359],[-158.1914,21.535],[-158.1922,21.5364],[-158.1922,21.5391],[-158.1932,21.5401],[-158.1933,21.5418],[-158.1943,21.5427],[-158.1945,21.5442],[-158.1964,21.543],[-158.2005,21.5435],[-158.2044,21.5475],[-158.206,21.5477],[-158.2065,21.5484],[-158.2079,21.5489],[-158.2092,21.5484],[-158.2118,21.5504],[-158.2126,21.5504],[-158.2137,21.5488]]]}},{"type":"Feature","properties":{"id":179,"ahupuaa":"Kualoa 2","moku":"Koʻolaupoko","acres":271},"geometry":{"type":"Polygon","coordinates":[[[-157.839,21.5354],[-157.8419,21.5316],[-157.843,21.5274],[-157.8444,21.5259],[-157.8455,21.5257],[-157.8462,21.5244],[-157.8353,21.52],[-157.8343,21.5264],[-157.8345,21.5275],[-157.8367,21.532],[-157.8376,21.5329],[-157.8379,21.5345],[-157.839,21.5354]]]}},{"type":"Feature","properties":{"id":180,"ahupuaa":"Mākua","moku":"Waiʻanae","acres":2662},"geometry":{"type":"Polygon","coordinates":[[[-158.1898,21.5347],[-158.1958,21.5359],[-158.2006,21.5331],[-158.2044,21.5324],[-158.2297,21.5317],[-158.2294,21.5273],[-158.229,21.5269],[-158.2294,21.5269],[-158.2298,21.5256],[-158.2304,21.5252],[-158.2298,21.5252],[-158.2295,21.5241],[-158.2288,21.5238],[-158.2286,21.5215],[-158.2234,21.5181],[-158.215,21.5159],[-158.2137,21.5161],[-158.2084,21.5136],[-158.204,21.513],[-158.2002,21.5137],[-158.1966,21.5128],[-158.1939,21.5133],[-158.19,21.5123],[-158.1893,21.5132],[-158.1859,21.5138],[-158.1834,21.515],[-158.1825,21.5161],[-158.1808,21.5159],[-158.1783,21.5164],[-158.1761,21.5184],[-158.1735,21.5195],[-158.1746,21.521],[-158.1748,21.5231],[-158.1764,21.5257],[-158.176,21.5279],[-158.1774,21.5283],[-158.1834,21.534],[-158.187,21.5344],[-158.1876,21.5351],[-158.1898,21.5347]]]}},{"type":"Feature","properties":{"id":181,"ahupuaa":"Kualoa 1","moku":"Koʻolaupoko","acres":366},"geometry":{"type":"Polygon","coordinates":[[[-157.8462,21.5244],[-157.8478,21.5235],[-157.848,21.5226],[-157.849,21.5216],[-157.8441,21.5142],[-157.8432,21.5143],[-157.8424,21.5135],[-157.8424,21.5119],[-157.8411,21.5102],[-157.8406,21.5084],[-157.8381,21.5091],[-157.8367,21.5086],[-157.8358,21.5089],[-157.8349,21.5104],[-157.8357,21.5176],[-157.8361,21.5178],[-157.8354,21.518],[-157.8353,21.52],[-157.8462,21.5244]]]}},{"type":"Feature","properties":{"id":194,"ahupuaa":"Heʻeia","moku":"Koʻolaupoko","acres":495},"geometry":{"type":"Polygon","coordinates":[[[-157.7664,21.4587],[-157.7678,21.4569],[-157.7679,21.4526],[-157.7686,21.4519],[-157.7729,21.4505],[-157.7736,21.4493],[-157.778,21.4465],[-157.7777,21.4455],[-157.7729,21.4438],[-157.7542,21.4526],[-157.7554,21.4567],[-157.7614,21.4586],[-157.7635,21.46],[-157.7638,21.4613],[-157.7629,21.4623],[-157.7633,21.4629],[-157.7657,21.4612],[-157.7661,21.4595],[-157.7667,21.4591],[-157.7664,21.4587]]]}},{"type":"Feature","properties":{"id":182,"ahupuaa":"Hakipuʻu","moku":"Koʻolaupoko","acres":1179},"geometry":{"type":"Polygon","coordinates":[[[-157.8406,21.5084],[-157.8411,21.5102],[-157.8424,21.5119],[-157.8424,21.5135],[-157.8432,21.5143],[-157.8441,21.5142],[-157.849,21.5216],[-157.8535,21.52],[-157.8556,21.5182],[-157.8593,21.5175],[-157.8618,21.516],[-157.8654,21.5161],[-157.8698,21.5177],[-157.873,21.5155],[-157.8754,21.5125],[-157.8732,21.5096],[-157.8674,21.5055],[-157.863,21.5032],[-157.8604,21.4997],[-157.8589,21.499],[-157.8517,21.5002],[-157.8524,21.5021],[-157.8526,21.5047],[-157.8521,21.5055],[-157.851,21.506],[-157.8513,21.5074],[-157.8461,21.5073],[-157.8406,21.5084]]]}},{"type":"Feature","properties":{"id":183,"ahupuaa":"Waiʻanae","moku":"Waiʻanae","acres":37305},"geometry":{"type":"Polygon","coordinates":[[[-158.0938,21.5218],[-158.1102,21.5171],[-158.1112,21.5163],[-158.1137,21.5168],[-158.119,21.5152],[-158.1214,21.5159],[-158.1253,21.5144],[-158.1264,21.5145],[-158.1274,21.5136],[-158.1309,21.5123],[-158.1369,21.5119],[-158.1393,21.5104],[-158.1417,21.5101],[-158.1425,21.5077],[-158.1444,21.5063],[-158.146,21.5059],[-158.148,21.503],[-158.1494,21.5024],[-158.1613,21.5028],[-158.1645,21.5019],[-158.167,21.4991],[-158.1671,21.4974],[-158.1677,21.4966],[-158.1674,21.4952],[-158.1678,21.4908],[-158.1691,21.4904],[-158.1717,21.4884],[-158.1721,21.4839],[-158.1735,21.4817],[-158.1776,21.4775],[-158.1803,21.4762],[-158.1833,21.4718],[-158.1902,21.4656],[-158.1906,21.4648],[-158.192,21.4639],[-158.2102,21.4609],[-158.2146,21.4598],[-158.2119,21.4597],[-158.2098,21.4608],[-158.2052,21.4593],[-158.2028,21.4566],[-158.2025,21.4538],[-158.2003,21.4532],[-158.2001,21.4519],[-158.1984,21.4516],[-158.1983,21.451],[-158.197,21.4504],[-158.1961,21.4488],[-158.1935,21.4486],[-158.1899,21.4454],[-158.1891,21.4436],[-158.1892,21.4423],[-158.1903,21.4414],[-158.1902,21.441],[-158.192,21.4407],[-158.192,21.4401],[-158.1903,21.4406],[-158.1893,21.4404],[-158.1855,21.4348],[-158.1829,21.43],[-158.1795,21.4284],[-158.1809,21.4286],[-158.1799,21.4267],[-158.18,21.4239],[-158.179,21.4215],[-158.1784,21.4179],[-158.1786,21.4153],[-158.1773,21.4117],[-158.1781,21.4097],[-158.1779,21.4079],[-158.1787,21.4066],[-158.1783,21.4052],[-158.1769,21.4035],[-158.1769,21.4017],[-158.1731,21.399],[-158.1725,21.3981],[-158.1695,21.3977],[-158.1689,21.3972],[-158.1675,21.3975],[-158.1627,21.3957],[-158.1575,21.3919],[-158.1481,21.3832],[-158.1437,21.388],[-158.1394,21.3911],[-158.1345,21.396],[-158.1332,21.3985],[-158.1322,21.4021],[-158.1282,21.4046],[-158.1268,21.4067],[-158.1258,21.4108],[-158.1206,21.4133],[-158.1165,21.4141],[-158.1098,21.4142],[-158.1013,21.4133],[-158.0997,21.4158],[-158.0991,21.4189],[-158.0953,21.4214],[-158.0924,21.425],[-158.0925,21.426],[-158.0906,21.4273],[-158.091,21.4309],[-158.0903,21.4319],[-158.0906,21.4344],[-158.093,21.4367],[-158.0969,21.4384],[-158.0989,21.4404],[-158.0987,21.4421],[-158.0976,21.4438],[-158.0975,21.4466],[-158.0956,21.451],[-158.0959,21.4529],[-158.0955,21.4542],[-158.1022,21.4592],[-158.1036,21.4612],[-158.1034,21.4646],[-158.1042,21.4677],[-158.0854,21.4842],[-158.0845,21.4858],[-158.0804,21.488],[-158.0703,21.4875],[-158.0582,21.4829],[-158.0538,21.4822],[-158.0515,21.4813],[-158.0502,21.4784],[-158.0474,21.4765],[-158.0427,21.4765],[-158.0425,21.474],[-158.0262,21.4784],[-158.0234,21.4801],[-158.0075,21.4855],[-157.9994,21.4893],[-157.9962,21.4853],[-157.9914,21.4878],[-157.9894,21.4881],[-157.9882,21.4873],[-157.9861,21.4877],[-157.9859,21.4873],[-157.9838,21.4872],[-157.9818,21.4877],[-157.9784,21.4873],[-157.9754,21.488],[-157.9726,21.4872],[-157.9705,21.4878],[-157.9688,21.4872],[-157.9644,21.4897],[-157.9603,21.4904],[-157.9595,21.4917],[-157.9581,21.4917],[-157.9531,21.4941],[-157.9519,21.4937],[-157.9511,21.4945],[-157.9492,21.495],[-157.9453,21.4945],[-157.9427,21.4953],[-157.9412,21.4967],[-157.9331,21.497],[-157.9289,21.4958],[-157.9275,21.4969],[-157.9248,21.4976],[-157.9205,21.4978],[-157.9181,21.4974],[-157.9161,21.4985],[-157.9142,21.4983],[-157.9121,21.499],[-157.9109,21.4987],[-157.9076,21.4991],[-157.9064,21.4987],[-157.9051,21.4989],[-157.9044,21.5005],[-157.9034,21.5011],[-157.902,21.5009],[-157.9017,21.5017],[-157.9034,21.5031],[-157.9036,21.5043],[-157.9076,21.5089],[-157.9081,21.5085],[-157.9105,21.5084],[-157.9118,21.5089],[-157.9137,21.5087],[-157.9153,21.5094],[-157.9176,21.5089],[-157.9237,21.5094],[-157.9269,21.5088],[-157.9282,21.5095],[-157.9298,21.5092],[-157.9312,21.5098],[-157.9337,21.5088],[-157.9351,21.5087],[-157.9357,21.5092],[-157.9377,21.5083],[-157.9379,21.5072],[-157.9385,21.507],[-157.9409,21.5074],[-157.9427,21.5083],[-157.9436,21.508],[-157.9448,21.5087],[-157.9456,21.5079],[-157.9472,21.5083],[-157.9514,21.508],[-157.9528,21.5085],[-157.9557,21.5064],[-157.9567,21.5078],[-157.9592,21.5074],[-157.961,21.5082],[-157.9637,21.5076],[-157.9643,21.5084],[-157.9661,21.5086],[-157.9685,21.5074],[-157.9688,21.5065],[-157.9714,21.5061],[-157.9783,21.5067],[-157.9791,21.5074],[-157.9807,21.5075],[-157.9819,21.507],[-157.9853,21.508],[-157.9944,21.5088],[-157.9948,21.5093],[-157.9954,21.509],[-158.0042,21.5098],[-158.0097,21.5093],[-158.0162,21.5053],[-158.0234,21.5043],[-158.0258,21.5029],[-158.0296,21.4989],[-158.0356,21.4994],[-158.0385,21.4962],[-158.0414,21.4978],[-158.0477,21.4977],[-158.0475,21.4952],[-158.0485,21.4945],[-158.0491,21.495],[-158.0493,21.4959],[-158.0488,21.4968],[-158.0502,21.5],[-158.0517,21.5002],[-158.0538,21.5016],[-158.0541,21.5032],[-158.0564,21.5037],[-158.0575,21.5034],[-158.0589,21.504],[-158.059,21.5048],[-158.0582,21.5056],[-158.0616,21.5069],[-158.062,21.5082],[-158.0636,21.5079],[-158.0655,21.5065],[-158.0692,21.5078],[-158.071,21.5066],[-158.072,21.5078],[-158.0749,21.508],[-158.0747,21.5102],[-158.077,21.5114],[-158.0783,21.5138],[-158.0797,21.5149],[-158.0801,21.5171],[-158.0813,21.5184],[-158.0829,21.517],[-158.083,21.5185],[-158.0842,21.5198],[-158.0854,21.5193],[-158.0869,21.5213],[-158.092,21.521],[-158.0938,21.5218]]]}},{"type":"Feature","properties":{"id":209,"ahupuaa":"ʻAiea","moku":"ʻEwa","acres":1180},"geometry":{"type":"Polygon","coordinates":[[[-157.9345,21.3732],[-157.9333,21.3736],[-157.9131,21.3844],[-157.9006,21.3926],[-157.8972,21.3931],[-157.8939,21.3962],[-157.8902,21.3981],[-157.8898,21.3994],[-157.8881,21.4008],[-157.8843,21.4015],[-157.8826,21.4032],[-157.8828,21.4042],[-157.8821,21.4049],[-157.8825,21.4058],[-157.8843,21.4052],[-157.8862,21.4038],[-157.8871,21.4042],[-157.8879,21.4037],[-157.8915,21.4034],[-157.8947,21.402],[-157.8966,21.402],[-157.9002,21.4011],[-157.9037,21.3999],[-157.9051,21.3988],[-157.9065,21.3987],[-157.9342,21.3812],[-157.9369,21.3767],[-157.9356,21.376],[-157.9342,21.3769],[-157.9348,21.3761],[-157.9341,21.3745],[-157.9345,21.3732]]]}},{"type":"Feature","properties":{"id":210,"ahupuaa":"Moanalua","moku":"Kona","acres":9870},"geometry":{"type":"Polygon","coordinates":[[[-157.8241,21.3958],[-157.8282,21.3963],[-157.8294,21.397],[-157.8299,21.3985],[-157.8314,21.3993],[-157.8343,21.4],[-157.836,21.3998],[-157.8385,21.4014],[-157.8385,21.4008],[-157.8409,21.4008],[-157.8422,21.3997],[-157.8452,21.3995],[-157.8461,21.3988],[-157.8511,21.3972],[-157.8546,21.3935],[-157.855,21.3916],[-157.8566,21.3915],[-157.858,21.3897],[-157.8601,21.3892],[-157.8617,21.3881],[-157.8656,21.3874],[-157.8703,21.3842],[-157.8713,21.3829],[-157.874,21.3814],[-157.875,21.3801],[-157.876,21.3802],[-157.8771,21.3789],[-157.8795,21.3776],[-157.8814,21.3772],[-157.885,21.3754],[-157.8883,21.3749],[-157.8994,21.3704],[-157.9058,21.3675],[-157.9073,21.3663],[-157.919,21.364],[-157.9238,21.3584],[-157.9395,21.3447],[-157.9414,21.3439],[-157.9418,21.3427],[-157.9491,21.3363],[-157.9462,21.3272],[-157.9476,21.3167],[-157.9444,21.3174],[-157.9417,21.3156],[-157.935,21.3134],[-157.9323,21.3131],[-157.9264,21.3103],[-157.923,21.3105],[-157.9226,21.312],[-157.9192,21.3147],[-157.9216,21.3157],[-157.924,21.316],[-157.9252,21.3171],[-157.9228,21.3201],[-157.9221,21.3223],[-157.9229,21.3227],[-157.9178,21.3254],[-157.9173,21.3258],[-157.9173,21.3269],[-157.9146,21.3269],[-157.911,21.3286],[-157.91,21.3296],[-157.9092,21.3292],[-157.9089,21.3299],[-157.9074,21.3297],[-157.9041,21.3309],[-157.8988,21.3319],[-157.8978,21.3333],[-157.8977,21.334],[-157.8995,21.3345],[-157.8991,21.3354],[-157.8997,21.3361],[-157.9006,21.336],[-157.9012,21.3365],[-157.901,21.3374],[-157.8996,21.3377],[-157.9012,21.3403],[-157.9006,21.3408],[-157.9008,21.3416],[-157.9002,21.3426],[-157.8988,21.3431],[-157.8981,21.3428],[-157.8964,21.3409],[-157.8947,21.3426],[-157.8938,21.3417],[-157.894,21.3399],[-157.8923,21.3403],[-157.8906,21.3392],[-157.89,21.346],[-157.8825,21.3551],[-157.8756,21.3578],[-157.872,21.3613],[-157.8672,21.3645],[-157.8656,21.3649],[-157.8617,21.3673],[-157.8597,21.3682],[-157.857,21.3684],[-157.8555,21.369],[-157.853,21.3711],[-157.8495,21.3724],[-157.8484,21.3737],[-157.8456,21.3739],[-157.8448,21.3744],[-157.8436,21.374],[-157.8406,21.3747],[-157.8365,21.3769],[-157.8337,21.3793],[-157.8293,21.3809],[-157.8271,21.3835],[-157.8256,21.3836],[-157.8238,21.3854],[-157.8241,21.3872],[-157.8253,21.3885],[-157.8247,21.3903],[-157.8255,21.392],[-157.8241,21.3958]]]}},{"type":"Feature","properties":{"id":184,"ahupuaa":"ʻŌhikilolo","moku":"Waiʻanae","acres":687},"geometry":{"type":"Polygon","coordinates":[[[-158.2285,21.5215],[-158.2292,21.5179],[-158.2301,21.5163],[-158.2299,21.5152],[-158.2287,21.5141],[-158.2287,21.5127],[-158.2297,21.5108],[-158.2292,21.5091],[-158.2297,21.5065],[-158.2292,21.5058],[-158.221,21.5073],[-158.2193,21.5066],[-158.2161,21.5063],[-158.2074,21.5077],[-158.2021,21.5134],[-158.204,21.513],[-158.2084,21.5136],[-158.2137,21.5161],[-158.215,21.5159],[-158.2184,21.5171],[-158.2221,21.5175],[-158.2285,21.5215]]]}},{"type":"Feature","properties":{"id":185,"ahupuaa":"Mākaha","moku":"Waiʻanae","acres":5949},"geometry":{"type":"Polygon","coordinates":[[[-158.1649,21.5161],[-158.1708,21.5193],[-158.1737,21.5195],[-158.1764,21.5182],[-158.1783,21.5164],[-158.1808,21.5159],[-158.1825,21.5161],[-158.1834,21.515],[-158.1859,21.5138],[-158.1893,21.5132],[-158.19,21.5123],[-158.1929,21.5131],[-158.1924,21.5126],[-158.1917,21.509],[-158.1935,21.507],[-158.1932,21.5044],[-158.1945,21.5018],[-158.1961,21.5001],[-158.1969,21.4975],[-158.1993,21.4953],[-158.2017,21.494],[-158.2046,21.4936],[-158.2067,21.4911],[-158.2081,21.4902],[-158.2144,21.4899],[-158.2185,21.4888],[-158.2216,21.4878],[-158.2238,21.4856],[-158.2289,21.4837],[-158.231,21.4834],[-158.2303,21.4818],[-158.2283,21.4802],[-158.2276,21.4789],[-158.2256,21.4778],[-158.2222,21.4781],[-158.2209,21.477],[-158.2199,21.4754],[-158.2193,21.472],[-158.2185,21.4713],[-158.2174,21.4687],[-158.218,21.4683],[-158.2178,21.4675],[-158.217,21.4664],[-158.2141,21.4646],[-158.2133,21.4633],[-158.213,21.4612],[-158.2144,21.4607],[-158.2143,21.4601],[-158.192,21.4639],[-158.1912,21.4644],[-158.1833,21.4718],[-158.1803,21.4762],[-158.1776,21.4775],[-158.1735,21.4817],[-158.1721,21.4839],[-158.1717,21.4884],[-158.1691,21.4904],[-158.1678,21.4908],[-158.1674,21.4952],[-158.1677,21.4966],[-158.1671,21.4974],[-158.1668,21.4995],[-158.1651,21.5015],[-158.1613,21.5028],[-158.1494,21.5024],[-158.148,21.503],[-158.146,21.5059],[-158.1444,21.5063],[-158.1425,21.5077],[-158.1458,21.508],[-158.1462,21.5088],[-158.1482,21.5086],[-158.1496,21.51],[-158.152,21.5095],[-158.1559,21.5101],[-158.161,21.5132],[-158.1625,21.5133],[-158.1649,21.5161]]]}},{"type":"Feature","properties":{"id":190,"ahupuaa":"Waikele","moku":"ʻEwa","acres":6053},"geometry":{"type":"Polygon","coordinates":[[[-157.9936,21.482],[-157.9994,21.4893],[-158.0075,21.4855],[-158.0234,21.4801],[-158.0262,21.4784],[-158.0425,21.474],[-158.0427,21.4765],[-158.0474,21.4765],[-158.0502,21.4784],[-158.0515,21.4813],[-158.0538,21.4822],[-158.0582,21.4829],[-158.0555,21.4728],[-158.0485,21.4596],[-158.044,21.4459],[-158.0389,21.4378],[-158.0358,21.4259],[-158.0314,21.4185],[-158.0162,21.3785],[-158.0131,21.3797],[-158.0126,21.3805],[-158.0098,21.3795],[-158.0076,21.3801],[-158.0065,21.3798],[-158.0065,21.3761],[-158.0097,21.3747],[-158.0099,21.3716],[-158.0071,21.3747],[-158.0062,21.3741],[-158.0047,21.3745],[-158.004,21.3731],[-158.0025,21.3723],[-158.0027,21.3692],[-158.0047,21.3673],[-158.0037,21.3646],[-158.0007,21.364],[-158.0001,21.363],[-158.0004,21.3628],[-158.0,21.3604],[-158.0014,21.359],[-158.0006,21.3573],[-157.9996,21.3568],[-157.9974,21.3577],[-157.9957,21.3596],[-157.9927,21.3599],[-157.9938,21.362],[-157.9953,21.3627],[-157.9972,21.3647],[-157.9974,21.3654],[-157.9964,21.3668],[-157.9991,21.3717],[-158.0014,21.3776],[-158.0033,21.3811],[-158.0037,21.3824],[-158.003,21.3864],[-158.0037,21.3902],[-158.0113,21.4099],[-158.0124,21.4094],[-158.0122,21.4065],[-158.0134,21.4054],[-158.0148,21.4054],[-158.0174,21.4129],[-158.0223,21.4225],[-158.0265,21.4332],[-158.0275,21.438],[-158.0272,21.4437],[-158.029,21.4493],[-158.029,21.4519],[-158.0262,21.4568],[-158.0232,21.4599],[-158.0223,21.4596],[-158.0139,21.4742],[-158.005,21.478],[-158.0033,21.4805],[-157.9936,21.482]]]}},{"type":"Feature","properties":{"id":191,"ahupuaa":"Honouliuli","moku":"ʻEwa","acres":43931},"geometry":{"type":"Polygon","coordinates":[[[-158.0582,21.4829],[-158.0703,21.4875],[-158.0804,21.488],[-158.0845,21.4858],[-158.0854,21.4842],[-158.1042,21.4677],[-158.1034,21.4646],[-158.1036,21.4612],[-158.1022,21.4592],[-158.0955,21.4542],[-158.0959,21.4529],[-158.0956,21.451],[-158.0975,21.4466],[-158.0976,21.4438],[-158.0987,21.4421],[-158.0988,21.44],[-158.0969,21.4384],[-158.0933,21.4369],[-158.0911,21.4351],[-158.0906,21.4344],[-158.0903,21.4319],[-158.091,21.431],[-158.0906,21.4273],[-158.0925,21.426],[-158.0924,21.425],[-158.0953,21.4214],[-158.0991,21.4189],[-158.0997,21.4158],[-158.1013,21.4133],[-158.1002,21.4126],[-158.1,21.4114],[-158.0985,21.4102],[-158.0988,21.4093],[-158.098,21.4063],[-158.0983,21.4053],[-158.0977,21.4039],[-158.098,21.4017],[-158.0984,21.4007],[-158.0999,21.4004],[-158.1008,21.3973],[-158.1019,21.3964],[-158.1021,21.3956],[-158.1045,21.3939],[-158.1039,21.3927],[-158.1039,21.3914],[-158.1044,21.3906],[-158.1039,21.3879],[-158.1055,21.3862],[-158.1069,21.3855],[-158.1088,21.3834],[-158.1147,21.3811],[-158.1169,21.382],[-158.1213,21.3813],[-158.1246,21.3792],[-158.1358,21.369],[-158.1359,21.3677],[-158.1323,21.36],[-158.1312,21.3562],[-158.1305,21.3564],[-158.1303,21.3559],[-158.131,21.3556],[-158.1305,21.3549],[-158.1308,21.3546],[-158.1303,21.3545],[-158.1309,21.3533],[-158.1305,21.3523],[-158.1308,21.3518],[-158.1288,21.347],[-158.1289,21.3443],[-158.1285,21.3428],[-158.1278,21.3422],[-158.1278,21.3402],[-158.1243,21.3343],[-158.1231,21.3283],[-158.1234,21.3261],[-158.123,21.3244],[-158.1196,21.318],[-158.1186,21.3133],[-158.1129,21.3023],[-158.1109,21.2994],[-158.1058,21.296],[-158.1012,21.295],[-158.0857,21.2957],[-158.0819,21.2977],[-158.0779,21.2984],[-158.0721,21.2983],[-158.0668,21.2996],[-158.0518,21.3008],[-158.0491,21.3015],[-158.0443,21.3037],[-158.0359,21.3047],[-158.0345,21.304],[-158.031,21.3046],[-158.0269,21.3061],[-158.0223,21.306],[-158.0142,21.3081],[-158.0117,21.3092],[-158.0056,21.3102],[-157.9943,21.313],[-157.9937,21.3125],[-157.9907,21.3135],[-157.987,21.3139],[-157.9828,21.3155],[-157.9808,21.3158],[-157.9789,21.3152],[-157.9769,21.3157],[-157.9753,21.3188],[-157.9707,21.3245],[-157.9704,21.3264],[-157.9711,21.3266],[-157.9735,21.3301],[-157.9738,21.3334],[-157.973,21.3352],[-157.9746,21.3366],[-157.9752,21.3384],[-157.9758,21.3379],[-157.9769,21.3385],[-157.9767,21.3396],[-157.9772,21.3397],[-157.9779,21.3426],[-157.9797,21.3428],[-157.9802,21.3451],[-157.982,21.3477],[-157.9825,21.3494],[-157.9835,21.3487],[-157.9879,21.3491],[-157.9897,21.3487],[-157.9898,21.3483],[-157.9907,21.3487],[-157.9925,21.3485],[-157.9937,21.35],[-157.9934,21.3504],[-157.9938,21.3524],[-157.9934,21.3527],[-157.9945,21.3536],[-157.9984,21.3533],[-157.9992,21.3526],[-158.0022,21.3518],[-158.0074,21.3552],[-158.0077,21.3558],[-158.0072,21.3567],[-158.0078,21.357],[-158.0085,21.3572],[-158.0093,21.356],[-158.0116,21.3556],[-158.015,21.3581],[-158.0159,21.3575],[-158.017,21.3575],[-158.0199,21.3583],[-158.0208,21.3595],[-158.0226,21.36],[-158.0223,21.3629],[-158.0215,21.3638],[-158.0232,21.3649],[-158.0232,21.3661],[-158.02,21.3664],[-158.0184,21.3654],[-158.0171,21.3653],[-158.0161,21.366],[-158.0184,21.3671],[-158.0201,21.3689],[-158.0331,21.3849],[-158.0471,21.4164],[-158.0549,21.4268],[-158.0595,21.4385],[-158.0596,21.4391],[-158.0581,21.4409],[-158.0465,21.4527],[-158.0485,21.4596],[-158.0555,21.4728],[-158.0582,21.4829]]]}},{"type":"Feature","properties":{"id":186,"ahupuaa":"Waikane","moku":"Koʻolaupoko","acres":2256},"geometry":{"type":"Polygon","coordinates":[[[-157.8754,21.5125],[-157.8773,21.5129],[-157.8797,21.5151],[-157.8845,21.5136],[-157.8871,21.5133],[-157.8877,21.5085],[-157.8892,21.5064],[-157.8916,21.5042],[-157.8978,21.5013],[-157.897,21.5004],[-157.8972,21.4987],[-157.8959,21.4975],[-157.895,21.4951],[-157.8935,21.4932],[-157.892,21.4926],[-157.889,21.4929],[-157.8881,21.4923],[-157.8816,21.4924],[-157.8772,21.4914],[-157.8713,21.4866],[-157.8669,21.4859],[-157.8646,21.485],[-157.8559,21.4865],[-157.8547,21.4874],[-157.85,21.4888],[-157.8489,21.4885],[-157.849,21.4892],[-157.8474,21.4913],[-157.847,21.4928],[-157.8483,21.494],[-157.849,21.494],[-157.8506,21.4963],[-157.8517,21.5002],[-157.8589,21.499],[-157.8599,21.4993],[-157.863,21.5032],[-157.8674,21.5055],[-157.8707,21.5082],[-157.8728,21.5093],[-157.8754,21.5125]]]}},{"type":"Feature","properties":{"id":187,"ahupuaa":"Keaʻau","moku":"Waiʻanae","acres":1891},"geometry":{"type":"Polygon","coordinates":[[[-158.1929,21.5131],[-158.1966,21.5128],[-158.2002,21.5137],[-158.202,21.5135],[-158.2074,21.5077],[-158.2161,21.5063],[-158.2193,21.5066],[-158.221,21.5073],[-158.2296,21.5058],[-158.2302,21.5037],[-158.2302,21.5008],[-158.2307,21.5003],[-158.23,21.4981],[-158.2299,21.4939],[-158.2305,21.4908],[-158.2299,21.489],[-158.2304,21.4885],[-158.231,21.4834],[-158.2289,21.4837],[-158.2238,21.4856],[-158.2216,21.4878],[-158.2185,21.4888],[-158.2144,21.4899],[-158.2081,21.4902],[-158.2067,21.4911],[-158.2046,21.4936],[-158.2017,21.494],[-158.1993,21.4953],[-158.1969,21.4975],[-158.1961,21.5001],[-158.1945,21.5018],[-158.1932,21.5044],[-158.1935,21.507],[-158.1917,21.509],[-158.1924,21.5126],[-158.1929,21.5131]]]}},{"type":"Feature","properties":{"id":188,"ahupuaa":"Waipiʻo","moku":"ʻEwa","acres":17469},"geometry":{"type":"Polygon","coordinates":[[[-157.8978,21.5013],[-157.8995,21.5018],[-157.9017,21.5017],[-157.902,21.5009],[-157.9034,21.5011],[-157.9044,21.5005],[-157.9051,21.4989],[-157.9064,21.4987],[-157.9076,21.4991],[-157.9109,21.4987],[-157.9121,21.499],[-157.9142,21.4983],[-157.9161,21.4985],[-157.9181,21.4974],[-157.9205,21.4978],[-157.9263,21.4974],[-157.9289,21.4958],[-157.9331,21.497],[-157.9412,21.4967],[-157.9427,21.4953],[-157.9453,21.4945],[-157.9492,21.495],[-157.9511,21.4945],[-157.9519,21.4937],[-157.9531,21.4941],[-157.9581,21.4917],[-157.9595,21.4917],[-157.9603,21.4904],[-157.9644,21.4897],[-157.9688,21.4872],[-157.9705,21.4878],[-157.9726,21.4872],[-157.9754,21.488],[-157.9784,21.4873],[-157.9818,21.4877],[-157.9838,21.4872],[-157.9859,21.4873],[-157.9861,21.4877],[-157.9882,21.4873],[-157.9894,21.4881],[-157.9914,21.4878],[-157.9961,21.4853],[-157.9936,21.482],[-158.0033,21.4805],[-158.005,21.478],[-158.0139,21.4742],[-158.0223,21.4596],[-158.0232,21.4599],[-158.0262,21.4568],[-158.029,21.4519],[-158.029,21.4493],[-158.0272,21.4437],[-158.0275,21.438],[-158.0265,21.4332],[-158.0223,21.4225],[-158.0174,21.4129],[-158.0148,21.4054],[-158.0134,21.4054],[-158.0122,21.4065],[-158.0124,21.4094],[-158.0113,21.4099],[-158.0037,21.3902],[-158.003,21.3864],[-158.0037,21.3824],[-157.9991,21.3717],[-157.9964,21.3668],[-157.996,21.3671],[-157.9954,21.3705],[-157.9945,21.3714],[-157.9946,21.3719],[-157.9938,21.3723],[-157.9915,21.3726],[-157.9901,21.3716],[-157.9891,21.37],[-157.9885,21.368],[-157.9887,21.367],[-157.9876,21.3643],[-157.9889,21.3639],[-157.9891,21.363],[-157.9873,21.3622],[-157.9877,21.3606],[-157.9873,21.3595],[-157.9887,21.3577],[-157.9916,21.3575],[-157.9931,21.3567],[-157.9916,21.3561],[-157.9903,21.3549],[-157.9892,21.3516],[-157.9866,21.3515],[-157.9855,21.351],[-157.9822,21.3522],[-157.9805,21.3514],[-157.9798,21.3496],[-157.9794,21.3496],[-157.9786,21.3481],[-157.9783,21.3483],[-157.9774,21.3465],[-157.9765,21.3467],[-157.9757,21.3445],[-157.975,21.3441],[-157.9746,21.3421],[-157.9716,21.3403],[-157.9695,21.3426],[-157.9702,21.3434],[-157.9709,21.3433],[-157.9712,21.3445],[-157.9724,21.3449],[-157.9727,21.3455],[-157.9721,21.3458],[-157.9721,21.3465],[-157.9726,21.3469],[-157.9723,21.3474],[-157.9732,21.3478],[-157.9732,21.3494],[-157.9712,21.3523],[-157.9724,21.3553],[-157.9726,21.3549],[-157.9733,21.3553],[-157.9743,21.3581],[-157.9749,21.3582],[-157.9749,21.3591],[-157.9763,21.3604],[-157.9754,21.362],[-157.9756,21.3652],[-157.9771,21.365],[-157.9787,21.3661],[-157.9794,21.3651],[-157.982,21.3648],[-157.9825,21.3651],[-157.9871,21.3702],[-157.9885,21.3741],[-157.9907,21.3755],[-157.9919,21.379],[-157.9914,21.3813],[-157.9922,21.3843],[-157.9914,21.387],[-157.9906,21.3877],[-157.9877,21.3885],[-157.9889,21.3944],[-157.9912,21.4146],[-157.9904,21.4259],[-157.982,21.4448],[-157.982,21.4469],[-157.9797,21.4504],[-157.9747,21.4537],[-157.9664,21.4609],[-157.9196,21.4703],[-157.8903,21.4755],[-157.8894,21.4772],[-157.8907,21.4789],[-157.8908,21.4808],[-157.8914,21.4821],[-157.8906,21.4838],[-157.891,21.4852],[-157.8923,21.4867],[-157.8925,21.4878],[-157.892,21.4884],[-157.8931,21.4905],[-157.8929,21.4925],[-157.895,21.4951],[-157.8959,21.4975],[-157.8972,21.4987],[-157.897,21.5004],[-157.8978,21.5013]]]}},{"type":"Feature","properties":{"id":219,"ahupuaa":"Hālawa","moku":"ʻEwa","acres":43},"geometry":{"type":"Polygon","coordinates":[[[-157.9424,21.36],[-157.9426,21.3616],[-157.9444,21.3613],[-157.9447,21.3606],[-157.9457,21.3601],[-157.945,21.3585],[-157.9463,21.3584],[-157.9469,21.3577],[-157.9492,21.3569],[-157.948,21.3563],[-157.9475,21.3549],[-157.9469,21.355],[-157.9465,21.3564],[-157.9454,21.3572],[-157.9436,21.3576],[-157.9424,21.36]]]}},{"type":"Feature","properties":{"id":189,"ahupuaa":"Waiāhole","moku":"Koʻolaupoko","acres":2710},"geometry":{"type":"Polygon","coordinates":[[[-157.893,21.4928],[-157.8929,21.4896],[-157.892,21.4884],[-157.8925,21.4878],[-157.8923,21.4867],[-157.891,21.4852],[-157.8906,21.4838],[-157.8914,21.4821],[-157.8908,21.4808],[-157.8907,21.4789],[-157.8894,21.4772],[-157.8903,21.4756],[-157.891,21.4721],[-157.8897,21.4687],[-157.889,21.4685],[-157.888,21.4671],[-157.8882,21.4663],[-157.8875,21.4637],[-157.8855,21.462],[-157.8829,21.4615],[-157.8826,21.4608],[-157.8781,21.4607],[-157.8766,21.4611],[-157.8761,21.4613],[-157.875,21.4638],[-157.8721,21.4658],[-157.8686,21.4671],[-157.8661,21.4686],[-157.8627,21.4681],[-157.8615,21.4701],[-157.8621,21.4718],[-157.8613,21.4737],[-157.8599,21.4737],[-157.8578,21.4727],[-157.8559,21.4728],[-157.8538,21.4741],[-157.8531,21.4754],[-157.8488,21.4752],[-157.8464,21.4766],[-157.8454,21.4767],[-157.8441,21.4766],[-157.8422,21.4752],[-157.8414,21.4804],[-157.842,21.4838],[-157.843,21.4844],[-157.8448,21.4839],[-157.8484,21.486],[-157.8493,21.4876],[-157.8489,21.4885],[-157.85,21.4888],[-157.8547,21.4874],[-157.8559,21.4865],[-157.8646,21.485],[-157.8669,21.4859],[-157.8713,21.4866],[-157.8772,21.4914],[-157.8816,21.4924],[-157.885,21.4926],[-157.8863,21.4922],[-157.8881,21.4923],[-157.889,21.4929],[-157.893,21.4928]]]}},{"type":"Feature","properties":{"id":192,"ahupuaa":"Kaʻalaea","moku":"Koʻolaupoko","acres":1332},"geometry":{"type":"Polygon","coordinates":[[[-157.8423,21.4751],[-157.8441,21.4766],[-157.8454,21.4767],[-157.8464,21.4766],[-157.8488,21.4752],[-157.8531,21.4754],[-157.8538,21.4741],[-157.8559,21.4728],[-157.8578,21.4727],[-157.8599,21.4737],[-157.8613,21.4737],[-157.8621,21.4718],[-157.8615,21.4701],[-157.8627,21.4681],[-157.8661,21.4686],[-157.8734,21.4651],[-157.875,21.4638],[-157.8765,21.4598],[-157.8752,21.4592],[-157.8753,21.4567],[-157.8738,21.4551],[-157.8738,21.4537],[-157.8733,21.4532],[-157.8707,21.4537],[-157.868,21.4534],[-157.8645,21.454],[-157.863,21.4537],[-157.8607,21.4548],[-157.8574,21.4581],[-157.8542,21.4596],[-157.85,21.4598],[-157.8462,21.461],[-157.8457,21.4606],[-157.8427,21.4621],[-157.8419,21.4627],[-157.843,21.4643],[-157.8422,21.4663],[-157.8439,21.4694],[-157.8444,21.4718],[-157.8432,21.4727],[-157.8431,21.4745],[-157.8423,21.4751]]]}},{"type":"Feature","properties":{"id":220,"ahupuaa":"Kapālama","moku":"Kona","acres":1357},"geometry":{"type":"Polygon","coordinates":[[[-157.8747,21.3188],[-157.8729,21.3219],[-157.8718,21.3226],[-157.8678,21.3199],[-157.8663,21.3206],[-157.8669,21.3217],[-157.8628,21.3248],[-157.863,21.327],[-157.8582,21.3309],[-157.8579,21.333],[-157.8546,21.3374],[-157.8459,21.3438],[-157.8451,21.345],[-157.8407,21.3469],[-157.8367,21.3495],[-157.8335,21.353],[-157.8284,21.357],[-157.8262,21.3598],[-157.8296,21.359],[-157.8342,21.3546],[-157.8367,21.353],[-157.8394,21.353],[-157.8441,21.3512],[-157.851,21.3477],[-157.8535,21.3459],[-157.8576,21.3449],[-157.8663,21.3406],[-157.8697,21.3363],[-157.8795,21.3269],[-157.8829,21.3202],[-157.8816,21.3203],[-157.8807,21.321],[-157.8791,21.3205],[-157.8777,21.321],[-157.8747,21.3188]]]}},{"type":"Feature","properties":{"id":193,"ahupuaa":"Waiawa","moku":"ʻEwa","acres":10138},"geometry":{"type":"Polygon","coordinates":[[[-157.8761,21.4613],[-157.8781,21.4607],[-157.8823,21.4607],[-157.8836,21.4618],[-157.8855,21.462],[-157.8874,21.4636],[-157.888,21.465],[-157.888,21.4671],[-157.889,21.4685],[-157.8897,21.4687],[-157.891,21.4721],[-157.8903,21.4755],[-157.9196,21.4703],[-157.9664,21.4609],[-157.9747,21.4537],[-157.9797,21.4504],[-157.982,21.4469],[-157.982,21.4448],[-157.9904,21.4259],[-157.9912,21.4146],[-157.9889,21.3944],[-157.9877,21.3885],[-157.9855,21.3881],[-157.9846,21.3885],[-157.9845,21.3881],[-157.9838,21.3888],[-157.9841,21.3878],[-157.9834,21.388],[-157.9829,21.3874],[-157.983,21.3906],[-157.9821,21.3909],[-157.9821,21.3889],[-157.9813,21.3873],[-157.982,21.3862],[-157.9814,21.383],[-157.9799,21.3822],[-157.9797,21.3808],[-157.9777,21.3823],[-157.9775,21.3846],[-157.9763,21.3865],[-157.9762,21.3876],[-157.9776,21.3901],[-157.977,21.3905],[-157.9751,21.3895],[-157.9743,21.3901],[-157.9746,21.391],[-157.9759,21.392],[-157.9741,21.3937],[-157.973,21.4014],[-157.9653,21.4122],[-157.9642,21.4167],[-157.962,21.4207],[-157.9629,21.4274],[-157.9616,21.4295],[-157.9589,21.4304],[-157.9559,21.4333],[-157.9512,21.434],[-157.9438,21.4336],[-157.9394,21.4344],[-157.9383,21.4348],[-157.9376,21.4362],[-157.9377,21.4376],[-157.9352,21.4391],[-157.935,21.4398],[-157.9336,21.4405],[-157.9331,21.4402],[-157.9307,21.4406],[-157.9296,21.4417],[-157.9281,21.4419],[-157.9265,21.4431],[-157.9252,21.443],[-157.9229,21.4447],[-157.9197,21.4452],[-157.919,21.4461],[-157.9158,21.4468],[-157.9127,21.4462],[-157.9087,21.4478],[-157.9065,21.4473],[-157.9054,21.4479],[-157.9041,21.4498],[-157.9029,21.4502],[-157.9003,21.4503],[-157.8991,21.4508],[-157.8973,21.4502],[-157.8945,21.4502],[-157.891,21.4511],[-157.8903,21.4521],[-157.889,21.4527],[-157.8863,21.4527],[-157.8844,21.4537],[-157.8832,21.4536],[-157.8807,21.4543],[-157.8803,21.4548],[-157.8777,21.4552],[-157.8752,21.4565],[-157.8752,21.4592],[-157.8765,21.4598],[-157.8761,21.4613]]]}},{"type":"Feature","properties":{"id":221,"ahupuaa":"Waikīkī","moku":"Kona","acres":18628},"geometry":{"type":"Polygon","coordinates":[[[-157.759,21.3319],[-157.7629,21.332],[-157.7643,21.3326],[-157.7686,21.3322],[-157.7693,21.3328],[-157.7713,21.3329],[-157.7758,21.3359],[-157.7789,21.3357],[-157.7826,21.3372],[-157.7863,21.3407],[-157.7873,21.341],[-157.7883,21.343],[-157.7883,21.3459],[-157.7889,21.3479],[-157.7885,21.349],[-157.7892,21.3501],[-157.7889,21.3533],[-157.7912,21.3519],[-157.7945,21.3507],[-157.7972,21.3481],[-157.8014,21.3457],[-157.8031,21.3453],[-157.806,21.3455],[-157.809,21.3437],[-157.8111,21.3431],[-157.8108,21.3381],[-157.8118,21.3359],[-157.8115,21.3337],[-157.8108,21.3327],[-157.8117,21.3294],[-157.8112,21.3266],[-157.8146,21.3232],[-157.8168,21.3225],[-157.8186,21.3192],[-157.8184,21.3186],[-157.8206,21.3164],[-157.8201,21.3155],[-157.8224,21.3138],[-157.8246,21.3105],[-157.8303,21.3052],[-157.8408,21.2987],[-157.8427,21.296],[-157.8464,21.2943],[-157.848,21.2906],[-157.8422,21.2889],[-157.8409,21.2889],[-157.84,21.288],[-157.8374,21.2828],[-157.8365,21.282],[-157.835,21.2787],[-157.8329,21.2774],[-157.8292,21.2764],[-157.8277,21.2765],[-157.8243,21.2743],[-157.8227,21.2714],[-157.8232,21.2712],[-157.8229,21.2683],[-157.8234,21.2684],[-157.8224,21.2656],[-157.8223,21.265],[-157.8228,21.2649],[-157.8226,21.2639],[-157.8221,21.2639],[-157.8216,21.2615],[-157.8204,21.2606],[-157.8188,21.258],[-157.8149,21.2561],[-157.8118,21.2559],[-157.8076,21.2548],[-157.7965,21.2572],[-157.7948,21.2563],[-157.7952,21.2559],[-157.7928,21.2551],[-157.7915,21.2552],[-157.7906,21.2564],[-157.7909,21.2588],[-157.781,21.2644],[-157.7799,21.2653],[-157.7771,21.2694],[-157.7748,21.2709],[-157.7725,21.2719],[-157.7688,21.2726],[-157.7664,21.2742],[-157.7623,21.276],[-157.7595,21.2758],[-157.7592,21.2759],[-157.7596,21.2764],[-157.7586,21.2768],[-157.756,21.2767],[-157.7547,21.276],[-157.752,21.2771],[-157.7481,21.2776],[-157.7431,21.2799],[-157.7369,21.2806],[-157.7308,21.2823],[-157.7313,21.2863],[-157.7302,21.2902],[-157.7302,21.2928],[-157.7295,21.2953],[-157.7306,21.298],[-157.7309,21.3031],[-157.7314,21.3047],[-157.731,21.3069],[-157.7315,21.3127],[-157.7307,21.3152],[-157.7312,21.3178],[-157.73,21.3201],[-157.7308,21.3218],[-157.7307,21.3226],[-157.7334,21.3228],[-157.7348,21.3236],[-157.7371,21.3232],[-157.7477,21.3258],[-157.7493,21.3273],[-157.7531,21.328],[-157.7554,21.3304],[-157.7575,21.3309],[-157.759,21.3319]]]}},{"type":"Feature","properties":{"id":222,"ahupuaa":"Honouliuli","moku":"ʻEwa","acres":1},"geometry":{"type":"Polygon","coordinates":[[[-157.9702,21.3264],[-157.9693,21.3263],[-157.9687,21.326],[-157.9691,21.3269],[-157.9693,21.3264],[-157.9702,21.3264]]]}},{"type":"Feature","properties":{"id":223,"ahupuaa":"Honouliuli","moku":"ʻEwa","acres":0},"geometry":{"type":"Polygon","coordinates":[[[-158.0736,21.2978],[-158.0737,21.2979],[-158.0736,21.2977],[-158.0736,21.2978]]]}},{"type":"Feature","properties":{"id":195,"ahupuaa":"Kahaluʻu","moku":"Koʻolaupoko","acres":2434},"geometry":{"type":"Polygon","coordinates":[[[-157.8143,21.4501],[-157.815,21.4526],[-157.8163,21.4547],[-157.8208,21.4525],[-157.8234,21.4525],[-157.8249,21.4532],[-157.8264,21.455],[-157.8265,21.4563],[-157.829,21.4567],[-157.8297,21.4579],[-157.8306,21.4575],[-157.8312,21.4579],[-157.8323,21.462],[-157.8328,21.4625],[-157.8337,21.4618],[-157.8338,21.461],[-157.8347,21.461],[-157.834,21.4601],[-157.8347,21.4577],[-157.837,21.4579],[-157.8377,21.4586],[-157.8378,21.4595],[-157.8389,21.4599],[-157.8401,21.459],[-157.8405,21.4554],[-157.8411,21.455],[-157.8445,21.4541],[-157.8449,21.4548],[-157.8455,21.4548],[-157.8458,21.4542],[-157.8494,21.4531],[-157.8499,21.4519],[-157.8526,21.4508],[-157.8518,21.4488],[-157.852,21.4482],[-157.8509,21.4462],[-157.8511,21.443],[-157.8524,21.4419],[-157.8568,21.4404],[-157.8606,21.4375],[-157.8628,21.4347],[-157.8622,21.4332],[-157.8604,21.4315],[-157.8602,21.4303],[-157.859,21.4297],[-157.8589,21.4283],[-157.8551,21.4274],[-157.854,21.4267],[-157.8506,21.4264],[-157.8493,21.4255],[-157.8483,21.4239],[-157.8437,21.421],[-157.8427,21.4222],[-157.8412,21.4263],[-157.8369,21.4301],[-157.8366,21.4324],[-157.8325,21.4374],[-157.8295,21.4398],[-157.8288,21.4393],[-157.8262,21.4412],[-157.8249,21.4415],[-157.8224,21.4454],[-157.8214,21.4463],[-157.8202,21.4465],[-157.8191,21.4479],[-157.8189,21.4492],[-157.8171,21.4508],[-157.8158,21.4501],[-157.8143,21.4501]]]}},{"type":"Feature","properties":{"id":196,"ahupuaa":"Waiheʻe","moku":"Koʻolaupoko","acres":1304},"geometry":{"type":"Polygon","coordinates":[[[-157.8422,21.4625],[-157.8457,21.4606],[-157.8462,21.461],[-157.85,21.4598],[-157.8534,21.4598],[-157.8566,21.4586],[-157.8594,21.4565],[-157.8607,21.4548],[-157.863,21.4537],[-157.8645,21.454],[-157.8677,21.4534],[-157.8707,21.4537],[-157.8733,21.4532],[-157.8742,21.4518],[-157.874,21.451],[-157.8748,21.4477],[-157.8746,21.4458],[-157.8739,21.4444],[-157.874,21.443],[-157.8729,21.4403],[-157.872,21.4394],[-157.8701,21.4389],[-157.8672,21.437],[-157.8636,21.436],[-157.8636,21.435],[-157.8628,21.4347],[-157.8606,21.4375],[-157.8568,21.4404],[-157.8524,21.4419],[-157.8511,21.443],[-157.8509,21.4462],[-157.852,21.4482],[-157.8518,21.4488],[-157.8526,21.4508],[-157.8499,21.4519],[-157.8494,21.4531],[-157.8458,21.4542],[-157.8455,21.4548],[-157.8449,21.4548],[-157.8445,21.4541],[-157.8405,21.4554],[-157.8401,21.459],[-157.8389,21.4599],[-157.8389,21.4604],[-157.8406,21.4602],[-157.8422,21.4625]]]}},{"type":"Feature","properties":{"id":197,"ahupuaa":"Kāneʻohe","moku":"Koʻolaupoko","acres":8138},"geometry":{"type":"Polygon","coordinates":[[[-157.7435,21.4234],[-157.7415,21.4255],[-157.7402,21.4254],[-157.74,21.4247],[-157.7391,21.4242],[-157.738,21.4256],[-157.7379,21.4284],[-157.7373,21.4286],[-157.7357,21.4334],[-157.7361,21.4376],[-157.7367,21.4388],[-157.7363,21.4443],[-157.7346,21.446],[-157.7333,21.4462],[-157.7326,21.4457],[-157.7322,21.4464],[-157.7299,21.4467],[-157.7258,21.4498],[-157.7262,21.4506],[-157.725,21.4517],[-157.7256,21.4519],[-157.7252,21.4543],[-157.7243,21.455],[-157.7234,21.4545],[-157.7222,21.4566],[-157.7221,21.4587],[-157.7226,21.4593],[-157.7256,21.4591],[-157.7288,21.4596],[-157.7298,21.4604],[-157.7305,21.4602],[-157.733,21.459],[-157.736,21.4565],[-157.739,21.4559],[-157.7398,21.4544],[-157.7427,21.4535],[-157.7471,21.4539],[-157.7526,21.4558],[-157.7529,21.4563],[-157.7554,21.4567],[-157.7542,21.4526],[-157.7729,21.4438],[-157.7692,21.4437],[-157.7678,21.4441],[-157.7658,21.4455],[-157.7649,21.447],[-157.7642,21.4472],[-157.7637,21.4468],[-157.764,21.4457],[-157.7631,21.4442],[-157.763,21.4424],[-157.7588,21.4408],[-157.7561,21.4383],[-157.7556,21.4371],[-157.7529,21.4386],[-157.7532,21.4408],[-157.7518,21.4425],[-157.7501,21.4435],[-157.7521,21.441],[-157.7512,21.4401],[-157.751,21.4384],[-157.7502,21.4391],[-157.749,21.4393],[-157.7466,21.4383],[-157.7493,21.4383],[-157.7512,21.4354],[-157.7477,21.4361],[-157.7421,21.433],[-157.7402,21.434],[-157.7393,21.4339],[-157.7387,21.4329],[-157.7388,21.4314],[-157.7408,21.4303],[-157.7414,21.4302],[-157.7417,21.4309],[-157.7436,21.4299],[-157.7451,21.4307],[-157.7473,21.4308],[-157.7478,21.4314],[-157.7489,21.431],[-157.7499,21.4314],[-157.7527,21.4302],[-157.7567,21.43],[-157.763,21.4279],[-157.7653,21.4255],[-157.7642,21.4214],[-157.7649,21.4197],[-157.7664,21.4185],[-157.7661,21.4157],[-157.7668,21.4156],[-157.7677,21.4143],[-157.7713,21.4144],[-157.7718,21.4121],[-157.773,21.4114],[-157.7758,21.4113],[-157.7779,21.4119],[-157.7796,21.4116],[-157.7798,21.4107],[-157.7807,21.4103],[-157.7834,21.4103],[-157.7848,21.4111],[-157.7856,21.411],[-157.7844,21.4126],[-157.7857,21.4126],[-157.7877,21.4148],[-157.7887,21.4149],[-157.789,21.4177],[-157.7904,21.418],[-157.7904,21.4173],[-157.7909,21.4172],[-157.7921,21.4182],[-157.7886,21.4216],[-157.7888,21.4225],[-157.7904,21.4226],[-157.7916,21.4245],[-157.7919,21.4252],[-157.7916,21.4284],[-157.793,21.4275],[-157.7936,21.4226],[-157.7978,21.4225],[-157.8019,21.4185],[-157.8021,21.4177],[-157.8208,21.4061],[-157.8203,21.405],[-157.8207,21.4036],[-157.8223,21.4012],[-157.8221,21.3973],[-157.8238,21.3963],[-157.8255,21.3924],[-157.8247,21.3903],[-157.8253,21.3885],[-157.8242,21.3874],[-157.8238,21.3853],[-157.8224,21.3835],[-157.8205,21.383],[-157.8163,21.3807],[-157.8127,21.378],[-157.8107,21.3754],[-157.8105,21.3706],[-157.8094,21.3695],[-157.808,21.3692],[-157.8065,21.3681],[-157.7982,21.3684],[-157.7941,21.3674],[-157.7937,21.3667],[-157.7927,21.367],[-157.7928,21.3667],[-157.7909,21.3659],[-157.7883,21.3623],[-157.7868,21.3676],[-157.7855,21.3687],[-157.784,21.369],[-157.7823,21.373],[-157.7801,21.3735],[-157.7806,21.3757],[-157.7795,21.3774],[-157.7797,21.3787],[-157.7804,21.379],[-157.7794,21.38],[-157.779,21.3818],[-157.7806,21.3822],[-157.7813,21.3837],[-157.7821,21.3843],[-157.783,21.387],[-157.7823,21.3907],[-157.7809,21.3941],[-157.7788,21.3972],[-157.7796,21.3999],[-157.7791,21.4023],[-157.7775,21.4037],[-157.7722,21.4044],[-157.7672,21.4071],[-157.7655,21.4102],[-157.7619,21.41],[-157.7608,21.4108],[-157.7601,21.4123],[-157.7591,21.4123],[-157.7585,21.4148],[-157.7574,21.4167],[-157.7516,21.4185],[-157.7435,21.4234]]]}},{"type":"Feature","properties":{"id":198,"ahupuaa":"Waimano","moku":"ʻEwa","acres":3057},"geometry":{"type":"Polygon","coordinates":[[[-157.8733,21.4532],[-157.8738,21.4537],[-157.8738,21.4551],[-157.8752,21.4565],[-157.8777,21.4552],[-157.8803,21.4548],[-157.8807,21.4543],[-157.8821,21.4541],[-157.8828,21.4524],[-157.8862,21.4508],[-157.8951,21.4477],[-157.9013,21.4469],[-157.9038,21.4447],[-157.9074,21.4436],[-157.9085,21.4426],[-157.9105,21.4423],[-157.9129,21.4403],[-157.9144,21.4402],[-157.9153,21.4395],[-157.917,21.4395],[-157.918,21.4382],[-157.919,21.4387],[-157.9201,21.4383],[-157.9205,21.4376],[-157.9226,21.4372],[-157.9232,21.4358],[-157.9263,21.4354],[-157.9324,21.4316],[-157.9346,21.4314],[-157.9366,21.4298],[-157.9385,21.4299],[-157.9431,21.4291],[-157.9457,21.4276],[-157.9475,21.4248],[-157.9531,21.4201],[-157.958,21.4143],[-157.9609,21.4068],[-157.9672,21.399],[-157.9689,21.3933],[-157.9695,21.393],[-157.9697,21.391],[-157.9709,21.3897],[-157.97,21.386],[-157.9683,21.3872],[-157.9653,21.387],[-157.965,21.3876],[-157.9632,21.3876],[-157.9637,21.39],[-157.9625,21.3941],[-157.9597,21.3968],[-157.9537,21.4042],[-157.9519,21.4078],[-157.9511,21.4084],[-157.9504,21.4105],[-157.9487,21.4117],[-157.9477,21.4141],[-157.9451,21.415],[-157.934,21.4242],[-157.9319,21.4256],[-157.9219,21.4288],[-157.9201,21.4284],[-157.919,21.4288],[-157.9175,21.4283],[-157.9147,21.4288],[-157.9124,21.4283],[-157.9105,21.4287],[-157.9077,21.4313],[-157.9053,21.4324],[-157.9038,21.4324],[-157.9021,21.4331],[-157.8998,21.435],[-157.8971,21.4362],[-157.8894,21.4385],[-157.8888,21.4393],[-157.886,21.4403],[-157.8796,21.4413],[-157.876,21.4435],[-157.8741,21.4436],[-157.8739,21.4444],[-157.8746,21.4458],[-157.8748,21.448],[-157.874,21.451],[-157.8742,21.4518],[-157.8733,21.4532]]]}},{"type":"Feature","properties":{"id":199,"ahupuaa":"Mānana","moku":"ʻEwa","acres":2417},"geometry":{"type":"Polygon","coordinates":[[[-157.8822,21.454],[-157.8844,21.4537],[-157.8868,21.4526],[-157.889,21.4527],[-157.8903,21.4521],[-157.891,21.4511],[-157.8945,21.4502],[-157.8973,21.4502],[-157.8985,21.4508],[-157.9029,21.4502],[-157.9041,21.4498],[-157.9054,21.4479],[-157.9065,21.4473],[-157.9087,21.4478],[-157.9127,21.4462],[-157.9158,21.4468],[-157.919,21.4461],[-157.9197,21.4452],[-157.9229,21.4447],[-157.9252,21.443],[-157.9265,21.4431],[-157.9281,21.4419],[-157.9296,21.4417],[-157.9307,21.4406],[-157.9331,21.4402],[-157.9336,21.4405],[-157.935,21.4398],[-157.9352,21.4391],[-157.9377,21.4376],[-157.9376,21.4362],[-157.9383,21.4348],[-157.9438,21.4336],[-157.9512,21.434],[-157.9552,21.4335],[-157.9589,21.4304],[-157.9616,21.4295],[-157.9629,21.4274],[-157.962,21.4207],[-157.9642,21.4167],[-157.9653,21.4122],[-157.973,21.4014],[-157.9741,21.3937],[-157.9759,21.392],[-157.9746,21.391],[-157.9743,21.3901],[-157.9751,21.3895],[-157.977,21.3905],[-157.9776,21.3901],[-157.9762,21.3876],[-157.9773,21.3841],[-157.9774,21.3807],[-157.9754,21.3765],[-157.9762,21.3751],[-157.9755,21.3749],[-157.9739,21.3723],[-157.9723,21.3712],[-157.9707,21.371],[-157.9685,21.3711],[-157.9681,21.372],[-157.9682,21.3739],[-157.9676,21.3745],[-157.9682,21.3752],[-157.9704,21.3824],[-157.97,21.386],[-157.9709,21.3897],[-157.9697,21.391],[-157.9695,21.393],[-157.9689,21.3933],[-157.9672,21.399],[-157.9609,21.4068],[-157.958,21.4143],[-157.9531,21.4201],[-157.9475,21.4248],[-157.9457,21.4276],[-157.9431,21.4291],[-157.9385,21.4299],[-157.9366,21.4298],[-157.9346,21.4314],[-157.9324,21.4316],[-157.9263,21.4354],[-157.9232,21.4358],[-157.9226,21.4372],[-157.9205,21.4376],[-157.9201,21.4383],[-157.919,21.4387],[-157.918,21.4382],[-157.917,21.4395],[-157.9153,21.4395],[-157.9144,21.4402],[-157.9129,21.4403],[-157.9105,21.4423],[-157.9085,21.4426],[-157.9074,21.4436],[-157.9029,21.4452],[-157.9006,21.4472],[-157.8951,21.4477],[-157.8862,21.4508],[-157.8828,21.4524],[-157.8822,21.454]]]}},{"type":"Feature","properties":{"id":200,"ahupuaa":"Hōʻaeʻae","moku":"ʻEwa","acres":3286},"geometry":{"type":"Polygon","coordinates":[[[-158.0162,21.3785],[-158.0314,21.4185],[-158.0358,21.4259],[-158.0389,21.4378],[-158.044,21.4459],[-158.0465,21.4527],[-158.0581,21.4409],[-158.0596,21.4391],[-158.0595,21.4385],[-158.0549,21.4268],[-158.0471,21.4164],[-158.0331,21.3849],[-158.0201,21.3689],[-158.0215,21.3731],[-158.0211,21.375],[-158.0206,21.3757],[-158.0179,21.3756],[-158.0162,21.3785]]]}},{"type":"Feature","properties":{"id":201,"ahupuaa":"Heʻeia","moku":"Koʻolaupoko","acres":3718},"geometry":{"type":"Polygon","coordinates":[[[-157.8143,21.4501],[-157.8158,21.4501],[-157.8171,21.4508],[-157.8189,21.4492],[-157.8191,21.4479],[-157.8202,21.4465],[-157.8214,21.4463],[-157.8224,21.4454],[-157.8249,21.4415],[-157.8262,21.4412],[-157.8288,21.4393],[-157.8295,21.4398],[-157.8325,21.4374],[-157.8366,21.4324],[-157.8369,21.4301],[-157.8412,21.4263],[-157.8427,21.4222],[-157.8437,21.421],[-157.8401,21.4184],[-157.8381,21.418],[-157.8379,21.4145],[-157.8375,21.4136],[-157.8365,21.4132],[-157.8364,21.4127],[-157.8383,21.4114],[-157.8394,21.4099],[-157.8389,21.4091],[-157.8394,21.4076],[-157.8389,21.4064],[-157.8396,21.4053],[-157.8397,21.4038],[-157.8385,21.402],[-157.8386,21.4014],[-157.836,21.3998],[-157.8343,21.4],[-157.8314,21.3993],[-157.8299,21.3985],[-157.8294,21.397],[-157.8282,21.3963],[-157.8241,21.3958],[-157.823,21.397],[-157.8221,21.3973],[-157.8223,21.4012],[-157.8207,21.4036],[-157.8203,21.405],[-157.8208,21.4061],[-157.8021,21.4177],[-157.8019,21.4185],[-157.7978,21.4225],[-157.7936,21.4226],[-157.793,21.4275],[-157.7916,21.4284],[-157.7921,21.4288],[-157.7952,21.429],[-157.7945,21.4264],[-157.7948,21.4255],[-157.7961,21.4247],[-157.7982,21.4251],[-157.7993,21.4238],[-157.8007,21.4247],[-157.8017,21.4263],[-157.8033,21.4266],[-157.8053,21.43],[-157.8079,21.432],[-157.8106,21.4368],[-157.8121,21.4369],[-157.8112,21.4377],[-157.8106,21.4395],[-157.8099,21.44],[-157.8087,21.44],[-157.8086,21.4415],[-157.8075,21.4417],[-157.8073,21.4424],[-157.8075,21.4429],[-157.8088,21.443],[-157.8099,21.4419],[-157.8111,21.4423],[-157.8143,21.4486],[-157.8143,21.4501]]]}},{"type":"Feature","properties":{"id":202,"ahupuaa":"Waiau","moku":"ʻEwa","acres":2314},"geometry":{"type":"Polygon","coordinates":[[[-157.8741,21.4436],[-157.876,21.4435],[-157.8796,21.4413],[-157.886,21.4403],[-157.8888,21.4393],[-157.8894,21.4385],[-157.8971,21.4362],[-157.8998,21.435],[-157.9021,21.4331],[-157.9038,21.4324],[-157.9053,21.4324],[-157.9077,21.4313],[-157.9105,21.4287],[-157.9124,21.4283],[-157.9147,21.4288],[-157.9175,21.4283],[-157.919,21.4288],[-157.9201,21.4284],[-157.9219,21.4288],[-157.9319,21.4256],[-157.9451,21.415],[-157.9477,21.4141],[-157.9487,21.4117],[-157.9504,21.4105],[-157.9511,21.4084],[-157.9519,21.4078],[-157.9537,21.4042],[-157.9597,21.3968],[-157.9625,21.3941],[-157.9637,21.39],[-157.9632,21.3876],[-157.9621,21.3872],[-157.9599,21.3875],[-157.9584,21.3866],[-157.9576,21.385],[-157.9562,21.3875],[-157.9545,21.3877],[-157.9545,21.3891],[-157.9511,21.3979],[-157.9511,21.4002],[-157.9505,21.4018],[-157.9484,21.4032],[-157.9475,21.4066],[-157.9452,21.4088],[-157.9403,21.4104],[-157.9317,21.4149],[-157.9307,21.4144],[-157.9293,21.4148],[-157.9276,21.4142],[-157.9262,21.4148],[-157.9247,21.4164],[-157.9182,21.4176],[-157.9147,21.4187],[-157.9138,21.4195],[-157.9092,21.42],[-157.9076,21.4207],[-157.906,21.4222],[-157.9027,21.4235],[-157.9023,21.4242],[-157.9001,21.4246],[-157.8979,21.4265],[-157.8947,21.4271],[-157.8938,21.4279],[-157.8931,21.4275],[-157.8902,21.4279],[-157.8899,21.4284],[-157.8907,21.4305],[-157.8875,21.4345],[-157.886,21.4349],[-157.8845,21.4362],[-157.8833,21.4357],[-157.8803,21.4365],[-157.8796,21.4373],[-157.877,21.4379],[-157.8756,21.4392],[-157.873,21.4405],[-157.8741,21.4436]]]}},{"type":"Feature","properties":{"id":203,"ahupuaa":"Waimalu","moku":"ʻEwa","acres":4840},"geometry":{"type":"Polygon","coordinates":[[[-157.8628,21.4347],[-157.8636,21.435],[-157.8636,21.436],[-157.8672,21.437],[-157.8701,21.4389],[-157.872,21.4394],[-157.8732,21.4405],[-157.877,21.4379],[-157.8796,21.4373],[-157.8803,21.4365],[-157.8833,21.4357],[-157.8845,21.4362],[-157.886,21.4349],[-157.8875,21.4345],[-157.8907,21.4305],[-157.8899,21.4284],[-157.8902,21.4279],[-157.8912,21.428],[-157.8921,21.4275],[-157.8938,21.4279],[-157.8947,21.4271],[-157.8979,21.4265],[-157.9001,21.4246],[-157.9023,21.4242],[-157.9027,21.4235],[-157.906,21.4222],[-157.9076,21.4207],[-157.9092,21.42],[-157.9138,21.4195],[-157.9147,21.4187],[-157.9182,21.4176],[-157.9247,21.4164],[-157.9262,21.4148],[-157.9276,21.4142],[-157.9293,21.4148],[-157.9307,21.4144],[-157.9317,21.4149],[-157.9403,21.4104],[-157.9452,21.4088],[-157.9475,21.4066],[-157.9484,21.4032],[-157.9505,21.4018],[-157.9511,21.4002],[-157.9511,21.3979],[-157.9545,21.3891],[-157.9545,21.3877],[-157.9562,21.3875],[-157.9576,21.385],[-157.9545,21.3835],[-157.953,21.3821],[-157.9528,21.3825],[-157.9536,21.3838],[-157.9523,21.3824],[-157.9524,21.3842],[-157.952,21.3843],[-157.948,21.3818],[-157.9444,21.3882],[-157.9374,21.3941],[-157.9358,21.3944],[-157.929,21.3977],[-157.9266,21.3981],[-157.9245,21.3993],[-157.9169,21.3992],[-157.9158,21.4],[-157.9132,21.4005],[-157.9106,21.4034],[-157.9103,21.4062],[-157.9037,21.4093],[-157.9008,21.4116],[-157.8961,21.4118],[-157.8914,21.414],[-157.89,21.4152],[-157.8866,21.4157],[-157.8845,21.4173],[-157.8834,21.4175],[-157.8741,21.4156],[-157.8716,21.4165],[-157.8694,21.4165],[-157.8685,21.4178],[-157.8663,21.4192],[-157.8583,21.4217],[-157.857,21.4233],[-157.8552,21.424],[-157.8531,21.424],[-157.8496,21.4256],[-157.8506,21.4264],[-157.854,21.4267],[-157.8551,21.4274],[-157.8589,21.4283],[-157.859,21.4297],[-157.8602,21.4303],[-157.8604,21.4315],[-157.8622,21.4332],[-157.8628,21.4347]]]}},{"type":"Feature","properties":{"id":204,"ahupuaa":"Kalauao","moku":"ʻEwa","acres":2707},"geometry":{"type":"Polygon","coordinates":[[[-157.8433,21.4205],[-157.8483,21.4239],[-157.8496,21.4256],[-157.8531,21.424],[-157.8552,21.424],[-157.857,21.4233],[-157.8583,21.4217],[-157.8663,21.4192],[-157.8685,21.4178],[-157.8694,21.4165],[-157.8716,21.4165],[-157.8741,21.4156],[-157.8834,21.4175],[-157.8845,21.4173],[-157.8866,21.4157],[-157.89,21.4152],[-157.8914,21.414],[-157.8961,21.4118],[-157.9008,21.4116],[-157.9037,21.4093],[-157.9103,21.4062],[-157.9106,21.4034],[-157.9132,21.4005],[-157.9158,21.4],[-157.9169,21.3992],[-157.9245,21.3993],[-157.9266,21.3981],[-157.929,21.3977],[-157.9358,21.3944],[-157.9374,21.3941],[-157.9444,21.3882],[-157.948,21.3818],[-157.9467,21.3812],[-157.9461,21.3827],[-157.944,21.3807],[-157.9441,21.3799],[-157.9399,21.3802],[-157.9438,21.3795],[-157.9427,21.3775],[-157.9429,21.3757],[-157.9408,21.3744],[-157.9405,21.3757],[-157.9385,21.3761],[-157.9377,21.377],[-157.9369,21.3767],[-157.9342,21.3812],[-157.9065,21.3987],[-157.9051,21.3988],[-157.9037,21.3999],[-157.9002,21.4011],[-157.8966,21.402],[-157.8947,21.402],[-157.8915,21.4034],[-157.8879,21.4037],[-157.8871,21.4042],[-157.8862,21.4038],[-157.8831,21.4058],[-157.8802,21.4063],[-157.8771,21.4081],[-157.8718,21.4093],[-157.8699,21.4106],[-157.8676,21.4131],[-157.8651,21.4136],[-157.8628,21.4153],[-157.8613,21.4157],[-157.8562,21.4157],[-157.8533,21.4172],[-157.8517,21.4173],[-157.8462,21.4206],[-157.8458,21.4202],[-157.8439,21.4201],[-157.8433,21.4205]]]}},{"type":"Feature","properties":{"id":205,"ahupuaa":"Kailua","moku":"Koʻolaupoko","acres":11323},"geometry":{"type":"Polygon","coordinates":[[[-157.7061,21.3804],[-157.7086,21.3815],[-157.7089,21.383],[-157.7106,21.3856],[-157.7116,21.3882],[-157.7166,21.3936],[-157.7204,21.3962],[-157.7217,21.3957],[-157.7228,21.3959],[-157.7271,21.3985],[-157.733,21.3996],[-157.7373,21.4028],[-157.7397,21.4057],[-157.7425,21.4114],[-157.7444,21.4178],[-157.7448,21.4207],[-157.7445,21.4224],[-157.7437,21.4225],[-157.7435,21.4234],[-157.7516,21.4185],[-157.7574,21.4167],[-157.7585,21.4148],[-157.7591,21.4123],[-157.7601,21.4123],[-157.7608,21.4108],[-157.7619,21.41],[-157.7655,21.4102],[-157.7672,21.4071],[-157.7722,21.4044],[-157.7775,21.4037],[-157.7791,21.4023],[-157.7796,21.3999],[-157.7788,21.3972],[-157.7809,21.3941],[-157.7823,21.3907],[-157.783,21.387],[-157.7821,21.3843],[-157.7813,21.3837],[-157.7806,21.3822],[-157.779,21.3818],[-157.7794,21.38],[-157.7804,21.379],[-157.7797,21.3787],[-157.7796,21.3767],[-157.7806,21.3757],[-157.7801,21.3735],[-157.7823,21.373],[-157.784,21.369],[-157.7855,21.3687],[-157.7868,21.3676],[-157.7876,21.3658],[-157.7874,21.3646],[-157.7883,21.3623],[-157.7878,21.3558],[-157.7881,21.3541],[-157.7889,21.3533],[-157.7892,21.3508],[-157.7885,21.349],[-157.7889,21.3479],[-157.7883,21.3459],[-157.7883,21.343],[-157.7873,21.341],[-157.7863,21.3407],[-157.7847,21.3388],[-157.7838,21.3386],[-157.7826,21.3372],[-157.7807,21.3362],[-157.7789,21.3357],[-157.7758,21.3359],[-157.7713,21.3329],[-157.7693,21.3328],[-157.7686,21.3322],[-157.7643,21.3326],[-157.7629,21.332],[-157.7592,21.3318],[-157.7583,21.3336],[-157.7564,21.3353],[-157.7555,21.339],[-157.7539,21.3409],[-157.7517,21.3419],[-157.7508,21.3452],[-157.7485,21.3487],[-157.7488,21.351],[-157.7478,21.3546],[-157.7448,21.3548],[-157.7433,21.3542],[-157.7414,21.355],[-157.7401,21.3547],[-157.7383,21.3556],[-157.7354,21.3553],[-157.7356,21.3574],[-157.7328,21.3605],[-157.7329,21.3621],[-157.7312,21.3631],[-157.7323,21.3644],[-157.7314,21.3653],[-157.7314,21.3667],[-157.7302,21.3687],[-157.7294,21.3692],[-157.7284,21.3691],[-157.7271,21.3679],[-157.725,21.3677],[-157.7227,21.3685],[-157.7204,21.3686],[-157.7199,21.3711],[-157.7206,21.3728],[-157.719,21.3748],[-157.7191,21.3753],[-157.72,21.3755],[-157.7196,21.3809],[-157.7176,21.3791],[-157.7134,21.3788],[-157.7109,21.3797],[-157.7088,21.3794],[-157.7061,21.3804]]]}},{"type":"Feature","properties":{"id":206,"ahupuaa":"Kāneʻohe","moku":"Koʻolaupoko","acres":0},"geometry":{"type":"Polygon","coordinates":[[[-157.7886,21.4232],[-157.7882,21.4229],[-157.7884,21.4233],[-157.7886,21.4232]]]}},{"type":"Feature","properties":{"id":207,"ahupuaa":"Hālawa","moku":"ʻEwa","acres":8647},"geometry":{"type":"Polygon","coordinates":[[[-157.8433,21.4205],[-157.8445,21.4201],[-157.8462,21.4206],[-157.8517,21.4173],[-157.8533,21.4172],[-157.8562,21.4157],[-157.8613,21.4157],[-157.8628,21.4153],[-157.8651,21.4136],[-157.8676,21.4131],[-157.8699,21.4106],[-157.8718,21.4093],[-157.8771,21.4081],[-157.8802,21.4063],[-157.8825,21.4058],[-157.8821,21.4049],[-157.8828,21.4042],[-157.8826,21.4032],[-157.8843,21.4015],[-157.8881,21.4008],[-157.8898,21.3994],[-157.8902,21.3981],[-157.8939,21.3962],[-157.8972,21.3931],[-157.9006,21.3926],[-157.9145,21.3836],[-157.9351,21.3729],[-157.9361,21.3701],[-157.9383,21.3663],[-157.937,21.3634],[-157.9381,21.3647],[-157.9395,21.364],[-157.9387,21.3641],[-157.9384,21.3637],[-157.9387,21.3634],[-157.9381,21.3629],[-157.9382,21.3613],[-157.944,21.3543],[-157.9438,21.3534],[-157.9426,21.3538],[-157.9423,21.353],[-157.9415,21.3541],[-157.9404,21.3539],[-157.9385,21.3522],[-157.9421,21.3513],[-157.9437,21.3515],[-157.9429,21.3494],[-157.9433,21.349],[-157.9448,21.3503],[-157.9459,21.3505],[-157.9462,21.3511],[-157.9486,21.3508],[-157.9486,21.3519],[-157.9496,21.3524],[-157.9508,21.3521],[-157.9514,21.353],[-157.9523,21.3517],[-157.9537,21.3513],[-157.9536,21.3528],[-157.9524,21.3546],[-157.9545,21.3553],[-157.9545,21.3547],[-157.9551,21.3547],[-157.9551,21.3536],[-157.9558,21.3534],[-157.9562,21.3541],[-157.9566,21.3518],[-157.9558,21.3513],[-157.9558,21.3508],[-157.9564,21.3503],[-157.9574,21.3513],[-157.9578,21.3506],[-157.9586,21.3504],[-157.9602,21.3513],[-157.9626,21.3513],[-157.9629,21.3518],[-157.9646,21.3515],[-157.965,21.3509],[-157.9657,21.3509],[-157.9658,21.3504],[-157.9666,21.3503],[-157.9668,21.3496],[-157.9685,21.3489],[-157.9686,21.3482],[-157.9683,21.3476],[-157.9679,21.3478],[-157.9674,21.3462],[-157.9651,21.3466],[-157.9651,21.3461],[-157.9663,21.3455],[-157.9655,21.345],[-157.9658,21.3447],[-157.9652,21.3441],[-157.9651,21.3438],[-157.9653,21.3435],[-157.9652,21.3431],[-157.9645,21.3432],[-157.9652,21.3425],[-157.965,21.3415],[-157.9646,21.3418],[-157.9642,21.3408],[-157.9652,21.3406],[-157.9684,21.3366],[-157.9688,21.3311],[-157.9677,21.331],[-157.9664,21.3301],[-157.9643,21.3307],[-157.9648,21.3298],[-157.9643,21.3284],[-157.9648,21.3268],[-157.963,21.3234],[-157.962,21.3199],[-157.9591,21.3176],[-157.9575,21.3173],[-157.9564,21.3165],[-157.9522,21.3169],[-157.9495,21.3163],[-157.9476,21.3167],[-157.9462,21.3272],[-157.9491,21.3363],[-157.9418,21.3427],[-157.9414,21.3439],[-157.9395,21.3447],[-157.9238,21.3584],[-157.919,21.364],[-157.9073,21.3663],[-157.9058,21.3675],[-157.8994,21.3704],[-157.8883,21.3749],[-157.885,21.3754],[-157.8814,21.3772],[-157.8795,21.3776],[-157.8771,21.3789],[-157.876,21.3802],[-157.875,21.3801],[-157.874,21.3814],[-157.8713,21.3829],[-157.8703,21.3842],[-157.8656,21.3874],[-157.8617,21.3881],[-157.8601,21.3892],[-157.858,21.3897],[-157.8566,21.3915],[-157.855,21.3916],[-157.8546,21.3935],[-157.854,21.3937],[-157.8525,21.396],[-157.8503,21.3977],[-157.8461,21.3988],[-157.8449,21.3996],[-157.8422,21.3997],[-157.8409,21.4008],[-157.8385,21.4008],[-157.8385,21.402],[-157.8397,21.4038],[-157.8396,21.4053],[-157.8389,21.4064],[-157.8394,21.4073],[-157.8389,21.4091],[-157.8394,21.4099],[-157.8383,21.4114],[-157.8364,21.4127],[-157.8365,21.4132],[-157.8375,21.4136],[-157.8379,21.4145],[-157.8381,21.418],[-157.8401,21.4184],[-157.8433,21.4205]]]}},{"type":"Feature","properties":{"id":208,"ahupuaa":"Nānākuli","moku":"Waiʻanae","acres":3464},"geometry":{"type":"Polygon","coordinates":[[[-158.1013,21.4133],[-158.1098,21.4142],[-158.1165,21.4141],[-158.1206,21.4133],[-158.1258,21.4108],[-158.1268,21.4067],[-158.1282,21.4046],[-158.1322,21.4021],[-158.1332,21.3985],[-158.1345,21.396],[-158.1394,21.3911],[-158.1437,21.388],[-158.1481,21.3832],[-158.1471,21.3818],[-158.1464,21.3793],[-158.1448,21.3786],[-158.1437,21.3774],[-158.1429,21.3774],[-158.1418,21.3759],[-158.1411,21.3746],[-158.1415,21.3733],[-158.1411,21.372],[-158.1392,21.3723],[-158.1379,21.3708],[-158.1382,21.3699],[-158.1378,21.3699],[-158.1378,21.3692],[-158.1358,21.369],[-158.1246,21.3792],[-158.1213,21.3813],[-158.1169,21.382],[-158.1147,21.3811],[-158.1088,21.3834],[-158.1069,21.3855],[-158.105,21.3867],[-158.1039,21.3879],[-158.1044,21.3906],[-158.1039,21.3914],[-158.1039,21.3927],[-158.1045,21.3939],[-158.1024,21.3953],[-158.1008,21.3973],[-158.0999,21.4004],[-158.0983,21.4008],[-158.0977,21.4037],[-158.0988,21.4093],[-158.0985,21.4102],[-158.1,21.4114],[-158.1002,21.4126],[-158.1013,21.4133]]]}},{"type":"Feature","properties":{"id":211,"ahupuaa":"Kalihi","moku":"Kona","acres":3978},"geometry":{"type":"Polygon","coordinates":[[[-157.8097,21.3698],[-157.8105,21.3706],[-157.8107,21.3754],[-157.8142,21.3793],[-157.8205,21.383],[-157.8224,21.3835],[-157.8238,21.3854],[-157.8256,21.3836],[-157.8271,21.3835],[-157.8293,21.3809],[-157.8337,21.3793],[-157.8365,21.3769],[-157.8365,21.3761],[-157.8377,21.3747],[-157.8402,21.373],[-157.8458,21.371],[-157.8521,21.3676],[-157.8543,21.3656],[-157.8566,21.3641],[-157.858,21.3638],[-157.8602,21.3621],[-157.8601,21.3599],[-157.8626,21.3574],[-157.8659,21.3512],[-157.8672,21.35],[-157.8823,21.3422],[-157.8805,21.3405],[-157.887,21.3362],[-157.8864,21.3362],[-157.8882,21.335],[-157.8891,21.3334],[-157.8893,21.3326],[-157.8867,21.3333],[-157.8856,21.3346],[-157.8852,21.3347],[-157.8869,21.3331],[-157.8869,21.3324],[-157.8857,21.3318],[-157.8859,21.3304],[-157.8869,21.33],[-157.8874,21.3277],[-157.8889,21.3252],[-157.8905,21.324],[-157.8907,21.321],[-157.8894,21.3218],[-157.8878,21.3219],[-157.8858,21.3202],[-157.8852,21.32],[-157.8836,21.3206],[-157.8829,21.3202],[-157.8795,21.3269],[-157.8697,21.3363],[-157.8663,21.3406],[-157.8576,21.3449],[-157.8535,21.3459],[-157.851,21.3477],[-157.8441,21.3512],[-157.8394,21.353],[-157.8367,21.353],[-157.8342,21.3546],[-157.8296,21.359],[-157.8255,21.36],[-157.8212,21.3627],[-157.8193,21.363],[-157.8114,21.3679],[-157.8097,21.3698]]]}},{"type":"Feature","properties":{"id":212,"ahupuaa":"Kahauiki","moku":"Kona","acres":1314},"geometry":{"type":"Polygon","coordinates":[[[-157.8365,21.3769],[-157.8421,21.3742],[-157.8442,21.374],[-157.8448,21.3744],[-157.8456,21.3739],[-157.8484,21.3737],[-157.8495,21.3724],[-157.853,21.3711],[-157.8555,21.369],[-157.86,21.3681],[-157.8656,21.3649],[-157.8672,21.3645],[-157.872,21.3613],[-157.8756,21.3578],[-157.8825,21.3551],[-157.89,21.346],[-157.8906,21.3392],[-157.8884,21.3369],[-157.8882,21.335],[-157.8805,21.3405],[-157.8823,21.3422],[-157.871,21.3478],[-157.8664,21.3506],[-157.8626,21.3574],[-157.8601,21.3599],[-157.8602,21.3621],[-157.858,21.3638],[-157.8566,21.3641],[-157.8543,21.3656],[-157.8521,21.3676],[-157.8458,21.371],[-157.8402,21.373],[-157.8373,21.3751],[-157.8365,21.3761],[-157.8365,21.3769]]]}},{"type":"Feature","properties":{"id":213,"ahupuaa":"Honolulu","moku":"Kona","acres":8310},"geometry":{"type":"Polygon","coordinates":[[[-157.7883,21.3623],[-157.7909,21.3659],[-157.7928,21.3667],[-157.7927,21.367],[-157.7937,21.3667],[-157.7941,21.3674],[-157.7982,21.3684],[-157.8065,21.3681],[-157.8097,21.3698],[-157.8114,21.3679],[-157.8139,21.3662],[-157.8193,21.363],[-157.8212,21.3627],[-157.8262,21.3598],[-157.8284,21.357],[-157.8335,21.353],[-157.8367,21.3495],[-157.8407,21.3469],[-157.8451,21.345],[-157.8459,21.3438],[-157.8546,21.3374],[-157.8579,21.333],[-157.8582,21.3309],[-157.863,21.327],[-157.8628,21.3248],[-157.8669,21.3217],[-157.8663,21.3206],[-157.8678,21.3199],[-157.8718,21.3226],[-157.8729,21.3219],[-157.8747,21.3188],[-157.8733,21.3178],[-157.8727,21.3135],[-157.8703,21.3132],[-157.8674,21.3141],[-157.8661,21.3154],[-157.8642,21.3147],[-157.8652,21.3113],[-157.8648,21.3108],[-157.865,21.3101],[-157.8645,21.3099],[-157.8648,21.3094],[-157.8618,21.3054],[-157.8621,21.303],[-157.8624,21.3032],[-157.8636,21.3017],[-157.863,21.2989],[-157.8613,21.2967],[-157.8558,21.294],[-157.8534,21.2922],[-157.8496,21.2916],[-157.848,21.2906],[-157.8464,21.2943],[-157.8427,21.296],[-157.8408,21.2987],[-157.8303,21.3052],[-157.8246,21.3105],[-157.8224,21.3138],[-157.8201,21.3155],[-157.8206,21.3164],[-157.8184,21.3186],[-157.8186,21.3192],[-157.8168,21.3225],[-157.8146,21.3232],[-157.8112,21.3266],[-157.8117,21.3294],[-157.8108,21.3327],[-157.8115,21.3337],[-157.8118,21.3359],[-157.8108,21.3381],[-157.8111,21.3431],[-157.809,21.3437],[-157.806,21.3455],[-157.8031,21.3453],[-157.8014,21.3457],[-157.7972,21.3481],[-157.7935,21.3513],[-157.7912,21.3519],[-157.7887,21.3533],[-157.7878,21.3558],[-157.7883,21.3623]]]}},{"type":"Feature","properties":{"id":214,"ahupuaa":"N/A","moku":"ʻEwa","acres":346},"geometry":{"type":"Polygon","coordinates":[[[-157.9622,21.3673],[-157.964,21.3654],[-157.9664,21.3652],[-157.9692,21.3601],[-157.969,21.3594],[-157.9673,21.3584],[-157.9665,21.3572],[-157.9665,21.3549],[-157.9617,21.3562],[-157.9599,21.3582],[-157.9612,21.3596],[-157.9609,21.3601],[-157.9604,21.3599],[-157.9603,21.3606],[-157.9609,21.361],[-157.9607,21.3613],[-157.9597,21.3608],[-157.96,21.3613],[-157.959,21.3615],[-157.9593,21.3622],[-157.959,21.3628],[-157.9559,21.3627],[-157.9561,21.3614],[-157.9551,21.3624],[-157.9554,21.3622],[-157.9558,21.3628],[-157.9548,21.3631],[-157.9533,21.3625],[-157.9527,21.3638],[-157.9521,21.3638],[-157.9511,21.3652],[-157.9507,21.3676],[-157.9523,21.3677],[-157.9525,21.367],[-157.955,21.3672],[-157.956,21.3676],[-157.957,21.3694],[-157.9579,21.3686],[-157.9604,21.3684],[-157.9622,21.3673]]]}},{"type":"Feature","properties":{"id":215,"ahupuaa":"N/A","moku":"ʻEwa","acres":0},"geometry":{"type":"Polygon","coordinates":[[[-157.9472,21.3678],[-157.9472,21.3677],[-157.9471,21.3678],[-157.9472,21.3678]]]}},{"type":"Feature","properties":{"id":216,"ahupuaa":"N/A","moku":"ʻEwa","acres":0},"geometry":{"type":"Polygon","coordinates":[[[-157.9495,21.3677],[-157.9493,21.3675],[-157.9493,21.3677],[-157.9495,21.3677]]]}},{"type":"Feature","properties":{"id":217,"ahupuaa":"N/A","moku":"ʻEwa","acres":4},"geometry":{"type":"Polygon","coordinates":[[[-158.014,21.3637],[-158.0134,21.3634],[-158.0132,21.3642],[-158.0119,21.3647],[-158.0133,21.3647],[-158.0141,21.3654],[-158.014,21.3637]]]}},{"type":"Feature","properties":{"id":218,"ahupuaa":"Waipiʻo","moku":"ʻEwa","acres":6},"geometry":{"type":"Polygon","coordinates":[[[-157.9938,21.362],[-157.9927,21.3599],[-157.991,21.3611],[-157.9912,21.3614],[-157.9923,21.361],[-157.9938,21.362]]]}},{"type":"Feature","properties":{"id":724,"ahupuaa":"Ulupehupehu","moku":"Koʻolauloa","acres":321},"geometry":{"type":"Polygon","coordinates":[[[-157.9832,21.7121],[-157.9835,21.7126],[-157.9846,21.7128],[-157.9843,21.7095],[-157.9886,21.7058],[-157.9869,21.7009],[-157.9855,21.6834],[-157.9803,21.6963],[-157.9837,21.711],[-157.9837,21.7119],[-157.9832,21.7121]]]}},{"type":"Feature","properties":{"id":725,"ahupuaa":"Waimānalo","moku":"Koʻolaupoko","acres":0},"geometry":{"type":"Polygon","coordinates":[[[-157.7175,21.3791],[-157.7197,21.3808],[-157.72,21.3755],[-157.7191,21.3753],[-157.719,21.3748],[-157.7206,21.3728],[-157.7199,21.3711],[-157.7204,21.3686],[-157.7227,21.3685],[-157.725,21.3677],[-157.7271,21.3679],[-157.7284,21.3691],[-157.7294,21.3692],[-157.7302,21.3687],[-157.7314,21.3667],[-157.7314,21.3653],[-157.7323,21.3644],[-157.7312,21.3631],[-157.7329,21.3621],[-157.7328,21.3605],[-157.7356,21.3574],[-157.7354,21.3553],[-157.7383,21.3556],[-157.7401,21.3547],[-157.7414,21.355],[-157.7433,21.3542],[-157.7448,21.3548],[-157.748,21.3544],[-157.7488,21.351],[-157.7485,21.3487],[-157.7508,21.3452],[-157.7517,21.3419],[-157.7539,21.3409],[-157.7555,21.339],[-157.7564,21.3353],[-157.7583,21.3336],[-157.759,21.3319],[-157.7575,21.3309],[-157.7554,21.3304],[-157.7529,21.3279],[-157.7493,21.3273],[-157.7477,21.3258],[-157.7417,21.3242],[-157.7371,21.3232],[-157.7348,21.3236],[-157.7334,21.3228],[-157.7307,21.3226],[-157.7287,21.3229],[-157.7256,21.3243],[-157.7216,21.3184],[-157.717,21.3168],[-157.7143,21.3167],[-157.7126,21.3174],[-157.7107,21.3171],[-157.7093,21.3183],[-157.7072,21.3175],[-157.7068,21.3166],[-157.705,21.3166],[-157.7022,21.3171],[-157.7,21.3183],[-157.6986,21.3181],[-157.6945,21.3206],[-157.6901,21.3202],[-157.6879,21.3207],[-157.6862,21.3219],[-157.6814,21.3202],[-157.6785,21.32],[-157.6769,21.3194],[-157.6762,21.3184],[-157.6714,21.3162],[-157.6681,21.3127],[-157.6662,21.3122],[-157.6635,21.3096],[-157.6621,21.31],[-157.6602,21.3085],[-157.6588,21.3094],[-157.6545,21.3096],[-157.6518,21.3089],[-157.6502,21.3095],[-157.6494,21.3111],[-157.651,21.31],[-157.6516,21.3107],[-157.653,21.3109],[-157.6574,21.31],[-157.6593,21.3102],[-157.6605,21.3116],[-157.6604,21.314],[-157.6617,21.3151],[-157.6616,21.3156],[-157.6621,21.3155],[-157.6641,21.3169],[-157.6657,21.3161],[-157.6676,21.3165],[-157.6709,21.3193],[-157.6721,21.3209],[-157.6741,21.3222],[-157.6766,21.3232],[-157.6776,21.3243],[-157.6796,21.3253],[-157.6842,21.3264],[-157.6883,21.3283],[-157.6916,21.3304],[-157.6936,21.3324],[-157.6995,21.3418],[-157.7049,21.3488],[-157.7054,21.3502],[-157.7051,21.3505],[-157.7067,21.3526],[-157.708,21.3567],[-157.7087,21.3568],[-157.7082,21.3575],[-157.7092,21.3603],[-157.7097,21.3663],[-157.7059,21.3765],[-157.706,21.3803],[-157.7088,21.3794],[-157.7109,21.3797],[-157.7134,21.3788],[-157.7175,21.3791]]]}},{"type":"Feature","properties":{"id":726,"ahupuaa":"Maunalua","moku":"Kona","acres":0},"geometry":{"type":"Polygon","coordinates":[[[-157.723,21.3201],[-157.7236,21.3186],[-157.7237,21.3148],[-157.7222,21.3131],[-157.7203,21.3081],[-157.7203,21.3069],[-157.7197,21.3062],[-157.7198,21.305],[-157.7203,21.3045],[-157.7195,21.3021],[-157.7201,21.299],[-157.72,21.2855],[-157.7206,21.2847],[-157.7181,21.2846],[-157.7145,21.2828],[-157.7115,21.282],[-157.7104,21.2811],[-157.7102,21.2805],[-157.7108,21.2808],[-157.7088,21.2764],[-157.7086,21.2699],[-157.7118,21.2633],[-157.7114,21.2626],[-157.7117,21.2619],[-157.7113,21.261],[-157.7097,21.2597],[-157.7083,21.2593],[-157.7007,21.2599],[-157.692,21.2635],[-157.692,21.2653],[-157.6943,21.2662],[-157.6952,21.2674],[-157.6948,21.2683],[-157.6961,21.268],[-157.696,21.2702],[-157.6954,21.2715],[-157.6933,21.2721],[-157.6918,21.2708],[-157.6911,21.2693],[-157.6905,21.2697],[-157.6903,21.2689],[-157.6893,21.2687],[-157.6868,21.2732],[-157.6871,21.2743],[-157.6863,21.2747],[-157.6863,21.2759],[-157.6846,21.2756],[-157.6847,21.2769],[-157.684,21.2766],[-157.684,21.277],[-157.6818,21.278],[-157.6818,21.2788],[-157.6812,21.2786],[-157.6812,21.2791],[-157.6804,21.2789],[-157.6781,21.2805],[-157.6775,21.2803],[-157.6769,21.2815],[-157.6774,21.2817],[-157.6762,21.2823],[-157.6761,21.2832],[-157.6741,21.2852],[-157.6695,21.2861],[-157.6681,21.288],[-157.6668,21.2882],[-157.6646,21.2903],[-157.6613,21.2916],[-157.6601,21.2928],[-157.6586,21.2925],[-157.6577,21.2932],[-157.6592,21.2941],[-157.6613,21.2937],[-157.6613,21.2942],[-157.661,21.2946],[-157.6585,21.2947],[-157.6592,21.2942],[-157.6577,21.294],[-157.6575,21.2948],[-157.6583,21.2952],[-157.658,21.2958],[-157.6564,21.2959],[-157.6548,21.2976],[-157.6539,21.2966],[-157.6541,21.2977],[-157.6532,21.2976],[-157.6509,21.2989],[-157.6498,21.3035],[-157.6489,21.304],[-157.6492,21.3053],[-157.6488,21.3076],[-157.6492,21.3081],[-157.6486,21.3096],[-157.6491,21.3105],[-157.6489,21.311],[-157.6494,21.3111],[-157.6502,21.3095],[-157.6518,21.3089],[-157.6549,21.3096],[-157.6588,21.3094],[-157.6602,21.3085],[-157.6621,21.31],[-157.6635,21.3096],[-157.6662,21.3122],[-157.6681,21.3127],[-157.6714,21.3162],[-157.6762,21.3184],[-157.6769,21.3194],[-157.6785,21.32],[-157.6814,21.3202],[-157.6857,21.3218],[-157.6866,21.3219],[-157.6879,21.3207],[-157.6901,21.3202],[-157.6945,21.3206],[-157.6986,21.3181],[-157.7,21.3183],[-157.7022,21.3171],[-157.7064,21.3165],[-157.7075,21.3177],[-157.7093,21.3183],[-157.7107,21.3171],[-157.7126,21.3174],[-157.7143,21.3167],[-157.717,21.3168],[-157.7216,21.3184],[-157.723,21.3201]]]}},{"type":"Feature","properties":{"id":727,"ahupuaa":"Kuliʻouʻou","moku":"Kona","acres":0},"geometry":{"type":"Polygon","coordinates":[[[-157.7251,21.3237],[-157.7262,21.3243],[-157.727,21.3235],[-157.7308,21.3223],[-157.73,21.3201],[-157.7312,21.3178],[-157.7307,21.3152],[-157.7315,21.3127],[-157.731,21.3069],[-157.7314,21.3047],[-157.7309,21.3031],[-157.7306,21.298],[-157.7295,21.2954],[-157.7302,21.2928],[-157.7302,21.2902],[-157.7313,21.2863],[-157.7308,21.2823],[-157.7282,21.2835],[-157.7228,21.2847],[-157.7221,21.2854],[-157.7225,21.2845],[-157.7206,21.2847],[-157.72,21.2855],[-157.7201,21.299],[-157.7195,21.3021],[-157.7203,21.3045],[-157.7198,21.305],[-157.7197,21.3062],[-157.7203,21.3069],[-157.7203,21.3081],[-157.7222,21.3131],[-157.7237,21.3148],[-157.7236,21.3186],[-157.723,21.3201],[-157.7251,21.3237]]]}}]}